solid OpenSCAD_Model
  facet normal 1 0 0
    outer loop
      vertex 71.125 42.9 12
      vertex 71.125 21.45 0
      vertex 71.125 42.9 0
    endloop
  endfacet
  facet normal 1 -0 0
    outer loop
      vertex 71.125 0 12
      vertex 71.125 21.45 0
      vertex 71.125 42.9 12
    endloop
  endfacet
  facet normal 1 0 0
    outer loop
      vertex 71.125 21.45 0
      vertex 71.125 0 12
      vertex 71.125 0 0
    endloop
  endfacet
  facet normal 0 0 1
    outer loop
      vertex 6.98555 4.29405 12
      vertex 5.59229 4.15683 12
      vertex 5.6 4 12
    endloop
  endfacet
  facet normal 0 0 1
    outer loop
      vertex 5.90318 6.31903 12
      vertex 5.56926 4.31214 12
      vertex 5.59229 4.15683 12
    endloop
  endfacet
  facet normal 0 0 1
    outer loop
      vertex 5.90318 6.31903 12
      vertex 5.5311 4.46445 12
      vertex 5.56926 4.31214 12
    endloop
  endfacet
  facet normal 0 0 1
    outer loop
      vertex 5.90318 6.31903 12
      vertex 5.47821 4.61229 12
      vertex 5.5311 4.46445 12
    endloop
  endfacet
  facet normal 0 0 1
    outer loop
      vertex 4.88891 5.33035 12
      vertex 5.66671 6.49441 12
      vertex 5.41419 6.64576 12
    endloop
  endfacet
  facet normal 0 0 1
    outer loop
      vertex 5.90318 6.31903 12
      vertex 5.41107 4.75423 12
      vertex 5.47821 4.61229 12
    endloop
  endfacet
  facet normal 0 0 1
    outer loop
      vertex 5.90318 6.31903 12
      vertex 5.33035 4.88891 12
      vertex 5.41107 4.75423 12
    endloop
  endfacet
  facet normal 0 0 1
    outer loop
      vertex 5.90318 6.31903 12
      vertex 5.23682 5.01503 12
      vertex 5.33035 4.88891 12
    endloop
  endfacet
  facet normal 0 0 1
    outer loop
      vertex 4.75423 5.41107 12
      vertex 5.41419 6.64576 12
      vertex 5.14805 6.77164 12
    endloop
  endfacet
  facet normal 0 0 1
    outer loop
      vertex 5.90318 6.31903 12
      vertex 5.13137 5.13137 12
      vertex 5.23682 5.01503 12
    endloop
  endfacet
  facet normal 0 0 1
    outer loop
      vertex 5.90318 6.31903 12
      vertex 5.01503 5.23682 12
      vertex 5.13137 5.13137 12
    endloop
  endfacet
  facet normal 0 0 1
    outer loop
      vertex 5.66671 6.49441 12
      vertex 4.88891 5.33035 12
      vertex 5.01503 5.23682 12
    endloop
  endfacet
  facet normal 0 0 1
    outer loop
      vertex 4.61229 5.47821 12
      vertex 5.14805 6.77164 12
      vertex 4.87085 6.87082 12
    endloop
  endfacet
  facet normal 0 0 1
    outer loop
      vertex 5.41419 6.64576 12
      vertex 4.75423 5.41107 12
      vertex 4.88891 5.33035 12
    endloop
  endfacet
  facet normal 0 0 1
    outer loop
      vertex 5.14805 6.77164 12
      vertex 4.61229 5.47821 12
      vertex 4.75423 5.41107 12
    endloop
  endfacet
  facet normal 0 0 1
    outer loop
      vertex 4.46445 5.5311 12
      vertex 4.87085 6.87082 12
      vertex 4.58527 6.94236 12
    endloop
  endfacet
  facet normal 0 0 1
    outer loop
      vertex 4.87085 6.87082 12
      vertex 4.46445 5.5311 12
      vertex 4.61229 5.47821 12
    endloop
  endfacet
  facet normal 0 0 1
    outer loop
      vertex 4.58527 6.94236 12
      vertex 4.31214 5.56926 12
      vertex 4.46445 5.5311 12
    endloop
  endfacet
  facet normal 0 0 1
    outer loop
      vertex 4.29405 6.98555 12
      vertex 4.31214 5.56926 12
      vertex 4.58527 6.94236 12
    endloop
  endfacet
  facet normal 0 0 1
    outer loop
      vertex 4.29405 6.98555 12
      vertex 4.15683 5.59229 12
      vertex 4.31214 5.56926 12
    endloop
  endfacet
  facet normal 0 0 1
    outer loop
      vertex 4 7 12
      vertex 4.15683 5.59229 12
      vertex 4.29405 6.98555 12
    endloop
  endfacet
  facet normal 0 0 1
    outer loop
      vertex 4 7 12
      vertex 4 5.6 12
      vertex 4.15683 5.59229 12
    endloop
  endfacet
  facet normal 0 0 1
    outer loop
      vertex 4 7 12
      vertex 3.84317 5.59229 12
      vertex 4 5.6 12
    endloop
  endfacet
  facet normal -0 0 1
    outer loop
      vertex 3.70595 6.98555 12
      vertex 3.84317 5.59229 12
      vertex 4 7 12
    endloop
  endfacet
  facet normal 0 0 1
    outer loop
      vertex 3.70595 6.98555 12
      vertex 3.68785 5.56926 12
      vertex 3.84317 5.59229 12
    endloop
  endfacet
  facet normal -0 0 1
    outer loop
      vertex 3.41473 6.94236 12
      vertex 3.68785 5.56926 12
      vertex 3.70595 6.98555 12
    endloop
  endfacet
  facet normal 0 0 1
    outer loop
      vertex 3.68785 5.56926 12
      vertex 3.41473 6.94236 12
      vertex 3.53554 5.5311 12
    endloop
  endfacet
  facet normal -0 0 1
    outer loop
      vertex 3.12915 6.87082 12
      vertex 3.53554 5.5311 12
      vertex 3.41473 6.94236 12
    endloop
  endfacet
  facet normal 0 0 1
    outer loop
      vertex 3.53554 5.5311 12
      vertex 3.12915 6.87082 12
      vertex 3.38771 5.47821 12
    endloop
  endfacet
  facet normal -0 0 1
    outer loop
      vertex 2.85195 6.77164 12
      vertex 3.38771 5.47821 12
      vertex 3.12915 6.87082 12
    endloop
  endfacet
  facet normal 0 0 1
    outer loop
      vertex 3.38771 5.47821 12
      vertex 2.85195 6.77164 12
      vertex 3.24576 5.41107 12
    endloop
  endfacet
  facet normal -0 0 1
    outer loop
      vertex 2.58581 6.64576 12
      vertex 3.24576 5.41107 12
      vertex 2.85195 6.77164 12
    endloop
  endfacet
  facet normal -0 0 1
    outer loop
      vertex 2.4 6.53439 12
      vertex 3.24576 5.41107 12
      vertex 2.58581 6.64576 12
    endloop
  endfacet
  facet normal 0 0 1
    outer loop
      vertex 3.24576 5.41107 12
      vertex 2.4 6.53439 12
      vertex 3.11109 5.33035 12
    endloop
  endfacet
  facet normal 0 0 1
    outer loop
      vertex 3.11109 5.33035 12
      vertex 2.4 6.53439 12
      vertex 2.98497 5.23682 12
    endloop
  endfacet
  facet normal 0 0 1
    outer loop
      vertex 2.98497 5.23682 12
      vertex 2.4 6.53439 12
      vertex 2.86863 5.13137 12
    endloop
  endfacet
  facet normal 0 0 1
    outer loop
      vertex 2.86863 5.13137 12
      vertex 2.4 6.53439 12
      vertex 2.76318 5.01503 12
    endloop
  endfacet
  facet normal 0 0 1
    outer loop
      vertex 2.76318 5.01503 12
      vertex 2.4 6.53439 12
      vertex 2.66965 4.88891 12
    endloop
  endfacet
  facet normal 0 0 1
    outer loop
      vertex 2.66965 4.88891 12
      vertex 2.4 6.53439 12
      vertex 2.58893 4.75423 12
    endloop
  endfacet
  facet normal 0 0 1
    outer loop
      vertex 2.58893 4.75423 12
      vertex 2.4 6.53439 12
      vertex 2.52179 4.61229 12
    endloop
  endfacet
  facet normal 0 0 1
    outer loop
      vertex 2.52179 4.61229 12
      vertex 2.4 6.53439 12
      vertex 2.46889 4.46445 12
    endloop
  endfacet
  facet normal 0 0 1
    outer loop
      vertex 2.46889 4.46445 12
      vertex 2.4 6.53439 12
      vertex 2.43074 4.31214 12
    endloop
  endfacet
  facet normal 0 0 1
    outer loop
      vertex 0 0 12
      vertex 2.43074 4.31214 12
      vertex 2.4 6.53439 12
    endloop
  endfacet
  facet normal 0 0 1
    outer loop
      vertex 2.43074 4.31214 12
      vertex 0 0 12
      vertex 2.4077 4.15683 12
    endloop
  endfacet
  facet normal 0 0 1
    outer loop
      vertex 6.64576 37.4858 12
      vertex 5.41107 38.1458 12
      vertex 6.49441 37.2333 12
    endloop
  endfacet
  facet normal -0 0 1
    outer loop
      vertex 5.33035 38.0111 12
      vertex 6.49441 37.2333 12
      vertex 5.41107 38.1458 12
    endloop
  endfacet
  facet normal 0 0 1
    outer loop
      vertex 6.49441 37.2333 12
      vertex 5.33035 38.0111 12
      vertex 6.31903 36.9968 12
    endloop
  endfacet
  facet normal -0 0 1
    outer loop
      vertex 5.23682 37.885 12
      vertex 6.31903 36.9968 12
      vertex 5.33035 38.0111 12
    endloop
  endfacet
  facet normal 0 0 1
    outer loop
      vertex 6.31903 36.9968 12
      vertex 5.23682 37.885 12
      vertex 6.12132 36.7787 12
    endloop
  endfacet
  facet normal -0 0 1
    outer loop
      vertex 5.13137 37.7686 12
      vertex 6.12132 36.7787 12
      vertex 5.23682 37.885 12
    endloop
  endfacet
  facet normal 0 0 1
    outer loop
      vertex 6.12132 36.7787 12
      vertex 5.13137 37.7686 12
      vertex 5.90318 36.581 12
    endloop
  endfacet
  facet normal -0 0 1
    outer loop
      vertex 5.01503 37.6632 12
      vertex 5.90318 36.581 12
      vertex 5.13137 37.7686 12
    endloop
  endfacet
  facet normal 0 0 1
    outer loop
      vertex 5.90318 36.581 12
      vertex 5.01503 37.6632 12
      vertex 5.66671 36.4056 12
    endloop
  endfacet
  facet normal -0 0 1
    outer loop
      vertex 4.88891 37.5696 12
      vertex 5.66671 36.4056 12
      vertex 5.01503 37.6632 12
    endloop
  endfacet
  facet normal 0 0 1
    outer loop
      vertex 5.66671 36.4056 12
      vertex 4.88891 37.5696 12
      vertex 5.41419 36.2542 12
    endloop
  endfacet
  facet normal -0 0 1
    outer loop
      vertex 4.75423 37.4889 12
      vertex 5.41419 36.2542 12
      vertex 4.88891 37.5696 12
    endloop
  endfacet
  facet normal 0 0 1
    outer loop
      vertex 5.41419 36.2542 12
      vertex 4.75423 37.4889 12
      vertex 5.14805 36.1284 12
    endloop
  endfacet
  facet normal -0 0 1
    outer loop
      vertex 4.61229 37.4218 12
      vertex 5.14805 36.1284 12
      vertex 4.75423 37.4889 12
    endloop
  endfacet
  facet normal 0 0 1
    outer loop
      vertex 5.14805 36.1284 12
      vertex 4.61229 37.4218 12
      vertex 4.87085 36.0292 12
    endloop
  endfacet
  facet normal -0 0 1
    outer loop
      vertex 4.46445 37.3689 12
      vertex 4.87085 36.0292 12
      vertex 4.61229 37.4218 12
    endloop
  endfacet
  facet normal 0 0 1
    outer loop
      vertex 4.87085 36.0292 12
      vertex 4.46445 37.3689 12
      vertex 4.58527 35.9576 12
    endloop
  endfacet
  facet normal -0 0 1
    outer loop
      vertex 4.31214 37.3307 12
      vertex 4.58527 35.9576 12
      vertex 4.46445 37.3689 12
    endloop
  endfacet
  facet normal 0 0 1
    outer loop
      vertex 4.31214 37.3307 12
      vertex 4.29405 35.9144 12
      vertex 4.58527 35.9576 12
    endloop
  endfacet
  facet normal -0 0 1
    outer loop
      vertex 4.15683 37.3077 12
      vertex 4.29405 35.9144 12
      vertex 4.31214 37.3307 12
    endloop
  endfacet
  facet normal -0 0 1
    outer loop
      vertex 4 37.3 12
      vertex 4.29405 35.9144 12
      vertex 4.15683 37.3077 12
    endloop
  endfacet
  facet normal 0 0 1
    outer loop
      vertex 4 37.3 12
      vertex 4 35.9 12
      vertex 4.29405 35.9144 12
    endloop
  endfacet
  facet normal 0 0 1
    outer loop
      vertex 3.84317 37.3077 12
      vertex 4 35.9 12
      vertex 4 37.3 12
    endloop
  endfacet
  facet normal 0 0 1
    outer loop
      vertex 3.84317 37.3077 12
      vertex 3.70595 35.9144 12
      vertex 4 35.9 12
    endloop
  endfacet
  facet normal 0 0 1
    outer loop
      vertex 3.68785 37.3307 12
      vertex 3.70595 35.9144 12
      vertex 3.84317 37.3077 12
    endloop
  endfacet
  facet normal 0 0 1
    outer loop
      vertex 3.41473 35.9576 12
      vertex 3.68785 37.3307 12
      vertex 3.53554 37.3689 12
    endloop
  endfacet
  facet normal 0 0 1
    outer loop
      vertex 3.68785 37.3307 12
      vertex 3.41473 35.9576 12
      vertex 3.70595 35.9144 12
    endloop
  endfacet
  facet normal 0 0 1
    outer loop
      vertex 3.12915 36.0292 12
      vertex 3.53554 37.3689 12
      vertex 3.38771 37.4218 12
    endloop
  endfacet
  facet normal 0 0 1
    outer loop
      vertex 2.85195 36.1284 12
      vertex 3.38771 37.4218 12
      vertex 3.24576 37.4889 12
    endloop
  endfacet
  facet normal 0 0 1
    outer loop
      vertex 3.53554 37.3689 12
      vertex 3.12915 36.0292 12
      vertex 3.41473 35.9576 12
    endloop
  endfacet
  facet normal 0 0 1
    outer loop
      vertex 2.4 36.3656 12
      vertex 3.24576 37.4889 12
      vertex 3.11109 37.5696 12
    endloop
  endfacet
  facet normal 0 0 1
    outer loop
      vertex 2.4 36.3656 12
      vertex 3.11109 37.5696 12
      vertex 2.98497 37.6632 12
    endloop
  endfacet
  facet normal 0 0 1
    outer loop
      vertex 2.4 36.3656 12
      vertex 2.98497 37.6632 12
      vertex 2.86863 37.7686 12
    endloop
  endfacet
  facet normal 0 0 1
    outer loop
      vertex 3.38771 37.4218 12
      vertex 2.85195 36.1284 12
      vertex 3.12915 36.0292 12
    endloop
  endfacet
  facet normal 0 0 1
    outer loop
      vertex 2.4 36.3656 12
      vertex 2.86863 37.7686 12
      vertex 2.76318 37.885 12
    endloop
  endfacet
  facet normal 0 0 1
    outer loop
      vertex 2.4 36.3656 12
      vertex 2.76318 37.885 12
      vertex 2.66965 38.0111 12
    endloop
  endfacet
  facet normal 0 0 1
    outer loop
      vertex 2.4 36.3656 12
      vertex 2.66965 38.0111 12
      vertex 2.58893 38.1458 12
    endloop
  endfacet
  facet normal 0 0 1
    outer loop
      vertex 3.24576 37.4889 12
      vertex 2.58581 36.2542 12
      vertex 2.85195 36.1284 12
    endloop
  endfacet
  facet normal 0 0 1
    outer loop
      vertex 2.4 36.3656 12
      vertex 2.58893 38.1458 12
      vertex 2.52179 38.2877 12
    endloop
  endfacet
  facet normal 0 0 1
    outer loop
      vertex 2.4 36.3656 12
      vertex 2.52179 38.2877 12
      vertex 2.46889 38.4355 12
    endloop
  endfacet
  facet normal 0 0 1
    outer loop
      vertex 2.4 36.3656 12
      vertex 2.46889 38.4355 12
      vertex 2.43074 38.5879 12
    endloop
  endfacet
  facet normal 0 0 1
    outer loop
      vertex 0 42.9 12
      vertex 2.43074 38.5879 12
      vertex 2.4077 38.7432 12
    endloop
  endfacet
  facet normal 0 0 1
    outer loop
      vertex 3.24576 37.4889 12
      vertex 2.4 36.3656 12
      vertex 2.58581 36.2542 12
    endloop
  endfacet
  facet normal 0 0 1
    outer loop
      vertex 0 42.9 12
      vertex 2.4077 38.7432 12
      vertex 2.4 38.9 12
    endloop
  endfacet
  facet normal 0 0 1
    outer loop
      vertex 5.6 4 12
      vertex 7 4 12
      vertex 6.98555 4.29405 12
    endloop
  endfacet
  facet normal 0 0 1
    outer loop
      vertex 5.59229 4.15683 12
      vertex 6.98555 4.29405 12
      vertex 6.94236 4.58527 12
    endloop
  endfacet
  facet normal 0 0 1
    outer loop
      vertex 7 4 12
      vertex 5.6 4 12
      vertex 6.98555 3.70595 12
    endloop
  endfacet
  facet normal 0 0 1
    outer loop
      vertex 5.59229 4.15683 12
      vertex 6.94236 4.58527 12
      vertex 6.87082 4.87085 12
    endloop
  endfacet
  facet normal -0 0 1
    outer loop
      vertex 5.59229 3.84317 12
      vertex 6.98555 3.70595 12
      vertex 5.6 4 12
    endloop
  endfacet
  facet normal 0 0 1
    outer loop
      vertex 5.59229 4.15683 12
      vertex 6.87082 4.87085 12
      vertex 6.77164 5.14805 12
    endloop
  endfacet
  facet normal 0 0 1
    outer loop
      vertex 6.98555 3.70595 12
      vertex 5.59229 3.84317 12
      vertex 6.94236 3.41473 12
    endloop
  endfacet
  facet normal 0 0 1
    outer loop
      vertex 5.59229 4.15683 12
      vertex 6.77164 5.14805 12
      vertex 6.64576 5.41419 12
    endloop
  endfacet
  facet normal -0 0 1
    outer loop
      vertex 5.56926 3.68785 12
      vertex 6.94236 3.41473 12
      vertex 5.59229 3.84317 12
    endloop
  endfacet
  facet normal 0 0 1
    outer loop
      vertex 6.94236 3.41473 12
      vertex 5.56926 3.68785 12
      vertex 6.87082 3.12915 12
    endloop
  endfacet
  facet normal 0 0 1
    outer loop
      vertex 5.59229 4.15683 12
      vertex 6.64576 5.41419 12
      vertex 6.49441 5.66671 12
    endloop
  endfacet
  facet normal -0 0 1
    outer loop
      vertex 64.1826 4.58527 12
      vertex 65.5557 4.31214 12
      vertex 64.2542 4.87085 12
    endloop
  endfacet
  facet normal 0 0 1
    outer loop
      vertex 65.5557 4.31214 12
      vertex 64.1826 4.58527 12
      vertex 65.5327 4.15683 12
    endloop
  endfacet
  facet normal 0 -0 1
    outer loop
      vertex 64.4792 2.58581 12
      vertex 65.525 4 12
      vertex 64.3534 2.85195 12
    endloop
  endfacet
  facet normal 0 0 1
    outer loop
      vertex 65.525 4 12
      vertex 64.4792 2.58581 12
      vertex 64.5906 2.4 12
    endloop
  endfacet
  facet normal -0 0 1
    outer loop
      vertex 64.1394 4.29405 12
      vertex 65.5327 4.15683 12
      vertex 64.1826 4.58527 12
    endloop
  endfacet
  facet normal 0 0 1
    outer loop
      vertex 65.525 4 12
      vertex 64.2542 3.12915 12
      vertex 64.3534 2.85195 12
    endloop
  endfacet
  facet normal 0 0 1
    outer loop
      vertex 65.5327 4.15683 12
      vertex 64.1394 4.29405 12
      vertex 65.525 4 12
    endloop
  endfacet
  facet normal 0 0 1
    outer loop
      vertex 65.525 4 12
      vertex 64.1826 3.41473 12
      vertex 64.2542 3.12915 12
    endloop
  endfacet
  facet normal 0 0 1
    outer loop
      vertex 64.125 4 12
      vertex 65.525 4 12
      vertex 64.1394 4.29405 12
    endloop
  endfacet
  facet normal 0 0 1
    outer loop
      vertex 65.525 4 12
      vertex 64.1394 3.70595 12
      vertex 64.1826 3.41473 12
    endloop
  endfacet
  facet normal 0 0 1
    outer loop
      vertex 65.525 4 12
      vertex 64.125 4 12
      vertex 64.1394 3.70595 12
    endloop
  endfacet
  facet normal -0 0 1
    outer loop
      vertex 64.1826 39.4853 12
      vertex 65.5557 39.2121 12
      vertex 64.2542 39.7709 12
    endloop
  endfacet
  facet normal 0 0 1
    outer loop
      vertex 65.525 38.9 12
      vertex 64.4792 37.4858 12
      vertex 64.6306 37.2333 12
    endloop
  endfacet
  facet normal 0 0 1
    outer loop
      vertex 65.5557 39.2121 12
      vertex 64.1826 39.4853 12
      vertex 65.5327 39.0568 12
    endloop
  endfacet
  facet normal 0 0 1
    outer loop
      vertex 65.525 38.9 12
      vertex 64.3534 37.7519 12
      vertex 64.4792 37.4858 12
    endloop
  endfacet
  facet normal -0 0 1
    outer loop
      vertex 64.1394 39.194 12
      vertex 65.5327 39.0568 12
      vertex 64.1826 39.4853 12
    endloop
  endfacet
  facet normal 0 0 1
    outer loop
      vertex 65.525 38.9 12
      vertex 64.2542 38.0291 12
      vertex 64.3534 37.7519 12
    endloop
  endfacet
  facet normal 0 0 1
    outer loop
      vertex 65.5327 39.0568 12
      vertex 64.1394 39.194 12
      vertex 65.525 38.9 12
    endloop
  endfacet
  facet normal 0 0 1
    outer loop
      vertex 65.525 38.9 12
      vertex 64.1826 38.3147 12
      vertex 64.2542 38.0291 12
    endloop
  endfacet
  facet normal 0 0 1
    outer loop
      vertex 64.125 38.9 12
      vertex 65.525 38.9 12
      vertex 64.1394 39.194 12
    endloop
  endfacet
  facet normal 0 0 1
    outer loop
      vertex 65.525 38.9 12
      vertex 64.1394 38.6059 12
      vertex 64.1826 38.3147 12
    endloop
  endfacet
  facet normal 0 0 1
    outer loop
      vertex 65.525 38.9 12
      vertex 64.125 38.9 12
      vertex 64.1394 38.6059 12
    endloop
  endfacet
  facet normal 0 0 1
    outer loop
      vertex 5.6 38.9 12
      vertex 7 38.9 12
      vertex 6.98555 39.194 12
    endloop
  endfacet
  facet normal 0 0 1
    outer loop
      vertex 5.59229 39.0568 12
      vertex 6.98555 39.194 12
      vertex 6.94236 39.4853 12
    endloop
  endfacet
  facet normal 0 0 1
    outer loop
      vertex 7 38.9 12
      vertex 5.6 38.9 12
      vertex 6.98555 38.6059 12
    endloop
  endfacet
  facet normal 0 0 1
    outer loop
      vertex 5.56926 39.2121 12
      vertex 6.94236 39.4853 12
      vertex 6.87082 39.7709 12
    endloop
  endfacet
  facet normal -0 0 1
    outer loop
      vertex 5.59229 38.7432 12
      vertex 6.98555 38.6059 12
      vertex 5.6 38.9 12
    endloop
  endfacet
  facet normal 0 0 1
    outer loop
      vertex 5.5311 39.3645 12
      vertex 6.87082 39.7709 12
      vertex 6.77164 40.048 12
    endloop
  endfacet
  facet normal 0 0 1
    outer loop
      vertex 6.98555 38.6059 12
      vertex 5.59229 38.7432 12
      vertex 6.94236 38.3147 12
    endloop
  endfacet
  facet normal 0 0 1
    outer loop
      vertex 5.47821 39.5123 12
      vertex 6.77164 40.048 12
      vertex 6.64576 40.3142 12
    endloop
  endfacet
  facet normal -0 0 1
    outer loop
      vertex 5.56926 38.5879 12
      vertex 6.94236 38.3147 12
      vertex 5.59229 38.7432 12
    endloop
  endfacet
  facet normal 0 0 1
    outer loop
      vertex 5.41107 39.6542 12
      vertex 6.64576 40.3142 12
      vertex 6.53439 40.5 12
    endloop
  endfacet
  facet normal 0 0 1
    outer loop
      vertex 6.94236 38.3147 12
      vertex 5.56926 38.5879 12
      vertex 6.87082 38.0291 12
    endloop
  endfacet
  facet normal 0 0 1
    outer loop
      vertex 71.125 0 12
      vertex 68.7173 4.15683 12
      vertex 68.725 4 12
    endloop
  endfacet
  facet normal 0 0 1
    outer loop
      vertex 71.125 0 12
      vertex 68.6943 4.31214 12
      vertex 68.7173 4.15683 12
    endloop
  endfacet
  facet normal 0 0 1
    outer loop
      vertex 68.725 6.53439 12
      vertex 68.6561 4.46445 12
      vertex 68.6943 4.31214 12
    endloop
  endfacet
  facet normal 0 0 1
    outer loop
      vertex 68.725 6.53439 12
      vertex 68.6032 4.61229 12
      vertex 68.6561 4.46445 12
    endloop
  endfacet
  facet normal 0 0 1
    outer loop
      vertex 67.8792 5.41107 12
      vertex 68.725 6.53439 12
      vertex 68.5392 6.64576 12
    endloop
  endfacet
  facet normal 0 0 1
    outer loop
      vertex 68.725 6.53439 12
      vertex 68.5361 4.75423 12
      vertex 68.6032 4.61229 12
    endloop
  endfacet
  facet normal 0 0 1
    outer loop
      vertex 68.725 6.53439 12
      vertex 68.4554 4.88891 12
      vertex 68.5361 4.75423 12
    endloop
  endfacet
  facet normal 0 0 1
    outer loop
      vertex 68.725 6.53439 12
      vertex 68.3618 5.01503 12
      vertex 68.4554 4.88891 12
    endloop
  endfacet
  facet normal 0 0 1
    outer loop
      vertex 67.8792 5.41107 12
      vertex 68.5392 6.64576 12
      vertex 68.273 6.77164 12
    endloop
  endfacet
  facet normal 0 0 1
    outer loop
      vertex 68.725 6.53439 12
      vertex 68.2564 5.13137 12
      vertex 68.3618 5.01503 12
    endloop
  endfacet
  facet normal 0 0 1
    outer loop
      vertex 68.725 6.53439 12
      vertex 68.14 5.23682 12
      vertex 68.2564 5.13137 12
    endloop
  endfacet
  facet normal 0 0 1
    outer loop
      vertex 68.725 6.53439 12
      vertex 68.0139 5.33035 12
      vertex 68.14 5.23682 12
    endloop
  endfacet
  facet normal 0 0 1
    outer loop
      vertex 67.7373 5.47821 12
      vertex 68.273 6.77164 12
      vertex 67.9958 6.87082 12
    endloop
  endfacet
  facet normal 0 0 1
    outer loop
      vertex 68.725 6.53439 12
      vertex 67.8792 5.41107 12
      vertex 68.0139 5.33035 12
    endloop
  endfacet
  facet normal 0 0 1
    outer loop
      vertex 68.273 6.77164 12
      vertex 67.7373 5.47821 12
      vertex 67.8792 5.41107 12
    endloop
  endfacet
  facet normal 0 0 1
    outer loop
      vertex 67.5895 5.5311 12
      vertex 67.9958 6.87082 12
      vertex 67.7103 6.94236 12
    endloop
  endfacet
  facet normal 0 0 1
    outer loop
      vertex 67.9958 6.87082 12
      vertex 67.5895 5.5311 12
      vertex 67.7373 5.47821 12
    endloop
  endfacet
  facet normal 0 0 1
    outer loop
      vertex 67.7103 6.94236 12
      vertex 67.4371 5.56926 12
      vertex 67.5895 5.5311 12
    endloop
  endfacet
  facet normal 0 0 1
    outer loop
      vertex 67.4191 6.98555 12
      vertex 67.4371 5.56926 12
      vertex 67.7103 6.94236 12
    endloop
  endfacet
  facet normal 0 0 1
    outer loop
      vertex 67.4191 6.98555 12
      vertex 67.2818 5.59229 12
      vertex 67.4371 5.56926 12
    endloop
  endfacet
  facet normal 0 0 1
    outer loop
      vertex 67.125 7 12
      vertex 67.2818 5.59229 12
      vertex 67.4191 6.98555 12
    endloop
  endfacet
  facet normal 0 0 1
    outer loop
      vertex 67.125 7 12
      vertex 67.125 5.6 12
      vertex 67.2818 5.59229 12
    endloop
  endfacet
  facet normal 0 0 1
    outer loop
      vertex 67.125 7 12
      vertex 66.9682 5.59229 12
      vertex 67.125 5.6 12
    endloop
  endfacet
  facet normal -0 0 1
    outer loop
      vertex 66.8309 6.98555 12
      vertex 66.9682 5.59229 12
      vertex 67.125 7 12
    endloop
  endfacet
  facet normal 0 0 1
    outer loop
      vertex 66.8309 6.98555 12
      vertex 66.8129 5.56926 12
      vertex 66.9682 5.59229 12
    endloop
  endfacet
  facet normal -0 0 1
    outer loop
      vertex 66.5397 6.94236 12
      vertex 66.8129 5.56926 12
      vertex 66.8309 6.98555 12
    endloop
  endfacet
  facet normal 0 0 1
    outer loop
      vertex 66.8129 5.56926 12
      vertex 66.5397 6.94236 12
      vertex 66.6605 5.5311 12
    endloop
  endfacet
  facet normal -0 0 1
    outer loop
      vertex 66.2541 6.87082 12
      vertex 66.6605 5.5311 12
      vertex 66.5397 6.94236 12
    endloop
  endfacet
  facet normal 0 0 1
    outer loop
      vertex 66.6605 5.5311 12
      vertex 66.2541 6.87082 12
      vertex 66.5127 5.47821 12
    endloop
  endfacet
  facet normal -0 0 1
    outer loop
      vertex 65.977 6.77164 12
      vertex 66.5127 5.47821 12
      vertex 66.2541 6.87082 12
    endloop
  endfacet
  facet normal 0 0 1
    outer loop
      vertex 66.5127 5.47821 12
      vertex 65.977 6.77164 12
      vertex 66.3708 5.41107 12
    endloop
  endfacet
  facet normal -0 0 1
    outer loop
      vertex 65.7108 6.64576 12
      vertex 66.3708 5.41107 12
      vertex 65.977 6.77164 12
    endloop
  endfacet
  facet normal 0 0 1
    outer loop
      vertex 66.3708 5.41107 12
      vertex 65.7108 6.64576 12
      vertex 66.2361 5.33035 12
    endloop
  endfacet
  facet normal -0 0 1
    outer loop
      vertex 65.4583 6.49441 12
      vertex 66.2361 5.33035 12
      vertex 65.7108 6.64576 12
    endloop
  endfacet
  facet normal 0 0 1
    outer loop
      vertex 66.2361 5.33035 12
      vertex 65.4583 6.49441 12
      vertex 66.11 5.23682 12
    endloop
  endfacet
  facet normal -0 0 1
    outer loop
      vertex 65.2218 6.31903 12
      vertex 66.11 5.23682 12
      vertex 65.4583 6.49441 12
    endloop
  endfacet
  facet normal 0 0 1
    outer loop
      vertex 66.11 5.23682 12
      vertex 65.2218 6.31903 12
      vertex 65.9936 5.13137 12
    endloop
  endfacet
  facet normal -0 0 1
    outer loop
      vertex 65.0037 6.12132 12
      vertex 65.9936 5.13137 12
      vertex 65.2218 6.31903 12
    endloop
  endfacet
  facet normal 0 0 1
    outer loop
      vertex 65.9936 5.13137 12
      vertex 65.0037 6.12132 12
      vertex 65.8882 5.01503 12
    endloop
  endfacet
  facet normal -0 0 1
    outer loop
      vertex 64.806 5.90318 12
      vertex 65.8882 5.01503 12
      vertex 65.0037 6.12132 12
    endloop
  endfacet
  facet normal 0 0 1
    outer loop
      vertex 65.8882 5.01503 12
      vertex 64.806 5.90318 12
      vertex 65.7946 4.88891 12
    endloop
  endfacet
  facet normal -0 0 1
    outer loop
      vertex 64.6306 5.66671 12
      vertex 65.7946 4.88891 12
      vertex 64.806 5.90318 12
    endloop
  endfacet
  facet normal -0 0 1
    outer loop
      vertex 64.4792 5.41419 12
      vertex 65.7139 4.75423 12
      vertex 64.6306 5.66671 12
    endloop
  endfacet
  facet normal 0 0 1
    outer loop
      vertex 65.7946 4.88891 12
      vertex 64.6306 5.66671 12
      vertex 65.7139 4.75423 12
    endloop
  endfacet
  facet normal 0 0 1
    outer loop
      vertex 68.6943 38.5879 12
      vertex 71.125 42.9 12
      vertex 68.7173 38.7432 12
    endloop
  endfacet
  facet normal 0 0 1
    outer loop
      vertex 71.125 42.9 12
      vertex 68.6943 38.5879 12
      vertex 68.725 36.3656 12
    endloop
  endfacet
  facet normal -0 0 1
    outer loop
      vertex 68.6561 38.4355 12
      vertex 68.725 36.3656 12
      vertex 68.6943 38.5879 12
    endloop
  endfacet
  facet normal -0 0 1
    outer loop
      vertex 68.6032 38.2877 12
      vertex 68.725 36.3656 12
      vertex 68.6561 38.4355 12
    endloop
  endfacet
  facet normal -0 0 1
    outer loop
      vertex 68.5361 38.1458 12
      vertex 68.725 36.3656 12
      vertex 68.6032 38.2877 12
    endloop
  endfacet
  facet normal -0 0 1
    outer loop
      vertex 68.4554 38.0111 12
      vertex 68.725 36.3656 12
      vertex 68.5361 38.1458 12
    endloop
  endfacet
  facet normal -0 0 1
    outer loop
      vertex 68.3618 37.885 12
      vertex 68.725 36.3656 12
      vertex 68.4554 38.0111 12
    endloop
  endfacet
  facet normal -0 0 1
    outer loop
      vertex 68.2564 37.7686 12
      vertex 68.725 36.3656 12
      vertex 68.3618 37.885 12
    endloop
  endfacet
  facet normal -0 0 1
    outer loop
      vertex 68.14 37.6632 12
      vertex 68.725 36.3656 12
      vertex 68.2564 37.7686 12
    endloop
  endfacet
  facet normal -0 0 1
    outer loop
      vertex 68.0139 37.5696 12
      vertex 68.725 36.3656 12
      vertex 68.14 37.6632 12
    endloop
  endfacet
  facet normal -0 0 1
    outer loop
      vertex 67.8792 37.4889 12
      vertex 68.725 36.3656 12
      vertex 68.0139 37.5696 12
    endloop
  endfacet
  facet normal 0 0 1
    outer loop
      vertex 68.725 36.3656 12
      vertex 67.8792 37.4889 12
      vertex 68.5392 36.2542 12
    endloop
  endfacet
  facet normal 0 0 1
    outer loop
      vertex 68.5392 36.2542 12
      vertex 67.8792 37.4889 12
      vertex 68.273 36.1284 12
    endloop
  endfacet
  facet normal -0 0 1
    outer loop
      vertex 67.7373 37.4218 12
      vertex 68.273 36.1284 12
      vertex 67.8792 37.4889 12
    endloop
  endfacet
  facet normal 0 0 1
    outer loop
      vertex 68.273 36.1284 12
      vertex 67.7373 37.4218 12
      vertex 67.9958 36.0292 12
    endloop
  endfacet
  facet normal -0 0 1
    outer loop
      vertex 67.5895 37.3689 12
      vertex 67.9958 36.0292 12
      vertex 67.7373 37.4218 12
    endloop
  endfacet
  facet normal 0 0 1
    outer loop
      vertex 67.9958 36.0292 12
      vertex 67.5895 37.3689 12
      vertex 67.7103 35.9576 12
    endloop
  endfacet
  facet normal -0 0 1
    outer loop
      vertex 67.4371 37.3307 12
      vertex 67.7103 35.9576 12
      vertex 67.5895 37.3689 12
    endloop
  endfacet
  facet normal 0 0 1
    outer loop
      vertex 67.4371 37.3307 12
      vertex 67.4191 35.9144 12
      vertex 67.7103 35.9576 12
    endloop
  endfacet
  facet normal -0 0 1
    outer loop
      vertex 67.2818 37.3077 12
      vertex 67.4191 35.9144 12
      vertex 67.4371 37.3307 12
    endloop
  endfacet
  facet normal -0 0 1
    outer loop
      vertex 67.125 37.3 12
      vertex 67.4191 35.9144 12
      vertex 67.2818 37.3077 12
    endloop
  endfacet
  facet normal 0 0 1
    outer loop
      vertex 67.125 37.3 12
      vertex 67.125 35.9 12
      vertex 67.4191 35.9144 12
    endloop
  endfacet
  facet normal 0 0 1
    outer loop
      vertex 66.9682 37.3077 12
      vertex 67.125 35.9 12
      vertex 67.125 37.3 12
    endloop
  endfacet
  facet normal 0 0 1
    outer loop
      vertex 66.9682 37.3077 12
      vertex 66.8309 35.9144 12
      vertex 67.125 35.9 12
    endloop
  endfacet
  facet normal 0 0 1
    outer loop
      vertex 66.8129 37.3307 12
      vertex 66.8309 35.9144 12
      vertex 66.9682 37.3077 12
    endloop
  endfacet
  facet normal 0 0 1
    outer loop
      vertex 66.5397 35.9576 12
      vertex 66.8129 37.3307 12
      vertex 66.6605 37.3689 12
    endloop
  endfacet
  facet normal 0 0 1
    outer loop
      vertex 66.8129 37.3307 12
      vertex 66.5397 35.9576 12
      vertex 66.8309 35.9144 12
    endloop
  endfacet
  facet normal 0 0 1
    outer loop
      vertex 66.2541 36.0292 12
      vertex 66.6605 37.3689 12
      vertex 66.5127 37.4218 12
    endloop
  endfacet
  facet normal 0 0 1
    outer loop
      vertex 65.977 36.1284 12
      vertex 66.5127 37.4218 12
      vertex 66.3708 37.4889 12
    endloop
  endfacet
  facet normal 0 0 1
    outer loop
      vertex 66.6605 37.3689 12
      vertex 66.2541 36.0292 12
      vertex 66.5397 35.9576 12
    endloop
  endfacet
  facet normal 0 0 1
    outer loop
      vertex 65.7108 36.2542 12
      vertex 66.3708 37.4889 12
      vertex 66.2361 37.5696 12
    endloop
  endfacet
  facet normal 0 0 1
    outer loop
      vertex 65.4583 36.4056 12
      vertex 66.2361 37.5696 12
      vertex 66.11 37.6632 12
    endloop
  endfacet
  facet normal 0 0 1
    outer loop
      vertex 65.2218 36.581 12
      vertex 66.11 37.6632 12
      vertex 65.9936 37.7686 12
    endloop
  endfacet
  facet normal 0 0 1
    outer loop
      vertex 66.5127 37.4218 12
      vertex 65.977 36.1284 12
      vertex 66.2541 36.0292 12
    endloop
  endfacet
  facet normal 0 0 1
    outer loop
      vertex 65.0037 36.7787 12
      vertex 65.9936 37.7686 12
      vertex 65.8882 37.885 12
    endloop
  endfacet
  facet normal 0 0 1
    outer loop
      vertex 64.806 36.9968 12
      vertex 65.8882 37.885 12
      vertex 65.7946 38.0111 12
    endloop
  endfacet
  facet normal 0 0 1
    outer loop
      vertex 64.6306 37.2333 12
      vertex 65.7946 38.0111 12
      vertex 65.7139 38.1458 12
    endloop
  endfacet
  facet normal 0 0 1
    outer loop
      vertex 66.3708 37.4889 12
      vertex 65.7108 36.2542 12
      vertex 65.977 36.1284 12
    endloop
  endfacet
  facet normal 0 0 1
    outer loop
      vertex 64.6306 37.2333 12
      vertex 65.7139 38.1458 12
      vertex 65.6468 38.2877 12
    endloop
  endfacet
  facet normal 0 0 1
    outer loop
      vertex 64.6306 37.2333 12
      vertex 65.6468 38.2877 12
      vertex 65.5939 38.4355 12
    endloop
  endfacet
  facet normal 0 0 1
    outer loop
      vertex 64.6306 37.2333 12
      vertex 65.5939 38.4355 12
      vertex 65.5557 38.5879 12
    endloop
  endfacet
  facet normal 0 0 1
    outer loop
      vertex 64.6306 37.2333 12
      vertex 65.5557 38.5879 12
      vertex 65.5327 38.7432 12
    endloop
  endfacet
  facet normal 0 0 1
    outer loop
      vertex 66.2361 37.5696 12
      vertex 65.4583 36.4056 12
      vertex 65.7108 36.2542 12
    endloop
  endfacet
  facet normal 0 0 1
    outer loop
      vertex 64.6306 37.2333 12
      vertex 65.5327 38.7432 12
      vertex 65.525 38.9 12
    endloop
  endfacet
  facet normal 0 0 1
    outer loop
      vertex 68.7173 38.7432 12
      vertex 71.125 42.9 12
      vertex 68.725 38.9 12
    endloop
  endfacet
  facet normal 0 0 1
    outer loop
      vertex 71.125 42.9 12
      vertex 68.7173 39.0568 12
      vertex 68.725 38.9 12
    endloop
  endfacet
  facet normal 0 0 1
    outer loop
      vertex 71.125 42.9 12
      vertex 68.6943 39.2121 12
      vertex 68.7173 39.0568 12
    endloop
  endfacet
  facet normal 0 0 1
    outer loop
      vertex 71.125 42.9 12
      vertex 68.6561 39.3645 12
      vertex 68.6943 39.2121 12
    endloop
  endfacet
  facet normal 0 0 1
    outer loop
      vertex 71.125 42.9 12
      vertex 68.6032 39.5123 12
      vertex 68.6561 39.3645 12
    endloop
  endfacet
  facet normal 0 0 1
    outer loop
      vertex 71.125 42.9 12
      vertex 68.5361 39.6542 12
      vertex 68.6032 39.5123 12
    endloop
  endfacet
  facet normal 0 0 1
    outer loop
      vertex 71.125 42.9 12
      vertex 68.4554 39.7889 12
      vertex 68.5361 39.6542 12
    endloop
  endfacet
  facet normal 0 0 1
    outer loop
      vertex 71.125 42.9 12
      vertex 68.3618 39.915 12
      vertex 68.4554 39.7889 12
    endloop
  endfacet
  facet normal 0 0 1
    outer loop
      vertex 71.125 42.9 12
      vertex 68.2564 40.0314 12
      vertex 68.3618 39.915 12
    endloop
  endfacet
  facet normal 0 0 1
    outer loop
      vertex 71.125 42.9 12
      vertex 68.14 40.1368 12
      vertex 68.2564 40.0314 12
    endloop
  endfacet
  facet normal 0 0 1
    outer loop
      vertex 71.125 42.9 12
      vertex 68.0139 40.2304 12
      vertex 68.14 40.1368 12
    endloop
  endfacet
  facet normal 0 0 1
    outer loop
      vertex 71.125 42.9 12
      vertex 67.8792 40.3111 12
      vertex 68.0139 40.2304 12
    endloop
  endfacet
  facet normal 0 0 1
    outer loop
      vertex 71.125 42.9 12
      vertex 67.7373 40.3782 12
      vertex 67.8792 40.3111 12
    endloop
  endfacet
  facet normal 0 0 1
    outer loop
      vertex 71.125 42.9 12
      vertex 67.5895 40.4311 12
      vertex 67.7373 40.3782 12
    endloop
  endfacet
  facet normal 0 0 1
    outer loop
      vertex 71.125 42.9 12
      vertex 67.4371 40.4693 12
      vertex 67.5895 40.4311 12
    endloop
  endfacet
  facet normal 0 0 1
    outer loop
      vertex 71.125 42.9 12
      vertex 67.2818 40.4923 12
      vertex 67.4371 40.4693 12
    endloop
  endfacet
  facet normal 0 0 1
    outer loop
      vertex 71.125 42.9 12
      vertex 67.125 40.5 12
      vertex 67.2818 40.4923 12
    endloop
  endfacet
  facet normal 0 0 1
    outer loop
      vertex 71.125 42.9 12
      vertex 66.9682 40.4923 12
      vertex 67.125 40.5 12
    endloop
  endfacet
  facet normal 0 0 1
    outer loop
      vertex 71.125 42.9 12
      vertex 66.8129 40.4693 12
      vertex 66.9682 40.4923 12
    endloop
  endfacet
  facet normal -0 0 1
    outer loop
      vertex 64.5906 40.5 12
      vertex 66.8129 40.4693 12
      vertex 71.125 42.9 12
    endloop
  endfacet
  facet normal 0 0 1
    outer loop
      vertex 66.8129 40.4693 12
      vertex 64.5906 40.5 12
      vertex 66.6605 40.4311 12
    endloop
  endfacet
  facet normal 0 0 1
    outer loop
      vertex 66.6605 40.4311 12
      vertex 64.5906 40.5 12
      vertex 66.5127 40.3782 12
    endloop
  endfacet
  facet normal 0 0 1
    outer loop
      vertex 66.11 37.6632 12
      vertex 65.2218 36.581 12
      vertex 65.4583 36.4056 12
    endloop
  endfacet
  facet normal -0 0 1
    outer loop
      vertex 64.2542 39.7709 12
      vertex 65.5939 39.3645 12
      vertex 64.3534 40.048 12
    endloop
  endfacet
  facet normal 0 0 1
    outer loop
      vertex 65.9936 37.7686 12
      vertex 65.0037 36.7787 12
      vertex 65.2218 36.581 12
    endloop
  endfacet
  facet normal 0 0 1
    outer loop
      vertex 65.6468 39.5123 12
      vertex 64.3534 40.048 12
      vertex 65.5939 39.3645 12
    endloop
  endfacet
  facet normal 0 0 1
    outer loop
      vertex 65.8882 37.885 12
      vertex 64.806 36.9968 12
      vertex 65.0037 36.7787 12
    endloop
  endfacet
  facet normal -0 0 1
    outer loop
      vertex 64.3534 40.048 12
      vertex 65.6468 39.5123 12
      vertex 64.4792 40.3142 12
    endloop
  endfacet
  facet normal 0 0 1
    outer loop
      vertex 65.7946 38.0111 12
      vertex 64.6306 37.2333 12
      vertex 64.806 36.9968 12
    endloop
  endfacet
  facet normal 0 0 1
    outer loop
      vertex 65.7139 39.6542 12
      vertex 64.4792 40.3142 12
      vertex 65.6468 39.5123 12
    endloop
  endfacet
  facet normal 0 0 1
    outer loop
      vertex 65.5939 39.3645 12
      vertex 64.2542 39.7709 12
      vertex 65.5557 39.2121 12
    endloop
  endfacet
  facet normal -0 0 1
    outer loop
      vertex 64.4792 40.3142 12
      vertex 65.7139 39.6542 12
      vertex 64.5906 40.5 12
    endloop
  endfacet
  facet normal 0 0 1
    outer loop
      vertex 65.7946 39.7889 12
      vertex 64.5906 40.5 12
      vertex 65.7139 39.6542 12
    endloop
  endfacet
  facet normal 0 0 1
    outer loop
      vertex 65.8882 39.915 12
      vertex 64.5906 40.5 12
      vertex 65.7946 39.7889 12
    endloop
  endfacet
  facet normal 0 0 1
    outer loop
      vertex 65.9936 40.0314 12
      vertex 64.5906 40.5 12
      vertex 65.8882 39.915 12
    endloop
  endfacet
  facet normal 0 0 1
    outer loop
      vertex 66.11 40.1368 12
      vertex 64.5906 40.5 12
      vertex 65.9936 40.0314 12
    endloop
  endfacet
  facet normal 0 0 1
    outer loop
      vertex 66.2361 40.2304 12
      vertex 64.5906 40.5 12
      vertex 66.11 40.1368 12
    endloop
  endfacet
  facet normal 0 0 1
    outer loop
      vertex 66.3708 40.3111 12
      vertex 64.5906 40.5 12
      vertex 66.2361 40.2304 12
    endloop
  endfacet
  facet normal 0 0 1
    outer loop
      vertex 66.5127 40.3782 12
      vertex 64.5906 40.5 12
      vertex 66.3708 40.3111 12
    endloop
  endfacet
  facet normal 0 0 1
    outer loop
      vertex 71.125 42.9 12
      vertex 6.53439 40.5 12
      vertex 64.5906 40.5 12
    endloop
  endfacet
  facet normal -0 0 1
    outer loop
      vertex 5.5311 38.4355 12
      vertex 6.87082 38.0291 12
      vertex 5.56926 38.5879 12
    endloop
  endfacet
  facet normal 0 0 1
    outer loop
      vertex 6.87082 38.0291 12
      vertex 5.5311 38.4355 12
      vertex 6.77164 37.7519 12
    endloop
  endfacet
  facet normal -0 0 1
    outer loop
      vertex 5.47821 38.2877 12
      vertex 6.77164 37.7519 12
      vertex 5.5311 38.4355 12
    endloop
  endfacet
  facet normal 0 0 1
    outer loop
      vertex 6.77164 37.7519 12
      vertex 5.47821 38.2877 12
      vertex 6.64576 37.4858 12
    endloop
  endfacet
  facet normal -0 0 1
    outer loop
      vertex 5.41107 38.1458 12
      vertex 6.64576 37.4858 12
      vertex 5.47821 38.2877 12
    endloop
  endfacet
  facet normal 0 0 1
    outer loop
      vertex 6.98555 39.194 12
      vertex 5.59229 39.0568 12
      vertex 5.6 38.9 12
    endloop
  endfacet
  facet normal 0 0 1
    outer loop
      vertex 6.94236 39.4853 12
      vertex 5.56926 39.2121 12
      vertex 5.59229 39.0568 12
    endloop
  endfacet
  facet normal 0 0 1
    outer loop
      vertex 6.87082 39.7709 12
      vertex 5.5311 39.3645 12
      vertex 5.56926 39.2121 12
    endloop
  endfacet
  facet normal 0 0 1
    outer loop
      vertex 6.77164 40.048 12
      vertex 5.47821 39.5123 12
      vertex 5.5311 39.3645 12
    endloop
  endfacet
  facet normal 0 0 1
    outer loop
      vertex 6.64576 40.3142 12
      vertex 5.41107 39.6542 12
      vertex 5.47821 39.5123 12
    endloop
  endfacet
  facet normal 0 0 1
    outer loop
      vertex 6.53439 40.5 12
      vertex 5.33035 39.7889 12
      vertex 5.41107 39.6542 12
    endloop
  endfacet
  facet normal 0 0 1
    outer loop
      vertex 6.53439 40.5 12
      vertex 5.23682 39.915 12
      vertex 5.33035 39.7889 12
    endloop
  endfacet
  facet normal 0 0 1
    outer loop
      vertex 6.53439 40.5 12
      vertex 5.13137 40.0314 12
      vertex 5.23682 39.915 12
    endloop
  endfacet
  facet normal 0 0 1
    outer loop
      vertex 6.53439 40.5 12
      vertex 5.01503 40.1368 12
      vertex 5.13137 40.0314 12
    endloop
  endfacet
  facet normal 0 0 1
    outer loop
      vertex 6.53439 40.5 12
      vertex 4.88891 40.2304 12
      vertex 5.01503 40.1368 12
    endloop
  endfacet
  facet normal 0 0 1
    outer loop
      vertex 6.53439 40.5 12
      vertex 4.75423 40.3111 12
      vertex 4.88891 40.2304 12
    endloop
  endfacet
  facet normal 0 0 1
    outer loop
      vertex 6.53439 40.5 12
      vertex 4.61229 40.3782 12
      vertex 4.75423 40.3111 12
    endloop
  endfacet
  facet normal 0 0 1
    outer loop
      vertex 6.53439 40.5 12
      vertex 4.46445 40.4311 12
      vertex 4.61229 40.3782 12
    endloop
  endfacet
  facet normal -0 0 1
    outer loop
      vertex 0 42.9 12
      vertex 6.53439 40.5 12
      vertex 71.125 42.9 12
    endloop
  endfacet
  facet normal 0 -0 1
    outer loop
      vertex 4.31214 40.4693 12
      vertex 6.53439 40.5 12
      vertex 0 42.9 12
    endloop
  endfacet
  facet normal 0 0 1
    outer loop
      vertex 6.53439 40.5 12
      vertex 4.31214 40.4693 12
      vertex 4.46445 40.4311 12
    endloop
  endfacet
  facet normal 0 0 1
    outer loop
      vertex 4.31214 40.4693 12
      vertex 0 42.9 12
      vertex 4.15683 40.4923 12
    endloop
  endfacet
  facet normal 0 0 1
    outer loop
      vertex 2.43074 38.5879 12
      vertex 0 42.9 12
      vertex 2.4 36.3656 12
    endloop
  endfacet
  facet normal 0 0 1
    outer loop
      vertex 2.4 36.3656 12
      vertex 0 42.9 12
      vertex 2.4 6.53439 12
    endloop
  endfacet
  facet normal 0 0 1
    outer loop
      vertex 0 0 12
      vertex 2.4 6.53439 12
      vertex 0 42.9 12
    endloop
  endfacet
  facet normal 0 0 1
    outer loop
      vertex 2.4077 39.0568 12
      vertex 0 42.9 12
      vertex 2.4 38.9 12
    endloop
  endfacet
  facet normal 0 0 1
    outer loop
      vertex 2.43074 39.2121 12
      vertex 0 42.9 12
      vertex 2.4077 39.0568 12
    endloop
  endfacet
  facet normal 0 0 1
    outer loop
      vertex 2.46889 39.3645 12
      vertex 0 42.9 12
      vertex 2.43074 39.2121 12
    endloop
  endfacet
  facet normal 0 0 1
    outer loop
      vertex 2.52179 39.5123 12
      vertex 0 42.9 12
      vertex 2.46889 39.3645 12
    endloop
  endfacet
  facet normal 0 0 1
    outer loop
      vertex 2.58893 39.6542 12
      vertex 0 42.9 12
      vertex 2.52179 39.5123 12
    endloop
  endfacet
  facet normal 0 0 1
    outer loop
      vertex 2.66965 39.7889 12
      vertex 0 42.9 12
      vertex 2.58893 39.6542 12
    endloop
  endfacet
  facet normal 0 0 1
    outer loop
      vertex 2.76318 39.915 12
      vertex 0 42.9 12
      vertex 2.66965 39.7889 12
    endloop
  endfacet
  facet normal 0 0 1
    outer loop
      vertex 2.86863 40.0314 12
      vertex 0 42.9 12
      vertex 2.76318 39.915 12
    endloop
  endfacet
  facet normal 0 0 1
    outer loop
      vertex 2.98497 40.1368 12
      vertex 0 42.9 12
      vertex 2.86863 40.0314 12
    endloop
  endfacet
  facet normal 0 0 1
    outer loop
      vertex 3.11109 40.2304 12
      vertex 0 42.9 12
      vertex 2.98497 40.1368 12
    endloop
  endfacet
  facet normal 0 0 1
    outer loop
      vertex 3.24576 40.3111 12
      vertex 0 42.9 12
      vertex 3.11109 40.2304 12
    endloop
  endfacet
  facet normal 0 0 1
    outer loop
      vertex 3.38771 40.3782 12
      vertex 0 42.9 12
      vertex 3.24576 40.3111 12
    endloop
  endfacet
  facet normal 0 0 1
    outer loop
      vertex 3.53554 40.4311 12
      vertex 0 42.9 12
      vertex 3.38771 40.3782 12
    endloop
  endfacet
  facet normal 0 0 1
    outer loop
      vertex 3.68785 40.4693 12
      vertex 0 42.9 12
      vertex 3.53554 40.4311 12
    endloop
  endfacet
  facet normal 0 0 1
    outer loop
      vertex 3.84317 40.4923 12
      vertex 0 42.9 12
      vertex 3.68785 40.4693 12
    endloop
  endfacet
  facet normal 0 0 1
    outer loop
      vertex 4 40.5 12
      vertex 0 42.9 12
      vertex 3.84317 40.4923 12
    endloop
  endfacet
  facet normal 0 0 1
    outer loop
      vertex 4.15683 40.4923 12
      vertex 0 42.9 12
      vertex 4 40.5 12
    endloop
  endfacet
  facet normal 0 0 1
    outer loop
      vertex 71.125 42.9 12
      vertex 68.725 36.3656 12
      vertex 71.125 0 12
    endloop
  endfacet
  facet normal -0 0 1
    outer loop
      vertex 68.725 6.53439 12
      vertex 71.125 0 12
      vertex 68.725 36.3656 12
    endloop
  endfacet
  facet normal -0 0 1
    outer loop
      vertex 68.6943 4.31214 12
      vertex 71.125 0 12
      vertex 68.725 6.53439 12
    endloop
  endfacet
  facet normal -0 0 1
    outer loop
      vertex 68.7173 3.84317 12
      vertex 71.125 0 12
      vertex 68.725 4 12
    endloop
  endfacet
  facet normal -0 0 1
    outer loop
      vertex 68.6943 3.68785 12
      vertex 71.125 0 12
      vertex 68.7173 3.84317 12
    endloop
  endfacet
  facet normal -0 0 1
    outer loop
      vertex 68.6561 3.53554 12
      vertex 71.125 0 12
      vertex 68.6943 3.68785 12
    endloop
  endfacet
  facet normal -0 0 1
    outer loop
      vertex 68.6032 3.38771 12
      vertex 71.125 0 12
      vertex 68.6561 3.53554 12
    endloop
  endfacet
  facet normal -0 0 1
    outer loop
      vertex 68.5361 3.24576 12
      vertex 71.125 0 12
      vertex 68.6032 3.38771 12
    endloop
  endfacet
  facet normal -0 0 1
    outer loop
      vertex 68.4554 3.11109 12
      vertex 71.125 0 12
      vertex 68.5361 3.24576 12
    endloop
  endfacet
  facet normal -0 0 1
    outer loop
      vertex 68.3618 2.98497 12
      vertex 71.125 0 12
      vertex 68.4554 3.11109 12
    endloop
  endfacet
  facet normal -0 0 1
    outer loop
      vertex 68.2564 2.86863 12
      vertex 71.125 0 12
      vertex 68.3618 2.98497 12
    endloop
  endfacet
  facet normal -0 0 1
    outer loop
      vertex 68.14 2.76318 12
      vertex 71.125 0 12
      vertex 68.2564 2.86863 12
    endloop
  endfacet
  facet normal -0 0 1
    outer loop
      vertex 68.0139 2.66965 12
      vertex 71.125 0 12
      vertex 68.14 2.76318 12
    endloop
  endfacet
  facet normal -0 0 1
    outer loop
      vertex 67.8792 2.58893 12
      vertex 71.125 0 12
      vertex 68.0139 2.66965 12
    endloop
  endfacet
  facet normal -0 0 1
    outer loop
      vertex 67.7373 2.52179 12
      vertex 71.125 0 12
      vertex 67.8792 2.58893 12
    endloop
  endfacet
  facet normal -0 0 1
    outer loop
      vertex 67.5895 2.46889 12
      vertex 71.125 0 12
      vertex 67.7373 2.52179 12
    endloop
  endfacet
  facet normal -0 0 1
    outer loop
      vertex 67.4371 2.43074 12
      vertex 71.125 0 12
      vertex 67.5895 2.46889 12
    endloop
  endfacet
  facet normal -0 0 1
    outer loop
      vertex 67.2818 2.4077 12
      vertex 71.125 0 12
      vertex 67.4371 2.43074 12
    endloop
  endfacet
  facet normal -0 0 1
    outer loop
      vertex 67.125 2.4 12
      vertex 71.125 0 12
      vertex 67.2818 2.4077 12
    endloop
  endfacet
  facet normal 0 0 1
    outer loop
      vertex 66.9682 2.4077 12
      vertex 71.125 0 12
      vertex 67.125 2.4 12
    endloop
  endfacet
  facet normal 0 0 1
    outer loop
      vertex 66.8129 2.43074 12
      vertex 71.125 0 12
      vertex 66.9682 2.4077 12
    endloop
  endfacet
  facet normal 0 0 1
    outer loop
      vertex 64.5906 2.4 12
      vertex 66.8129 2.43074 12
      vertex 66.6605 2.46889 12
    endloop
  endfacet
  facet normal 0 0 1
    outer loop
      vertex 64.5906 2.4 12
      vertex 66.6605 2.46889 12
      vertex 66.5127 2.52179 12
    endloop
  endfacet
  facet normal 0 0 1
    outer loop
      vertex 64.5906 2.4 12
      vertex 66.5127 2.52179 12
      vertex 66.3708 2.58893 12
    endloop
  endfacet
  facet normal 0 0 1
    outer loop
      vertex 65.7139 4.75423 12
      vertex 64.4792 5.41419 12
      vertex 65.6468 4.61229 12
    endloop
  endfacet
  facet normal -0 0 1
    outer loop
      vertex 64.3534 5.14805 12
      vertex 65.6468 4.61229 12
      vertex 64.4792 5.41419 12
    endloop
  endfacet
  facet normal 0 0 1
    outer loop
      vertex 65.6468 4.61229 12
      vertex 64.3534 5.14805 12
      vertex 65.5939 4.46445 12
    endloop
  endfacet
  facet normal -0 0 1
    outer loop
      vertex 64.2542 4.87085 12
      vertex 65.5939 4.46445 12
      vertex 64.3534 5.14805 12
    endloop
  endfacet
  facet normal 0 0 1
    outer loop
      vertex 65.5939 4.46445 12
      vertex 64.2542 4.87085 12
      vertex 65.5557 4.31214 12
    endloop
  endfacet
  facet normal 0 0 1
    outer loop
      vertex 65.525 4 12
      vertex 64.5906 2.4 12
      vertex 65.5327 3.84317 12
    endloop
  endfacet
  facet normal 0 0 1
    outer loop
      vertex 65.5327 3.84317 12
      vertex 64.5906 2.4 12
      vertex 65.5557 3.68785 12
    endloop
  endfacet
  facet normal 0 0 1
    outer loop
      vertex 65.5557 3.68785 12
      vertex 64.5906 2.4 12
      vertex 65.5939 3.53554 12
    endloop
  endfacet
  facet normal 0 0 1
    outer loop
      vertex 65.5939 3.53554 12
      vertex 64.5906 2.4 12
      vertex 65.6468 3.38771 12
    endloop
  endfacet
  facet normal 0 0 1
    outer loop
      vertex 64.5906 2.4 12
      vertex 65.7139 3.24576 12
      vertex 65.6468 3.38771 12
    endloop
  endfacet
  facet normal 0 0 1
    outer loop
      vertex 64.5906 2.4 12
      vertex 65.7946 3.11109 12
      vertex 65.7139 3.24576 12
    endloop
  endfacet
  facet normal 0 0 1
    outer loop
      vertex 64.5906 2.4 12
      vertex 65.8882 2.98497 12
      vertex 65.7946 3.11109 12
    endloop
  endfacet
  facet normal 0 0 1
    outer loop
      vertex 64.5906 2.4 12
      vertex 65.9936 2.86863 12
      vertex 65.8882 2.98497 12
    endloop
  endfacet
  facet normal 0 0 1
    outer loop
      vertex 64.5906 2.4 12
      vertex 66.11 2.76318 12
      vertex 65.9936 2.86863 12
    endloop
  endfacet
  facet normal 0 0 1
    outer loop
      vertex 64.5906 2.4 12
      vertex 66.2361 2.66965 12
      vertex 66.11 2.76318 12
    endloop
  endfacet
  facet normal 0 0 1
    outer loop
      vertex 64.5906 2.4 12
      vertex 66.3708 2.58893 12
      vertex 66.2361 2.66965 12
    endloop
  endfacet
  facet normal 0 0 1
    outer loop
      vertex 66.8129 2.43074 12
      vertex 64.5906 2.4 12
      vertex 71.125 0 12
    endloop
  endfacet
  facet normal -0 0 1
    outer loop
      vertex 6.53439 2.4 12
      vertex 71.125 0 12
      vertex 64.5906 2.4 12
    endloop
  endfacet
  facet normal 0 0 1
    outer loop
      vertex 5.59229 4.15683 12
      vertex 6.49441 5.66671 12
      vertex 6.31903 5.90318 12
    endloop
  endfacet
  facet normal 0 0 1
    outer loop
      vertex 5.59229 4.15683 12
      vertex 6.31903 5.90318 12
      vertex 6.12132 6.12132 12
    endloop
  endfacet
  facet normal 0 0 1
    outer loop
      vertex 5.59229 4.15683 12
      vertex 6.12132 6.12132 12
      vertex 5.90318 6.31903 12
    endloop
  endfacet
  facet normal 0 0 1
    outer loop
      vertex 5.01503 5.23682 12
      vertex 5.90318 6.31903 12
      vertex 5.66671 6.49441 12
    endloop
  endfacet
  facet normal -0 0 1
    outer loop
      vertex 5.5311 3.53554 12
      vertex 6.87082 3.12915 12
      vertex 5.56926 3.68785 12
    endloop
  endfacet
  facet normal 0 0 1
    outer loop
      vertex 6.87082 3.12915 12
      vertex 5.5311 3.53554 12
      vertex 6.77164 2.85195 12
    endloop
  endfacet
  facet normal -0 0 1
    outer loop
      vertex 5.47821 3.38771 12
      vertex 6.77164 2.85195 12
      vertex 5.5311 3.53554 12
    endloop
  endfacet
  facet normal 0 0 1
    outer loop
      vertex 6.77164 2.85195 12
      vertex 5.47821 3.38771 12
      vertex 6.64576 2.58581 12
    endloop
  endfacet
  facet normal -0 0 1
    outer loop
      vertex 5.41107 3.24576 12
      vertex 6.64576 2.58581 12
      vertex 5.47821 3.38771 12
    endloop
  endfacet
  facet normal 0 0 1
    outer loop
      vertex 6.64576 2.58581 12
      vertex 5.41107 3.24576 12
      vertex 6.53439 2.4 12
    endloop
  endfacet
  facet normal -0 0 1
    outer loop
      vertex 5.33035 3.11109 12
      vertex 6.53439 2.4 12
      vertex 5.41107 3.24576 12
    endloop
  endfacet
  facet normal -0 0 1
    outer loop
      vertex 5.23682 2.98497 12
      vertex 6.53439 2.4 12
      vertex 5.33035 3.11109 12
    endloop
  endfacet
  facet normal -0 0 1
    outer loop
      vertex 5.13137 2.86863 12
      vertex 6.53439 2.4 12
      vertex 5.23682 2.98497 12
    endloop
  endfacet
  facet normal -0 0 1
    outer loop
      vertex 5.01503 2.76318 12
      vertex 6.53439 2.4 12
      vertex 5.13137 2.86863 12
    endloop
  endfacet
  facet normal -0 0 1
    outer loop
      vertex 4.88891 2.66965 12
      vertex 6.53439 2.4 12
      vertex 5.01503 2.76318 12
    endloop
  endfacet
  facet normal -0 0 1
    outer loop
      vertex 4.75423 2.58893 12
      vertex 6.53439 2.4 12
      vertex 4.88891 2.66965 12
    endloop
  endfacet
  facet normal -0 0 1
    outer loop
      vertex 4.61229 2.52179 12
      vertex 6.53439 2.4 12
      vertex 4.75423 2.58893 12
    endloop
  endfacet
  facet normal -0 0 1
    outer loop
      vertex 4.46445 2.46889 12
      vertex 6.53439 2.4 12
      vertex 4.61229 2.52179 12
    endloop
  endfacet
  facet normal -0 0 1
    outer loop
      vertex 4.31214 2.43074 12
      vertex 6.53439 2.4 12
      vertex 4.46445 2.46889 12
    endloop
  endfacet
  facet normal 0 0 1
    outer loop
      vertex 6.53439 2.4 12
      vertex 4.31214 2.43074 12
      vertex 0 0 12
    endloop
  endfacet
  facet normal 0 0 1
    outer loop
      vertex 0 0 12
      vertex 4.31214 2.43074 12
      vertex 4.15683 2.4077 12
    endloop
  endfacet
  facet normal 0 0 1
    outer loop
      vertex 0 0 12
      vertex 4.15683 2.4077 12
      vertex 4 2.4 12
    endloop
  endfacet
  facet normal 0 0 1
    outer loop
      vertex 2.4077 4.15683 12
      vertex 0 0 12
      vertex 2.4 4 12
    endloop
  endfacet
  facet normal 0 0 1
    outer loop
      vertex 6.53439 2.4 12
      vertex 0 0 12
      vertex 71.125 0 12
    endloop
  endfacet
  facet normal 0 0 1
    outer loop
      vertex 3.84317 2.4077 12
      vertex 0 0 12
      vertex 4 2.4 12
    endloop
  endfacet
  facet normal 0 0 1
    outer loop
      vertex 3.68785 2.43074 12
      vertex 0 0 12
      vertex 3.84317 2.4077 12
    endloop
  endfacet
  facet normal 0 0 1
    outer loop
      vertex 3.53554 2.46889 12
      vertex 0 0 12
      vertex 3.68785 2.43074 12
    endloop
  endfacet
  facet normal 0 0 1
    outer loop
      vertex 3.38771 2.52179 12
      vertex 0 0 12
      vertex 3.53554 2.46889 12
    endloop
  endfacet
  facet normal 0 0 1
    outer loop
      vertex 3.24576 2.58893 12
      vertex 0 0 12
      vertex 3.38771 2.52179 12
    endloop
  endfacet
  facet normal 0 0 1
    outer loop
      vertex 3.11109 2.66965 12
      vertex 0 0 12
      vertex 3.24576 2.58893 12
    endloop
  endfacet
  facet normal 0 0 1
    outer loop
      vertex 2.98497 2.76318 12
      vertex 0 0 12
      vertex 3.11109 2.66965 12
    endloop
  endfacet
  facet normal 0 0 1
    outer loop
      vertex 2.86863 2.86863 12
      vertex 0 0 12
      vertex 2.98497 2.76318 12
    endloop
  endfacet
  facet normal 0 0 1
    outer loop
      vertex 2.76318 2.98497 12
      vertex 0 0 12
      vertex 2.86863 2.86863 12
    endloop
  endfacet
  facet normal 0 0 1
    outer loop
      vertex 2.66965 3.11109 12
      vertex 0 0 12
      vertex 2.76318 2.98497 12
    endloop
  endfacet
  facet normal 0 0 1
    outer loop
      vertex 2.58893 3.24576 12
      vertex 0 0 12
      vertex 2.66965 3.11109 12
    endloop
  endfacet
  facet normal 0 0 1
    outer loop
      vertex 2.52179 3.38771 12
      vertex 0 0 12
      vertex 2.58893 3.24576 12
    endloop
  endfacet
  facet normal 0 0 1
    outer loop
      vertex 2.46889 3.53554 12
      vertex 0 0 12
      vertex 2.52179 3.38771 12
    endloop
  endfacet
  facet normal 0 0 1
    outer loop
      vertex 2.43074 3.68785 12
      vertex 0 0 12
      vertex 2.46889 3.53554 12
    endloop
  endfacet
  facet normal 0 0 1
    outer loop
      vertex 2.4077 3.84317 12
      vertex 0 0 12
      vertex 2.43074 3.68785 12
    endloop
  endfacet
  facet normal 0 0 1
    outer loop
      vertex 2.4 4 12
      vertex 0 0 12
      vertex 2.4077 3.84317 12
    endloop
  endfacet
  facet normal 0 0 -1
    outer loop
      vertex 5.23682 5.01503 0
      vertex 12.8202 4.87579 0
      vertex 5.33035 4.88891 0
    endloop
  endfacet
  facet normal 0 0 -1
    outer loop
      vertex 13.113 5.09291 0
      vertex 5.59229 38.7432 0
      vertex 5.6 38.9 0
    endloop
  endfacet
  facet normal 0 0 -1
    outer loop
      vertex 12.8202 4.87579 0
      vertex 5.23682 5.01503 0
      vertex 12.8697 4.93033 0
    endloop
  endfacet
  facet normal 0 0 -1
    outer loop
      vertex 13.113 5.09291 0
      vertex 5.56926 38.5879 0
      vertex 5.59229 38.7432 0
    endloop
  endfacet
  facet normal 0 0 -1
    outer loop
      vertex 5.13137 5.13137 0
      vertex 12.8697 4.93033 0
      vertex 5.23682 5.01503 0
    endloop
  endfacet
  facet normal 0 0 -1
    outer loop
      vertex 13.113 5.09291 0
      vertex 5.5311 38.4355 0
      vertex 5.56926 38.5879 0
    endloop
  endfacet
  facet normal 0 0 -1
    outer loop
      vertex 12.8697 4.93033 0
      vertex 5.13137 5.13137 0
      vertex 12.9242 4.97976 0
    endloop
  endfacet
  facet normal 0 0 -1
    outer loop
      vertex 13.113 5.09291 0
      vertex 5.47821 38.2877 0
      vertex 5.5311 38.4355 0
    endloop
  endfacet
  facet normal 0 0 -1
    outer loop
      vertex 5.01503 5.23682 0
      vertex 12.9242 4.97976 0
      vertex 5.13137 5.13137 0
    endloop
  endfacet
  facet normal 0 0 -1
    outer loop
      vertex 13.113 5.09291 0
      vertex 5.41107 38.1458 0
      vertex 5.47821 38.2877 0
    endloop
  endfacet
  facet normal 0 0 -1
    outer loop
      vertex 12.9242 4.97976 0
      vertex 5.01503 5.23682 0
      vertex 12.9833 5.0236 0
    endloop
  endfacet
  facet normal 0 0 -1
    outer loop
      vertex 13.113 5.09291 0
      vertex 5.33035 38.0111 0
      vertex 5.41107 38.1458 0
    endloop
  endfacet
  facet normal 0 0 -1
    outer loop
      vertex 4.88891 5.33035 0
      vertex 12.9833 5.0236 0
      vertex 5.01503 5.23682 0
    endloop
  endfacet
  facet normal 0 0 -1
    outer loop
      vertex 13.113 5.09291 0
      vertex 5.23682 37.885 0
      vertex 5.33035 38.0111 0
    endloop
  endfacet
  facet normal 0 0 -1
    outer loop
      vertex 12.9833 5.0236 0
      vertex 4.88891 5.33035 0
      vertex 13.0465 5.06144 0
    endloop
  endfacet
  facet normal 0 0 -1
    outer loop
      vertex 13.113 5.09291 0
      vertex 5.13137 37.7686 0
      vertex 5.23682 37.885 0
    endloop
  endfacet
  facet normal 0 0 -1
    outer loop
      vertex 4.75423 5.41107 0
      vertex 13.0465 5.06144 0
      vertex 4.88891 5.33035 0
    endloop
  endfacet
  facet normal 0 0 -1
    outer loop
      vertex 13.113 5.09291 0
      vertex 5.01503 37.6632 0
      vertex 5.13137 37.7686 0
    endloop
  endfacet
  facet normal 0 0 -1
    outer loop
      vertex 13.0465 5.06144 0
      vertex 4.75423 5.41107 0
      vertex 13.113 5.09291 0
    endloop
  endfacet
  facet normal 0 0 -1
    outer loop
      vertex 13.113 5.09291 0
      vertex 4.88891 37.5696 0
      vertex 5.01503 37.6632 0
    endloop
  endfacet
  facet normal 0 0 -1
    outer loop
      vertex 4.61229 5.47821 0
      vertex 13.113 5.09291 0
      vertex 4.75423 5.41107 0
    endloop
  endfacet
  facet normal 0 0 -1
    outer loop
      vertex 13.113 5.09291 0
      vertex 4.75423 37.4889 0
      vertex 4.88891 37.5696 0
    endloop
  endfacet
  facet normal 0 0 -1
    outer loop
      vertex 4.46445 5.5311 0
      vertex 13.113 5.09291 0
      vertex 4.61229 5.47821 0
    endloop
  endfacet
  facet normal 0 0 -1
    outer loop
      vertex 13.113 5.09291 0
      vertex 4.61229 37.4218 0
      vertex 4.75423 37.4889 0
    endloop
  endfacet
  facet normal 0 0 -1
    outer loop
      vertex 4.46445 37.3689 0
      vertex 13.113 5.09291 0
      vertex 4.46445 5.5311 0
    endloop
  endfacet
  facet normal 0 0 -1
    outer loop
      vertex 13.113 5.09291 0
      vertex 4.46445 37.3689 0
      vertex 4.61229 37.4218 0
    endloop
  endfacet
  facet normal 0 0 -1
    outer loop
      vertex 4.31214 5.56926 0
      vertex 4.46445 37.3689 0
      vertex 4.46445 5.5311 0
    endloop
  endfacet
  facet normal 0 0 -1
    outer loop
      vertex 4.31214 5.56926 0
      vertex 4.31214 37.3307 0
      vertex 4.46445 37.3689 0
    endloop
  endfacet
  facet normal 0 0 -1
    outer loop
      vertex 4.15683 5.59229 0
      vertex 4.31214 37.3307 0
      vertex 4.31214 5.56926 0
    endloop
  endfacet
  facet normal 0 0 -1
    outer loop
      vertex 4.15683 5.59229 0
      vertex 4.15683 37.3077 0
      vertex 4.31214 37.3307 0
    endloop
  endfacet
  facet normal 0 0 -1
    outer loop
      vertex 4 5.6 0
      vertex 4.15683 37.3077 0
      vertex 4.15683 5.59229 0
    endloop
  endfacet
  facet normal 0 0 -1
    outer loop
      vertex 4 5.6 0
      vertex 4 37.3 0
      vertex 4.15683 37.3077 0
    endloop
  endfacet
  facet normal 0 0 -1
    outer loop
      vertex 3.84317 5.59229 0
      vertex 4 37.3 0
      vertex 4 5.6 0
    endloop
  endfacet
  facet normal 0 0 -1
    outer loop
      vertex 3.84317 5.59229 0
      vertex 3.84317 37.3077 0
      vertex 4 37.3 0
    endloop
  endfacet
  facet normal 0 0 -1
    outer loop
      vertex 3.68785 5.56926 0
      vertex 3.84317 37.3077 0
      vertex 3.84317 5.59229 0
    endloop
  endfacet
  facet normal 0 0 -1
    outer loop
      vertex 3.68785 5.56926 0
      vertex 3.68785 37.3307 0
      vertex 3.84317 37.3077 0
    endloop
  endfacet
  facet normal 0 0 -1
    outer loop
      vertex 3.53554 5.5311 0
      vertex 3.68785 37.3307 0
      vertex 3.68785 5.56926 0
    endloop
  endfacet
  facet normal 0 0 -1
    outer loop
      vertex 3.53554 5.5311 0
      vertex 3.53554 37.3689 0
      vertex 3.68785 37.3307 0
    endloop
  endfacet
  facet normal 0 0 -1
    outer loop
      vertex 3.38771 5.47821 0
      vertex 3.53554 37.3689 0
      vertex 3.53554 5.5311 0
    endloop
  endfacet
  facet normal 0 0 -1
    outer loop
      vertex 3.38771 5.47821 0
      vertex 3.38771 37.4218 0
      vertex 3.53554 37.3689 0
    endloop
  endfacet
  facet normal 0 0 -1
    outer loop
      vertex 3.24576 5.41107 0
      vertex 3.38771 37.4218 0
      vertex 3.38771 5.47821 0
    endloop
  endfacet
  facet normal 0 0 -1
    outer loop
      vertex 3.24576 5.41107 0
      vertex 3.24576 37.4889 0
      vertex 3.38771 37.4218 0
    endloop
  endfacet
  facet normal 0 0 -1
    outer loop
      vertex 3.11109 5.33035 0
      vertex 3.24576 37.4889 0
      vertex 3.24576 5.41107 0
    endloop
  endfacet
  facet normal 0 0 -1
    outer loop
      vertex 3.11109 5.33035 0
      vertex 3.11109 37.5696 0
      vertex 3.24576 37.4889 0
    endloop
  endfacet
  facet normal 0 0 -1
    outer loop
      vertex 2.98497 5.23682 0
      vertex 3.11109 37.5696 0
      vertex 3.11109 5.33035 0
    endloop
  endfacet
  facet normal 0 0 -1
    outer loop
      vertex 2.98497 5.23682 0
      vertex 2.98497 37.6632 0
      vertex 3.11109 37.5696 0
    endloop
  endfacet
  facet normal 0 0 -1
    outer loop
      vertex 2.86863 5.13137 0
      vertex 2.98497 37.6632 0
      vertex 2.98497 5.23682 0
    endloop
  endfacet
  facet normal 0 0 -1
    outer loop
      vertex 2.86863 5.13137 0
      vertex 2.86863 37.7686 0
      vertex 2.98497 37.6632 0
    endloop
  endfacet
  facet normal 0 0 -1
    outer loop
      vertex 2.76318 5.01503 0
      vertex 2.86863 37.7686 0
      vertex 2.86863 5.13137 0
    endloop
  endfacet
  facet normal 0 0 -1
    outer loop
      vertex 2.76318 5.01503 0
      vertex 2.76318 37.885 0
      vertex 2.86863 37.7686 0
    endloop
  endfacet
  facet normal 0 0 -1
    outer loop
      vertex 2.66965 4.88891 0
      vertex 2.76318 37.885 0
      vertex 2.76318 5.01503 0
    endloop
  endfacet
  facet normal 0 0 -1
    outer loop
      vertex 2.66965 4.88891 0
      vertex 2.66965 38.0111 0
      vertex 2.76318 37.885 0
    endloop
  endfacet
  facet normal 0 0 -1
    outer loop
      vertex 2.58893 4.75423 0
      vertex 2.66965 38.0111 0
      vertex 2.66965 4.88891 0
    endloop
  endfacet
  facet normal 0 0 -1
    outer loop
      vertex 2.58893 4.75423 0
      vertex 2.58893 38.1458 0
      vertex 2.66965 38.0111 0
    endloop
  endfacet
  facet normal 0 0 -1
    outer loop
      vertex 2.52179 4.61229 0
      vertex 2.58893 38.1458 0
      vertex 2.58893 4.75423 0
    endloop
  endfacet
  facet normal 0 0 -1
    outer loop
      vertex 2.52179 4.61229 0
      vertex 2.52179 38.2877 0
      vertex 2.58893 38.1458 0
    endloop
  endfacet
  facet normal 0 0 -1
    outer loop
      vertex 0 0 0
      vertex 2.52179 4.61229 0
      vertex 2.46889 4.46445 0
    endloop
  endfacet
  facet normal -0 0 -1
    outer loop
      vertex 2.52179 4.61229 0
      vertex 0 0 0
      vertex 2.52179 38.2877 0
    endloop
  endfacet
  facet normal 0 0 -1
    outer loop
      vertex 0 0 0
      vertex 2.46889 4.46445 0
      vertex 2.43074 4.31214 0
    endloop
  endfacet
  facet normal 0 0 -1
    outer loop
      vertex 0 42.9 0
      vertex 2.52179 38.2877 0
      vertex 0 0 0
    endloop
  endfacet
  facet normal 0 0 -1
    outer loop
      vertex 0 0 0
      vertex 2.43074 4.31214 0
      vertex 2.4077 4.15683 0
    endloop
  endfacet
  facet normal 0 0 -1
    outer loop
      vertex 2.52179 38.2877 0
      vertex 0 42.9 0
      vertex 2.46889 38.4355 0
    endloop
  endfacet
  facet normal 0 0 -1
    outer loop
      vertex 0 0 0
      vertex 2.4077 4.15683 0
      vertex 2.4 4 0
    endloop
  endfacet
  facet normal 0 0 -1
    outer loop
      vertex 2.46889 38.4355 0
      vertex 0 42.9 0
      vertex 2.43074 38.5879 0
    endloop
  endfacet
  facet normal 0 0 -1
    outer loop
      vertex 71.125 0 0
      vertex 71.0865 20.6659 0
      vertex 71.125 21.45 0
    endloop
  endfacet
  facet normal 0 0 -1
    outer loop
      vertex 71.125 0 0
      vertex 70.9713 19.8893 0
      vertex 71.0865 20.6659 0
    endloop
  endfacet
  facet normal 0 0 -1
    outer loop
      vertex 71.125 0 0
      vertex 70.7805 19.1277 0
      vertex 70.9713 19.8893 0
    endloop
  endfacet
  facet normal 0 0 -1
    outer loop
      vertex 71.125 0 0
      vertex 70.516 18.3885 0
      vertex 70.7805 19.1277 0
    endloop
  endfacet
  facet normal 0 0 -1
    outer loop
      vertex 71.125 0 0
      vertex 70.1804 17.6788 0
      vertex 70.516 18.3885 0
    endloop
  endfacet
  facet normal 0 0 -1
    outer loop
      vertex 71.125 0 0
      vertex 69.7768 17.0054 0
      vertex 70.1804 17.6788 0
    endloop
  endfacet
  facet normal 0 0 -1
    outer loop
      vertex 68.6561 4.46445 0
      vertex 69.7768 17.0054 0
      vertex 71.125 0 0
    endloop
  endfacet
  facet normal 0 0 -1
    outer loop
      vertex 68.6032 4.61229 0
      vertex 69.7768 17.0054 0
      vertex 68.6561 4.46445 0
    endloop
  endfacet
  facet normal 0 0 -1
    outer loop
      vertex 68.7173 4.15683 0
      vertex 71.125 0 0
      vertex 68.725 4 0
    endloop
  endfacet
  facet normal 0 0 -1
    outer loop
      vertex 71.125 0 0
      vertex 68.7173 3.84317 0
      vertex 68.725 4 0
    endloop
  endfacet
  facet normal 0 0 -1
    outer loop
      vertex 71.125 0 0
      vertex 68.6943 3.68785 0
      vertex 68.7173 3.84317 0
    endloop
  endfacet
  facet normal 0 0 -1
    outer loop
      vertex 71.125 0 0
      vertex 68.6561 3.53554 0
      vertex 68.6943 3.68785 0
    endloop
  endfacet
  facet normal 0 0 -1
    outer loop
      vertex 71.125 0 0
      vertex 68.6032 3.38771 0
      vertex 68.6561 3.53554 0
    endloop
  endfacet
  facet normal 0 0 -1
    outer loop
      vertex 71.125 0 0
      vertex 68.5361 3.24576 0
      vertex 68.6032 3.38771 0
    endloop
  endfacet
  facet normal 0 0 -1
    outer loop
      vertex 71.125 0 0
      vertex 68.4554 3.11109 0
      vertex 68.5361 3.24576 0
    endloop
  endfacet
  facet normal 0 0 -1
    outer loop
      vertex 71.125 0 0
      vertex 68.3618 2.98497 0
      vertex 68.4554 3.11109 0
    endloop
  endfacet
  facet normal 0 0 -1
    outer loop
      vertex 71.125 0 0
      vertex 68.2564 2.86863 0
      vertex 68.3618 2.98497 0
    endloop
  endfacet
  facet normal 0 0 -1
    outer loop
      vertex 71.125 0 0
      vertex 68.14 2.76318 0
      vertex 68.2564 2.86863 0
    endloop
  endfacet
  facet normal 0 0 -1
    outer loop
      vertex 71.125 0 0
      vertex 68.0139 2.66965 0
      vertex 68.14 2.76318 0
    endloop
  endfacet
  facet normal 0 0 -1
    outer loop
      vertex 71.125 0 0
      vertex 67.8792 2.58893 0
      vertex 68.0139 2.66965 0
    endloop
  endfacet
  facet normal 0 0 -1
    outer loop
      vertex 71.125 0 0
      vertex 67.7373 2.52179 0
      vertex 67.8792 2.58893 0
    endloop
  endfacet
  facet normal 0 0 -1
    outer loop
      vertex 71.125 0 0
      vertex 67.5895 2.46889 0
      vertex 67.7373 2.52179 0
    endloop
  endfacet
  facet normal 0 0 -1
    outer loop
      vertex 71.125 0 0
      vertex 67.4371 2.43074 0
      vertex 67.5895 2.46889 0
    endloop
  endfacet
  facet normal 0 0 -1
    outer loop
      vertex 71.125 0 0
      vertex 67.2818 2.4077 0
      vertex 67.4371 2.43074 0
    endloop
  endfacet
  facet normal 0 0 -1
    outer loop
      vertex 71.125 0 0
      vertex 67.125 2.4 0
      vertex 67.2818 2.4077 0
    endloop
  endfacet
  facet normal 0 0 -1
    outer loop
      vertex 71.125 0 0
      vertex 66.9682 2.4077 0
      vertex 67.125 2.4 0
    endloop
  endfacet
  facet normal 0 0 -1
    outer loop
      vertex 71.125 0 0
      vertex 66.8129 2.43074 0
      vertex 66.9682 2.4077 0
    endloop
  endfacet
  facet normal 0 0 -1
    outer loop
      vertex 71.125 0 0
      vertex 66.6605 2.46889 0
      vertex 66.8129 2.43074 0
    endloop
  endfacet
  facet normal 0 0 -1
    outer loop
      vertex 71.125 0 0
      vertex 66.5127 2.52179 0
      vertex 66.6605 2.46889 0
    endloop
  endfacet
  facet normal 0 0 -1
    outer loop
      vertex 71.125 0 0
      vertex 66.3708 2.58893 0
      vertex 66.5127 2.52179 0
    endloop
  endfacet
  facet normal 0 0 -1
    outer loop
      vertex 66.8129 5.56926 0
      vertex 64.6857 13.6037 0
      vertex 65.4473 13.7945 0
    endloop
  endfacet
  facet normal 0 0 -1
    outer loop
      vertex 59.3538 14.3946 0
      vertex 65.525 4 0
      vertex 65.5327 3.84317 0
    endloop
  endfacet
  facet normal 0 0 -1
    outer loop
      vertex 65.5327 4.15683 0
      vertex 63.9091 13.4885 0
      vertex 64.6857 13.6037 0
    endloop
  endfacet
  facet normal 0 0 -1
    outer loop
      vertex 58.6804 14.7982 0
      vertex 65.5327 3.84317 0
      vertex 65.5557 3.68785 0
    endloop
  endfacet
  facet normal 0 0 -1
    outer loop
      vertex 65.5327 4.15683 0
      vertex 63.125 13.45 0
      vertex 63.9091 13.4885 0
    endloop
  endfacet
  facet normal 0 0 -1
    outer loop
      vertex 65.5327 4.15683 0
      vertex 62.3409 13.4885 0
      vertex 63.125 13.45 0
    endloop
  endfacet
  facet normal 0 0 -1
    outer loop
      vertex 29.3177 4.18229 0
      vertex 65.5557 3.68785 0
      vertex 65.5939 3.53554 0
    endloop
  endfacet
  facet normal 0 0 -1
    outer loop
      vertex 65.5327 4.15683 0
      vertex 61.5643 13.6037 0
      vertex 62.3409 13.4885 0
    endloop
  endfacet
  facet normal 0 0 -1
    outer loop
      vertex 29.2929 4.11299 0
      vertex 65.5939 3.53554 0
      vertex 65.6468 3.38771 0
    endloop
  endfacet
  facet normal 0 0 -1
    outer loop
      vertex 65.5327 4.15683 0
      vertex 60.8027 13.7945 0
      vertex 61.5643 13.6037 0
    endloop
  endfacet
  facet normal 0 0 -1
    outer loop
      vertex 65.5327 4.15683 0
      vertex 60.0635 14.059 0
      vertex 60.8027 13.7945 0
    endloop
  endfacet
  facet normal 0 0 -1
    outer loop
      vertex 29.2614 4.04645 0
      vertex 65.6468 3.38771 0
      vertex 65.7139 3.24576 0
    endloop
  endfacet
  facet normal 0 0 -1
    outer loop
      vertex 65.5327 4.15683 0
      vertex 59.3538 14.3946 0
      vertex 60.0635 14.059 0
    endloop
  endfacet
  facet normal 0 0 -1
    outer loop
      vertex 65.5327 3.84317 0
      vertex 58.6804 14.7982 0
      vertex 59.3538 14.3946 0
    endloop
  endfacet
  facet normal 0 0 -1
    outer loop
      vertex 29.2236 3.98332 0
      vertex 65.7139 3.24576 0
      vertex 65.7946 3.11109 0
    endloop
  endfacet
  facet normal 0 0 -1
    outer loop
      vertex 65.5557 3.68785 0
      vertex 29.3356 4.25368 0
      vertex 58.6804 14.7982 0
    endloop
  endfacet
  facet normal -0 0 -1
    outer loop
      vertex 58.6804 14.7982 0
      vertex 29.3356 4.25368 0
      vertex 58.0499 15.2659 0
    endloop
  endfacet
  facet normal 0 -0 -1
    outer loop
      vertex 29.3464 4.32649 0
      vertex 58.0499 15.2659 0
      vertex 29.3356 4.25368 0
    endloop
  endfacet
  facet normal -0 0 -1
    outer loop
      vertex 58.0499 15.2659 0
      vertex 29.3464 4.32649 0
      vertex 57.4681 15.7931 0
    endloop
  endfacet
  facet normal 0 0 -1
    outer loop
      vertex 29.2614 4.75355 0
      vertex 56.0696 17.6788 0
      vertex 29.2929 4.68701 0
    endloop
  endfacet
  facet normal 0 0 -1
    outer loop
      vertex 29.2929 4.68701 0
      vertex 56.0696 17.6788 0
      vertex 29.3177 4.61771 0
    endloop
  endfacet
  facet normal -0 0 -1
    outer loop
      vertex 56.4732 17.0054 0
      vertex 29.3177 4.61771 0
      vertex 56.0696 17.6788 0
    endloop
  endfacet
  facet normal 0 0 -1
    outer loop
      vertex 29.3177 4.61771 0
      vertex 56.4732 17.0054 0
      vertex 29.3356 4.54632 0
    endloop
  endfacet
  facet normal -0 0 -1
    outer loop
      vertex 56.9409 16.3749 0
      vertex 29.3356 4.54632 0
      vertex 56.4732 17.0054 0
    endloop
  endfacet
  facet normal 0 0 -1
    outer loop
      vertex 29.3356 4.54632 0
      vertex 56.9409 16.3749 0
      vertex 29.3464 4.47351 0
    endloop
  endfacet
  facet normal 0 -0 -1
    outer loop
      vertex 29.35 4.4 0
      vertex 57.4681 15.7931 0
      vertex 29.3464 4.32649 0
    endloop
  endfacet
  facet normal 0 0 -1
    outer loop
      vertex 29.1798 3.9242 0
      vertex 65.7946 3.11109 0
      vertex 65.8882 2.98497 0
    endloop
  endfacet
  facet normal 0 0 -1
    outer loop
      vertex 29.1303 3.86967 0
      vertex 65.8882 2.98497 0
      vertex 65.9936 2.86863 0
    endloop
  endfacet
  facet normal 0 0 -1
    outer loop
      vertex 29.0758 3.82024 0
      vertex 65.9936 2.86863 0
      vertex 66.11 2.76318 0
    endloop
  endfacet
  facet normal 0 0 -1
    outer loop
      vertex 29.0167 3.7764 0
      vertex 66.11 2.76318 0
      vertex 66.2361 2.66965 0
    endloop
  endfacet
  facet normal 0 0 -1
    outer loop
      vertex 28.9535 3.73856 0
      vertex 66.2361 2.66965 0
      vertex 66.3708 2.58893 0
    endloop
  endfacet
  facet normal 0 0 -1
    outer loop
      vertex 28.887 3.70709 0
      vertex 66.3708 2.58893 0
      vertex 71.125 0 0
    endloop
  endfacet
  facet normal 0 0 -1
    outer loop
      vertex 29.3464 4.47351 0
      vertex 56.9409 16.3749 0
      vertex 29.35 4.4 0
    endloop
  endfacet
  facet normal -0 0 -1
    outer loop
      vertex 57.4681 15.7931 0
      vertex 29.35 4.4 0
      vertex 56.9409 16.3749 0
    endloop
  endfacet
  facet normal 0 0 -1
    outer loop
      vertex 65.5557 3.68785 0
      vertex 29.3177 4.18229 0
      vertex 29.3356 4.25368 0
    endloop
  endfacet
  facet normal 0 0 -1
    outer loop
      vertex 65.5939 3.53554 0
      vertex 29.2929 4.11299 0
      vertex 29.3177 4.18229 0
    endloop
  endfacet
  facet normal 0 0 -1
    outer loop
      vertex 65.6468 3.38771 0
      vertex 29.2614 4.04645 0
      vertex 29.2929 4.11299 0
    endloop
  endfacet
  facet normal 0 0 -1
    outer loop
      vertex 65.7139 3.24576 0
      vertex 29.2236 3.98332 0
      vertex 29.2614 4.04645 0
    endloop
  endfacet
  facet normal 0 0 -1
    outer loop
      vertex 65.7946 3.11109 0
      vertex 29.1798 3.9242 0
      vertex 29.2236 3.98332 0
    endloop
  endfacet
  facet normal 0 0 -1
    outer loop
      vertex 65.8882 2.98497 0
      vertex 29.1303 3.86967 0
      vertex 29.1798 3.9242 0
    endloop
  endfacet
  facet normal 0 0 -1
    outer loop
      vertex 65.9936 2.86863 0
      vertex 29.0758 3.82024 0
      vertex 29.1303 3.86967 0
    endloop
  endfacet
  facet normal 0 0 -1
    outer loop
      vertex 66.11 2.76318 0
      vertex 29.0167 3.7764 0
      vertex 29.0758 3.82024 0
    endloop
  endfacet
  facet normal 0 0 -1
    outer loop
      vertex 66.2361 2.66965 0
      vertex 28.9535 3.73856 0
      vertex 29.0167 3.7764 0
    endloop
  endfacet
  facet normal 0 0 -1
    outer loop
      vertex 66.3708 2.58893 0
      vertex 28.887 3.70709 0
      vertex 28.9535 3.73856 0
    endloop
  endfacet
  facet normal 0 0 -1
    outer loop
      vertex 71.125 0 0
      vertex 28.8177 3.68229 0
      vertex 28.887 3.70709 0
    endloop
  endfacet
  facet normal 0 0 -1
    outer loop
      vertex 71.125 0 0
      vertex 28.7463 3.66441 0
      vertex 28.8177 3.68229 0
    endloop
  endfacet
  facet normal 0 0 -1
    outer loop
      vertex 71.125 0 0
      vertex 28.6735 3.65361 0
      vertex 28.7463 3.66441 0
    endloop
  endfacet
  facet normal 0 0 -1
    outer loop
      vertex 71.125 0 0
      vertex 28.6 3.65 0
      vertex 28.6735 3.65361 0
    endloop
  endfacet
  facet normal 0 0 -1
    outer loop
      vertex 0 0 0
      vertex 28.6 3.65 0
      vertex 71.125 0 0
    endloop
  endfacet
  facet normal 0 0 -1
    outer loop
      vertex 27.8536 4.32649 0
      vertex 14.15 4.4 0
      vertex 27.85 4.4 0
    endloop
  endfacet
  facet normal 0 0 -1
    outer loop
      vertex 14.1464 4.32649 0
      vertex 27.8536 4.32649 0
      vertex 27.8644 4.25368 0
    endloop
  endfacet
  facet normal 0 0 -1
    outer loop
      vertex 14.1356 4.25368 0
      vertex 27.8644 4.25368 0
      vertex 27.8823 4.18229 0
    endloop
  endfacet
  facet normal 0 0 -1
    outer loop
      vertex 14.1177 4.18229 0
      vertex 27.8823 4.18229 0
      vertex 27.9071 4.11299 0
    endloop
  endfacet
  facet normal 0 0 -1
    outer loop
      vertex 14.0929 4.11299 0
      vertex 27.9071 4.11299 0
      vertex 27.9386 4.04645 0
    endloop
  endfacet
  facet normal 0 0 -1
    outer loop
      vertex 14.0614 4.04645 0
      vertex 27.9386 4.04645 0
      vertex 27.9764 3.98332 0
    endloop
  endfacet
  facet normal 0 0 -1
    outer loop
      vertex 14.0236 3.98332 0
      vertex 27.9764 3.98332 0
      vertex 28.0202 3.9242 0
    endloop
  endfacet
  facet normal 0 0 -1
    outer loop
      vertex 13.9798 3.9242 0
      vertex 28.0202 3.9242 0
      vertex 28.0697 3.86967 0
    endloop
  endfacet
  facet normal 0 0 -1
    outer loop
      vertex 13.9303 3.86967 0
      vertex 28.0697 3.86967 0
      vertex 28.1242 3.82024 0
    endloop
  endfacet
  facet normal 0 0 -1
    outer loop
      vertex 13.8758 3.82024 0
      vertex 28.1242 3.82024 0
      vertex 28.1833 3.7764 0
    endloop
  endfacet
  facet normal 0 0 -1
    outer loop
      vertex 13.8167 3.7764 0
      vertex 28.1833 3.7764 0
      vertex 28.2465 3.73856 0
    endloop
  endfacet
  facet normal 0 0 -1
    outer loop
      vertex 13.7535 3.73856 0
      vertex 28.2465 3.73856 0
      vertex 28.313 3.70709 0
    endloop
  endfacet
  facet normal 0 0 -1
    outer loop
      vertex 13.687 3.70709 0
      vertex 28.313 3.70709 0
      vertex 28.3823 3.68229 0
    endloop
  endfacet
  facet normal 0 0 -1
    outer loop
      vertex 13.6177 3.68229 0
      vertex 28.3823 3.68229 0
      vertex 28.4537 3.66441 0
    endloop
  endfacet
  facet normal 0 0 -1
    outer loop
      vertex 13.5463 3.66441 0
      vertex 28.4537 3.66441 0
      vertex 28.5265 3.65361 0
    endloop
  endfacet
  facet normal -0 0 -1
    outer loop
      vertex 28.6 3.65 0
      vertex 0 0 0
      vertex 28.5265 3.65361 0
    endloop
  endfacet
  facet normal 0 0 -1
    outer loop
      vertex 27.8536 4.32649 0
      vertex 14.1464 4.32649 0
      vertex 14.15 4.4 0
    endloop
  endfacet
  facet normal 0 0 -1
    outer loop
      vertex 27.8644 4.25368 0
      vertex 14.1356 4.25368 0
      vertex 14.1464 4.32649 0
    endloop
  endfacet
  facet normal 0 0 -1
    outer loop
      vertex 27.8823 4.18229 0
      vertex 14.1177 4.18229 0
      vertex 14.1356 4.25368 0
    endloop
  endfacet
  facet normal 0 0 -1
    outer loop
      vertex 27.9071 4.11299 0
      vertex 14.0929 4.11299 0
      vertex 14.1177 4.18229 0
    endloop
  endfacet
  facet normal 0 0 -1
    outer loop
      vertex 27.9386 4.04645 0
      vertex 14.0614 4.04645 0
      vertex 14.0929 4.11299 0
    endloop
  endfacet
  facet normal 0 0 -1
    outer loop
      vertex 27.9764 3.98332 0
      vertex 14.0236 3.98332 0
      vertex 14.0614 4.04645 0
    endloop
  endfacet
  facet normal 0 0 -1
    outer loop
      vertex 28.0202 3.9242 0
      vertex 13.9798 3.9242 0
      vertex 14.0236 3.98332 0
    endloop
  endfacet
  facet normal 0 0 -1
    outer loop
      vertex 28.0697 3.86967 0
      vertex 13.9303 3.86967 0
      vertex 13.9798 3.9242 0
    endloop
  endfacet
  facet normal 0 0 -1
    outer loop
      vertex 28.1242 3.82024 0
      vertex 13.8758 3.82024 0
      vertex 13.9303 3.86967 0
    endloop
  endfacet
  facet normal 0 0 -1
    outer loop
      vertex 28.1833 3.7764 0
      vertex 13.8167 3.7764 0
      vertex 13.8758 3.82024 0
    endloop
  endfacet
  facet normal 0 0 -1
    outer loop
      vertex 28.2465 3.73856 0
      vertex 13.7535 3.73856 0
      vertex 13.8167 3.7764 0
    endloop
  endfacet
  facet normal 0 0 -1
    outer loop
      vertex 28.313 3.70709 0
      vertex 13.687 3.70709 0
      vertex 13.7535 3.73856 0
    endloop
  endfacet
  facet normal 0 0 -1
    outer loop
      vertex 28.3823 3.68229 0
      vertex 13.6177 3.68229 0
      vertex 13.687 3.70709 0
    endloop
  endfacet
  facet normal 0 0 -1
    outer loop
      vertex 28.4537 3.66441 0
      vertex 13.5463 3.66441 0
      vertex 13.6177 3.68229 0
    endloop
  endfacet
  facet normal 0 -0 -1
    outer loop
      vertex 13.4735 3.65361 0
      vertex 28.5265 3.65361 0
      vertex 0 0 0
    endloop
  endfacet
  facet normal 0 0 -1
    outer loop
      vertex 28.5265 3.65361 0
      vertex 13.4735 3.65361 0
      vertex 13.5463 3.66441 0
    endloop
  endfacet
  facet normal 0 0 -1
    outer loop
      vertex 13.4735 3.65361 0
      vertex 0 0 0
      vertex 13.4 3.65 0
    endloop
  endfacet
  facet normal -0 0 -1
    outer loop
      vertex 12.6536 4.32649 0
      vertex 5.6 4 0
      vertex 12.65 4.4 0
    endloop
  endfacet
  facet normal -0 0 -1
    outer loop
      vertex 12.6644 4.25368 0
      vertex 5.6 4 0
      vertex 12.6536 4.32649 0
    endloop
  endfacet
  facet normal 0 0 -1
    outer loop
      vertex 5.59229 3.84317 0
      vertex 12.6644 4.25368 0
      vertex 12.6823 4.18229 0
    endloop
  endfacet
  facet normal 0 0 -1
    outer loop
      vertex 5.56926 3.68785 0
      vertex 12.6823 4.18229 0
      vertex 12.7071 4.11299 0
    endloop
  endfacet
  facet normal 0 0 -1
    outer loop
      vertex 5.5311 3.53554 0
      vertex 12.7071 4.11299 0
      vertex 12.7386 4.04645 0
    endloop
  endfacet
  facet normal 0 0 -1
    outer loop
      vertex 5.47821 3.38771 0
      vertex 12.7386 4.04645 0
      vertex 12.7764 3.98332 0
    endloop
  endfacet
  facet normal 0 0 -1
    outer loop
      vertex 5.41107 3.24576 0
      vertex 12.7764 3.98332 0
      vertex 12.8202 3.9242 0
    endloop
  endfacet
  facet normal 0 0 -1
    outer loop
      vertex 5.41107 3.24576 0
      vertex 12.8202 3.9242 0
      vertex 12.8697 3.86967 0
    endloop
  endfacet
  facet normal 0 0 -1
    outer loop
      vertex 5.33035 3.11109 0
      vertex 12.8697 3.86967 0
      vertex 12.9242 3.82024 0
    endloop
  endfacet
  facet normal 0 0 -1
    outer loop
      vertex 5.23682 2.98497 0
      vertex 12.9242 3.82024 0
      vertex 12.9833 3.7764 0
    endloop
  endfacet
  facet normal 0 0 -1
    outer loop
      vertex 5.13137 2.86863 0
      vertex 12.9833 3.7764 0
      vertex 13.0465 3.73856 0
    endloop
  endfacet
  facet normal 0 0 -1
    outer loop
      vertex 5.01503 2.76318 0
      vertex 13.0465 3.73856 0
      vertex 13.113 3.70709 0
    endloop
  endfacet
  facet normal 0 0 -1
    outer loop
      vertex 4.88891 2.66965 0
      vertex 13.113 3.70709 0
      vertex 13.1823 3.68229 0
    endloop
  endfacet
  facet normal 0 0 -1
    outer loop
      vertex 4.75423 2.58893 0
      vertex 13.1823 3.68229 0
      vertex 13.2537 3.66441 0
    endloop
  endfacet
  facet normal 0 0 -1
    outer loop
      vertex 4.61229 2.52179 0
      vertex 13.2537 3.66441 0
      vertex 13.3265 3.65361 0
    endloop
  endfacet
  facet normal -0 0 -1
    outer loop
      vertex 13.4 3.65 0
      vertex 0 0 0
      vertex 13.3265 3.65361 0
    endloop
  endfacet
  facet normal 0 0 -1
    outer loop
      vertex 12.6644 4.25368 0
      vertex 5.59229 3.84317 0
      vertex 5.6 4 0
    endloop
  endfacet
  facet normal 0 0 -1
    outer loop
      vertex 12.6823 4.18229 0
      vertex 5.56926 3.68785 0
      vertex 5.59229 3.84317 0
    endloop
  endfacet
  facet normal 0 0 -1
    outer loop
      vertex 12.7071 4.11299 0
      vertex 5.5311 3.53554 0
      vertex 5.56926 3.68785 0
    endloop
  endfacet
  facet normal 0 0 -1
    outer loop
      vertex 12.7386 4.04645 0
      vertex 5.47821 3.38771 0
      vertex 5.5311 3.53554 0
    endloop
  endfacet
  facet normal 0 0 -1
    outer loop
      vertex 12.7764 3.98332 0
      vertex 5.41107 3.24576 0
      vertex 5.47821 3.38771 0
    endloop
  endfacet
  facet normal 0 0 -1
    outer loop
      vertex 12.8697 3.86967 0
      vertex 5.33035 3.11109 0
      vertex 5.41107 3.24576 0
    endloop
  endfacet
  facet normal 0 0 -1
    outer loop
      vertex 12.9242 3.82024 0
      vertex 5.23682 2.98497 0
      vertex 5.33035 3.11109 0
    endloop
  endfacet
  facet normal 0 0 -1
    outer loop
      vertex 12.9833 3.7764 0
      vertex 5.13137 2.86863 0
      vertex 5.23682 2.98497 0
    endloop
  endfacet
  facet normal 0 0 -1
    outer loop
      vertex 13.0465 3.73856 0
      vertex 5.01503 2.76318 0
      vertex 5.13137 2.86863 0
    endloop
  endfacet
  facet normal 0 0 -1
    outer loop
      vertex 13.113 3.70709 0
      vertex 4.88891 2.66965 0
      vertex 5.01503 2.76318 0
    endloop
  endfacet
  facet normal 0 0 -1
    outer loop
      vertex 13.1823 3.68229 0
      vertex 4.75423 2.58893 0
      vertex 4.88891 2.66965 0
    endloop
  endfacet
  facet normal 0 -0 -1
    outer loop
      vertex 4.61229 2.52179 0
      vertex 13.3265 3.65361 0
      vertex 0 0 0
    endloop
  endfacet
  facet normal 0 0 -1
    outer loop
      vertex 13.2537 3.66441 0
      vertex 4.61229 2.52179 0
      vertex 4.75423 2.58893 0
    endloop
  endfacet
  facet normal 0 0 -1
    outer loop
      vertex 4.61229 2.52179 0
      vertex 0 0 0
      vertex 4.46445 2.46889 0
    endloop
  endfacet
  facet normal 0 0 -1
    outer loop
      vertex 4.46445 2.46889 0
      vertex 0 0 0
      vertex 4.31214 2.43074 0
    endloop
  endfacet
  facet normal 0 0 -1
    outer loop
      vertex 4.31214 2.43074 0
      vertex 0 0 0
      vertex 4.15683 2.4077 0
    endloop
  endfacet
  facet normal 0 0 -1
    outer loop
      vertex 2.43074 38.5879 0
      vertex 0 42.9 0
      vertex 2.4077 38.7432 0
    endloop
  endfacet
  facet normal -0 0 -1
    outer loop
      vertex 2.4077 3.84317 0
      vertex 0 0 0
      vertex 2.4 4 0
    endloop
  endfacet
  facet normal -0 0 -1
    outer loop
      vertex 2.43074 3.68785 0
      vertex 0 0 0
      vertex 2.4077 3.84317 0
    endloop
  endfacet
  facet normal -0 0 -1
    outer loop
      vertex 2.46889 3.53554 0
      vertex 0 0 0
      vertex 2.43074 3.68785 0
    endloop
  endfacet
  facet normal -0 0 -1
    outer loop
      vertex 2.52179 3.38771 0
      vertex 0 0 0
      vertex 2.46889 3.53554 0
    endloop
  endfacet
  facet normal -0 0 -1
    outer loop
      vertex 2.58893 3.24576 0
      vertex 0 0 0
      vertex 2.52179 3.38771 0
    endloop
  endfacet
  facet normal -0 0 -1
    outer loop
      vertex 2.66965 3.11109 0
      vertex 0 0 0
      vertex 2.58893 3.24576 0
    endloop
  endfacet
  facet normal -0 0 -1
    outer loop
      vertex 2.76318 2.98497 0
      vertex 0 0 0
      vertex 2.66965 3.11109 0
    endloop
  endfacet
  facet normal -0 0 -1
    outer loop
      vertex 2.86863 2.86863 0
      vertex 0 0 0
      vertex 2.76318 2.98497 0
    endloop
  endfacet
  facet normal -0 0 -1
    outer loop
      vertex 2.98497 2.76318 0
      vertex 0 0 0
      vertex 2.86863 2.86863 0
    endloop
  endfacet
  facet normal -0 0 -1
    outer loop
      vertex 3.11109 2.66965 0
      vertex 0 0 0
      vertex 2.98497 2.76318 0
    endloop
  endfacet
  facet normal -0 0 -1
    outer loop
      vertex 3.24576 2.58893 0
      vertex 0 0 0
      vertex 3.11109 2.66965 0
    endloop
  endfacet
  facet normal -0 0 -1
    outer loop
      vertex 3.38771 2.52179 0
      vertex 0 0 0
      vertex 3.24576 2.58893 0
    endloop
  endfacet
  facet normal -0 0 -1
    outer loop
      vertex 3.53554 2.46889 0
      vertex 0 0 0
      vertex 3.38771 2.52179 0
    endloop
  endfacet
  facet normal -0 0 -1
    outer loop
      vertex 3.68785 2.43074 0
      vertex 0 0 0
      vertex 3.53554 2.46889 0
    endloop
  endfacet
  facet normal -0 0 -1
    outer loop
      vertex 3.84317 2.4077 0
      vertex 0 0 0
      vertex 3.68785 2.43074 0
    endloop
  endfacet
  facet normal -0 0 -1
    outer loop
      vertex 4 2.4 0
      vertex 0 0 0
      vertex 3.84317 2.4077 0
    endloop
  endfacet
  facet normal 0 0 -1
    outer loop
      vertex 4.15683 2.4077 0
      vertex 0 0 0
      vertex 4 2.4 0
    endloop
  endfacet
  facet normal 0 0 -1
    outer loop
      vertex 68.6943 4.31214 0
      vertex 71.125 0 0
      vertex 68.7173 4.15683 0
    endloop
  endfacet
  facet normal 0 0 -1
    outer loop
      vertex 68.6561 4.46445 0
      vertex 71.125 0 0
      vertex 68.6943 4.31214 0
    endloop
  endfacet
  facet normal 0 0 -1
    outer loop
      vertex 68.5361 4.75423 0
      vertex 69.7768 17.0054 0
      vertex 68.6032 4.61229 0
    endloop
  endfacet
  facet normal 0 0 -1
    outer loop
      vertex 69.7768 17.0054 0
      vertex 68.5361 4.75423 0
      vertex 69.3091 16.3749 0
    endloop
  endfacet
  facet normal 0 0 -1
    outer loop
      vertex 68.4554 4.88891 0
      vertex 69.3091 16.3749 0
      vertex 68.5361 4.75423 0
    endloop
  endfacet
  facet normal 0 0 -1
    outer loop
      vertex 69.3091 16.3749 0
      vertex 68.4554 4.88891 0
      vertex 68.7819 15.7931 0
    endloop
  endfacet
  facet normal 0 0 -1
    outer loop
      vertex 68.3618 5.01503 0
      vertex 68.7819 15.7931 0
      vertex 68.4554 4.88891 0
    endloop
  endfacet
  facet normal 0 0 -1
    outer loop
      vertex 68.2564 5.13137 0
      vertex 68.7819 15.7931 0
      vertex 68.3618 5.01503 0
    endloop
  endfacet
  facet normal 0 0 -1
    outer loop
      vertex 68.2564 5.13137 0
      vertex 68.2001 15.2659 0
      vertex 68.7819 15.7931 0
    endloop
  endfacet
  facet normal 0 0 -1
    outer loop
      vertex 68.14 5.23682 0
      vertex 68.2001 15.2659 0
      vertex 68.2564 5.13137 0
    endloop
  endfacet
  facet normal 0 0 -1
    outer loop
      vertex 68.0139 5.33035 0
      vertex 68.2001 15.2659 0
      vertex 68.14 5.23682 0
    endloop
  endfacet
  facet normal 0 0 -1
    outer loop
      vertex 67.5696 14.7982 0
      vertex 68.0139 5.33035 0
      vertex 67.8792 5.41107 0
    endloop
  endfacet
  facet normal 0 0 -1
    outer loop
      vertex 67.5696 14.7982 0
      vertex 67.8792 5.41107 0
      vertex 67.7373 5.47821 0
    endloop
  endfacet
  facet normal 0 0 -1
    outer loop
      vertex 66.8962 14.3946 0
      vertex 67.7373 5.47821 0
      vertex 67.5895 5.5311 0
    endloop
  endfacet
  facet normal 0 0 -1
    outer loop
      vertex 68.0139 5.33035 0
      vertex 67.5696 14.7982 0
      vertex 68.2001 15.2659 0
    endloop
  endfacet
  facet normal 0 0 -1
    outer loop
      vertex 66.8962 14.3946 0
      vertex 67.5895 5.5311 0
      vertex 67.4371 5.56926 0
    endloop
  endfacet
  facet normal 0 0 -1
    outer loop
      vertex 66.1865 14.059 0
      vertex 67.4371 5.56926 0
      vertex 67.2818 5.59229 0
    endloop
  endfacet
  facet normal 0 0 -1
    outer loop
      vertex 66.1865 14.059 0
      vertex 67.2818 5.59229 0
      vertex 67.125 5.6 0
    endloop
  endfacet
  facet normal 0 0 -1
    outer loop
      vertex 65.4473 13.7945 0
      vertex 67.125 5.6 0
      vertex 66.9682 5.59229 0
    endloop
  endfacet
  facet normal 0 0 -1
    outer loop
      vertex 67.7373 5.47821 0
      vertex 66.8962 14.3946 0
      vertex 67.5696 14.7982 0
    endloop
  endfacet
  facet normal 0 0 -1
    outer loop
      vertex 65.4473 13.7945 0
      vertex 66.9682 5.59229 0
      vertex 66.8129 5.56926 0
    endloop
  endfacet
  facet normal 0 0 -1
    outer loop
      vertex 64.6857 13.6037 0
      vertex 66.8129 5.56926 0
      vertex 66.6605 5.5311 0
    endloop
  endfacet
  facet normal 0 0 -1
    outer loop
      vertex 64.6857 13.6037 0
      vertex 66.6605 5.5311 0
      vertex 66.5127 5.47821 0
    endloop
  endfacet
  facet normal 0 0 -1
    outer loop
      vertex 64.6857 13.6037 0
      vertex 66.5127 5.47821 0
      vertex 66.3708 5.41107 0
    endloop
  endfacet
  facet normal 0 0 -1
    outer loop
      vertex 64.6857 13.6037 0
      vertex 66.3708 5.41107 0
      vertex 66.2361 5.33035 0
    endloop
  endfacet
  facet normal 0 0 -1
    outer loop
      vertex 67.4371 5.56926 0
      vertex 66.1865 14.059 0
      vertex 66.8962 14.3946 0
    endloop
  endfacet
  facet normal 0 0 -1
    outer loop
      vertex 64.6857 13.6037 0
      vertex 66.2361 5.33035 0
      vertex 66.11 5.23682 0
    endloop
  endfacet
  facet normal 0 0 -1
    outer loop
      vertex 64.6857 13.6037 0
      vertex 66.11 5.23682 0
      vertex 65.9936 5.13137 0
    endloop
  endfacet
  facet normal 0 0 -1
    outer loop
      vertex 64.6857 13.6037 0
      vertex 65.9936 5.13137 0
      vertex 65.8882 5.01503 0
    endloop
  endfacet
  facet normal 0 0 -1
    outer loop
      vertex 64.6857 13.6037 0
      vertex 65.8882 5.01503 0
      vertex 65.7946 4.88891 0
    endloop
  endfacet
  facet normal 0 0 -1
    outer loop
      vertex 64.6857 13.6037 0
      vertex 65.7946 4.88891 0
      vertex 65.7139 4.75423 0
    endloop
  endfacet
  facet normal 0 0 -1
    outer loop
      vertex 64.6857 13.6037 0
      vertex 65.7139 4.75423 0
      vertex 65.6468 4.61229 0
    endloop
  endfacet
  facet normal 0 0 -1
    outer loop
      vertex 64.6857 13.6037 0
      vertex 65.6468 4.61229 0
      vertex 65.5939 4.46445 0
    endloop
  endfacet
  facet normal 0 0 -1
    outer loop
      vertex 64.6857 13.6037 0
      vertex 65.5939 4.46445 0
      vertex 65.5557 4.31214 0
    endloop
  endfacet
  facet normal 0 0 -1
    outer loop
      vertex 64.6857 13.6037 0
      vertex 65.5557 4.31214 0
      vertex 65.5327 4.15683 0
    endloop
  endfacet
  facet normal 0 0 -1
    outer loop
      vertex 67.125 5.6 0
      vertex 65.4473 13.7945 0
      vertex 66.1865 14.059 0
    endloop
  endfacet
  facet normal 0 0 -1
    outer loop
      vertex 59.3538 14.3946 0
      vertex 65.5327 4.15683 0
      vertex 65.525 4 0
    endloop
  endfacet
  facet normal 0 0 -1
    outer loop
      vertex 71.125 42.9 0
      vertex 68.7173 38.7432 0
      vertex 68.725 38.9 0
    endloop
  endfacet
  facet normal 0 0 -1
    outer loop
      vertex 69.3091 26.5251 0
      vertex 68.6943 38.5879 0
      vertex 68.7173 38.7432 0
    endloop
  endfacet
  facet normal 0 0 -1
    outer loop
      vertex 69.3091 26.5251 0
      vertex 68.6561 38.4355 0
      vertex 68.6943 38.5879 0
    endloop
  endfacet
  facet normal 0 0 -1
    outer loop
      vertex 69.3091 26.5251 0
      vertex 68.6032 38.2877 0
      vertex 68.6561 38.4355 0
    endloop
  endfacet
  facet normal 0 0 -1
    outer loop
      vertex 69.3091 26.5251 0
      vertex 68.5361 38.1458 0
      vertex 68.6032 38.2877 0
    endloop
  endfacet
  facet normal 0 0 -1
    outer loop
      vertex 69.3091 26.5251 0
      vertex 68.4554 38.0111 0
      vertex 68.5361 38.1458 0
    endloop
  endfacet
  facet normal 0 0 -1
    outer loop
      vertex 68.7819 27.1069 0
      vertex 68.3618 37.885 0
      vertex 68.4554 38.0111 0
    endloop
  endfacet
  facet normal 0 0 -1
    outer loop
      vertex 68.7819 27.1069 0
      vertex 68.2564 37.7686 0
      vertex 68.3618 37.885 0
    endloop
  endfacet
  facet normal 0 0 -1
    outer loop
      vertex 68.2001 27.6341 0
      vertex 68.2564 37.7686 0
      vertex 68.7819 27.1069 0
    endloop
  endfacet
  facet normal 0 0 -1
    outer loop
      vertex 68.2001 27.6341 0
      vertex 68.14 37.6632 0
      vertex 68.2564 37.7686 0
    endloop
  endfacet
  facet normal 0 0 -1
    outer loop
      vertex 68.2001 27.6341 0
      vertex 68.0139 37.5696 0
      vertex 68.14 37.6632 0
    endloop
  endfacet
  facet normal 0 0 -1
    outer loop
      vertex 67.5696 28.1018 0
      vertex 68.0139 37.5696 0
      vertex 68.2001 27.6341 0
    endloop
  endfacet
  facet normal 0 0 -1
    outer loop
      vertex 68.0139 37.5696 0
      vertex 67.5696 28.1018 0
      vertex 67.8792 37.4889 0
    endloop
  endfacet
  facet normal 0 0 -1
    outer loop
      vertex 67.8792 37.4889 0
      vertex 67.5696 28.1018 0
      vertex 67.7373 37.4218 0
    endloop
  endfacet
  facet normal 0 0 -1
    outer loop
      vertex 66.8962 28.5054 0
      vertex 67.7373 37.4218 0
      vertex 67.5696 28.1018 0
    endloop
  endfacet
  facet normal 0 0 -1
    outer loop
      vertex 67.7373 37.4218 0
      vertex 66.8962 28.5054 0
      vertex 67.5895 37.3689 0
    endloop
  endfacet
  facet normal 0 0 -1
    outer loop
      vertex 67.5895 37.3689 0
      vertex 66.8962 28.5054 0
      vertex 67.4371 37.3307 0
    endloop
  endfacet
  facet normal 0 0 -1
    outer loop
      vertex 66.1865 28.841 0
      vertex 67.4371 37.3307 0
      vertex 66.8962 28.5054 0
    endloop
  endfacet
  facet normal 0 0 -1
    outer loop
      vertex 67.4371 37.3307 0
      vertex 66.1865 28.841 0
      vertex 67.2818 37.3077 0
    endloop
  endfacet
  facet normal 0 0 -1
    outer loop
      vertex 67.2818 37.3077 0
      vertex 66.1865 28.841 0
      vertex 67.125 37.3 0
    endloop
  endfacet
  facet normal 0 0 -1
    outer loop
      vertex 65.4473 29.1055 0
      vertex 67.125 37.3 0
      vertex 66.1865 28.841 0
    endloop
  endfacet
  facet normal -0 0 -1
    outer loop
      vertex 67.125 37.3 0
      vertex 65.4473 29.1055 0
      vertex 66.9682 37.3077 0
    endloop
  endfacet
  facet normal -0 0 -1
    outer loop
      vertex 66.9682 37.3077 0
      vertex 65.4473 29.1055 0
      vertex 66.8129 37.3307 0
    endloop
  endfacet
  facet normal 0 0 -1
    outer loop
      vertex 64.6857 29.2963 0
      vertex 66.8129 37.3307 0
      vertex 65.4473 29.1055 0
    endloop
  endfacet
  facet normal -0 0 -1
    outer loop
      vertex 66.8129 37.3307 0
      vertex 64.6857 29.2963 0
      vertex 66.6605 37.3689 0
    endloop
  endfacet
  facet normal -0 0 -1
    outer loop
      vertex 66.6605 37.3689 0
      vertex 64.6857 29.2963 0
      vertex 66.5127 37.4218 0
    endloop
  endfacet
  facet normal 0 0 -1
    outer loop
      vertex 63.9091 29.4115 0
      vertex 66.5127 37.4218 0
      vertex 64.6857 29.2963 0
    endloop
  endfacet
  facet normal -0 0 -1
    outer loop
      vertex 66.5127 37.4218 0
      vertex 63.9091 29.4115 0
      vertex 66.3708 37.4889 0
    endloop
  endfacet
  facet normal -0 0 -1
    outer loop
      vertex 66.3708 37.4889 0
      vertex 63.9091 29.4115 0
      vertex 66.2361 37.5696 0
    endloop
  endfacet
  facet normal 0 0 -1
    outer loop
      vertex 63.125 29.45 0
      vertex 66.2361 37.5696 0
      vertex 63.9091 29.4115 0
    endloop
  endfacet
  facet normal -0 0 -1
    outer loop
      vertex 66.2361 37.5696 0
      vertex 63.125 29.45 0
      vertex 66.11 37.6632 0
    endloop
  endfacet
  facet normal -0 0 -1
    outer loop
      vertex 66.11 37.6632 0
      vertex 63.125 29.45 0
      vertex 65.9936 37.7686 0
    endloop
  endfacet
  facet normal 0 0 -1
    outer loop
      vertex 62.3409 29.4115 0
      vertex 65.9936 37.7686 0
      vertex 63.125 29.45 0
    endloop
  endfacet
  facet normal -0 0 -1
    outer loop
      vertex 65.9936 37.7686 0
      vertex 62.3409 29.4115 0
      vertex 65.8882 37.885 0
    endloop
  endfacet
  facet normal -0 0 -1
    outer loop
      vertex 65.8882 37.885 0
      vertex 62.3409 29.4115 0
      vertex 65.7946 38.0111 0
    endloop
  endfacet
  facet normal -0 0 -1
    outer loop
      vertex 65.7946 38.0111 0
      vertex 61.5643 29.2963 0
      vertex 65.7139 38.1458 0
    endloop
  endfacet
  facet normal 0 0 -1
    outer loop
      vertex 61.5643 29.2963 0
      vertex 65.7946 38.0111 0
      vertex 62.3409 29.4115 0
    endloop
  endfacet
  facet normal 0 0 -1
    outer loop
      vertex 71.0865 22.2341 0
      vertex 71.125 42.9 0
      vertex 71.125 21.45 0
    endloop
  endfacet
  facet normal 0 0 -1
    outer loop
      vertex 70.9713 23.0107 0
      vertex 71.125 42.9 0
      vertex 71.0865 22.2341 0
    endloop
  endfacet
  facet normal 0 0 -1
    outer loop
      vertex 70.7805 23.7723 0
      vertex 71.125 42.9 0
      vertex 70.9713 23.0107 0
    endloop
  endfacet
  facet normal 0 0 -1
    outer loop
      vertex 70.516 24.5115 0
      vertex 71.125 42.9 0
      vertex 70.7805 23.7723 0
    endloop
  endfacet
  facet normal 0 0 -1
    outer loop
      vertex 70.1804 25.2212 0
      vertex 71.125 42.9 0
      vertex 70.516 24.5115 0
    endloop
  endfacet
  facet normal 0 0 -1
    outer loop
      vertex 69.7768 25.8946 0
      vertex 71.125 42.9 0
      vertex 70.1804 25.2212 0
    endloop
  endfacet
  facet normal 0 0 -1
    outer loop
      vertex 68.7173 38.7432 0
      vertex 69.7768 25.8946 0
      vertex 69.3091 26.5251 0
    endloop
  endfacet
  facet normal 0 0 -1
    outer loop
      vertex 68.4554 38.0111 0
      vertex 69.3091 26.5251 0
      vertex 68.7819 27.1069 0
    endloop
  endfacet
  facet normal 0 0 -1
    outer loop
      vertex 68.7173 38.7432 0
      vertex 71.125 42.9 0
      vertex 69.7768 25.8946 0
    endloop
  endfacet
  facet normal 0 0 -1
    outer loop
      vertex 68.7173 39.0568 0
      vertex 71.125 42.9 0
      vertex 68.725 38.9 0
    endloop
  endfacet
  facet normal 0 0 -1
    outer loop
      vertex 68.6943 39.2121 0
      vertex 71.125 42.9 0
      vertex 68.7173 39.0568 0
    endloop
  endfacet
  facet normal 0 0 -1
    outer loop
      vertex 68.6561 39.3645 0
      vertex 71.125 42.9 0
      vertex 68.6943 39.2121 0
    endloop
  endfacet
  facet normal 0 0 -1
    outer loop
      vertex 68.6032 39.5123 0
      vertex 71.125 42.9 0
      vertex 68.6561 39.3645 0
    endloop
  endfacet
  facet normal 0 0 -1
    outer loop
      vertex 68.5361 39.6542 0
      vertex 71.125 42.9 0
      vertex 68.6032 39.5123 0
    endloop
  endfacet
  facet normal 0 0 -1
    outer loop
      vertex 68.4554 39.7889 0
      vertex 71.125 42.9 0
      vertex 68.5361 39.6542 0
    endloop
  endfacet
  facet normal 0 0 -1
    outer loop
      vertex 68.3618 39.915 0
      vertex 71.125 42.9 0
      vertex 68.4554 39.7889 0
    endloop
  endfacet
  facet normal 0 0 -1
    outer loop
      vertex 68.2564 40.0314 0
      vertex 71.125 42.9 0
      vertex 68.3618 39.915 0
    endloop
  endfacet
  facet normal 0 0 -1
    outer loop
      vertex 68.14 40.1368 0
      vertex 71.125 42.9 0
      vertex 68.2564 40.0314 0
    endloop
  endfacet
  facet normal 0 0 -1
    outer loop
      vertex 68.0139 40.2304 0
      vertex 71.125 42.9 0
      vertex 68.14 40.1368 0
    endloop
  endfacet
  facet normal 0 0 -1
    outer loop
      vertex 67.8792 40.3111 0
      vertex 71.125 42.9 0
      vertex 68.0139 40.2304 0
    endloop
  endfacet
  facet normal 0 0 -1
    outer loop
      vertex 67.7373 40.3782 0
      vertex 71.125 42.9 0
      vertex 67.8792 40.3111 0
    endloop
  endfacet
  facet normal 0 0 -1
    outer loop
      vertex 67.5895 40.4311 0
      vertex 71.125 42.9 0
      vertex 67.7373 40.3782 0
    endloop
  endfacet
  facet normal 0 0 -1
    outer loop
      vertex 67.4371 40.4693 0
      vertex 71.125 42.9 0
      vertex 67.5895 40.4311 0
    endloop
  endfacet
  facet normal 0 0 -1
    outer loop
      vertex 67.2818 40.4923 0
      vertex 71.125 42.9 0
      vertex 67.4371 40.4693 0
    endloop
  endfacet
  facet normal 0 0 -1
    outer loop
      vertex 67.125 40.5 0
      vertex 71.125 42.9 0
      vertex 67.2818 40.4923 0
    endloop
  endfacet
  facet normal 0 0 -1
    outer loop
      vertex 66.9682 40.4923 0
      vertex 71.125 42.9 0
      vertex 67.125 40.5 0
    endloop
  endfacet
  facet normal 0 0 -1
    outer loop
      vertex 66.8129 40.4693 0
      vertex 71.125 42.9 0
      vertex 66.9682 40.4923 0
    endloop
  endfacet
  facet normal 0 0 -1
    outer loop
      vertex 66.6605 40.4311 0
      vertex 71.125 42.9 0
      vertex 66.8129 40.4693 0
    endloop
  endfacet
  facet normal 0 0 -1
    outer loop
      vertex 66.5127 40.3782 0
      vertex 71.125 42.9 0
      vertex 66.6605 40.4311 0
    endloop
  endfacet
  facet normal 0 0 -1
    outer loop
      vertex 66.3708 40.3111 0
      vertex 71.125 42.9 0
      vertex 66.5127 40.3782 0
    endloop
  endfacet
  facet normal -0 0 -1
    outer loop
      vertex 65.7139 38.1458 0
      vertex 61.5643 29.2963 0
      vertex 65.6468 38.2877 0
    endloop
  endfacet
  facet normal 0 0 -1
    outer loop
      vertex 60.8027 29.1055 0
      vertex 65.6468 38.2877 0
      vertex 61.5643 29.2963 0
    endloop
  endfacet
  facet normal -0 0 -1
    outer loop
      vertex 65.6468 38.2877 0
      vertex 60.8027 29.1055 0
      vertex 65.5939 38.4355 0
    endloop
  endfacet
  facet normal -0 0 -1
    outer loop
      vertex 65.5939 38.4355 0
      vertex 60.8027 29.1055 0
      vertex 65.5557 38.5879 0
    endloop
  endfacet
  facet normal 0 0 -1
    outer loop
      vertex 60.0635 28.841 0
      vertex 65.5557 38.5879 0
      vertex 60.8027 29.1055 0
    endloop
  endfacet
  facet normal -0 0 -1
    outer loop
      vertex 65.5557 38.5879 0
      vertex 60.0635 28.841 0
      vertex 65.5327 38.7432 0
    endloop
  endfacet
  facet normal 0 0 -1
    outer loop
      vertex 59.3538 28.5054 0
      vertex 65.5327 38.7432 0
      vertex 60.0635 28.841 0
    endloop
  endfacet
  facet normal -0 0 -1
    outer loop
      vertex 65.5327 38.7432 0
      vertex 59.3538 28.5054 0
      vertex 65.525 38.9 0
    endloop
  endfacet
  facet normal -0 0 -1
    outer loop
      vertex 65.525 38.9 0
      vertex 59.3538 28.5054 0
      vertex 65.5327 39.0568 0
    endloop
  endfacet
  facet normal 0 0 -1
    outer loop
      vertex 58.6804 28.1018 0
      vertex 65.5327 39.0568 0
      vertex 59.3538 28.5054 0
    endloop
  endfacet
  facet normal -0 0 -1
    outer loop
      vertex 65.5327 39.0568 0
      vertex 58.6804 28.1018 0
      vertex 65.5557 39.2121 0
    endloop
  endfacet
  facet normal 0 0 -1
    outer loop
      vertex 58.0499 27.6341 0
      vertex 65.5557 39.2121 0
      vertex 58.6804 28.1018 0
    endloop
  endfacet
  facet normal -0 0 -1
    outer loop
      vertex 65.5557 39.2121 0
      vertex 58.0499 27.6341 0
      vertex 65.5939 39.3645 0
    endloop
  endfacet
  facet normal 0 0 -1
    outer loop
      vertex 57.4681 27.1069 0
      vertex 65.5939 39.3645 0
      vertex 58.0499 27.6341 0
    endloop
  endfacet
  facet normal -0 0 -1
    outer loop
      vertex 65.5939 39.3645 0
      vertex 57.4681 27.1069 0
      vertex 65.6468 39.5123 0
    endloop
  endfacet
  facet normal 0 0 -1
    outer loop
      vertex 5.47821 39.5123 0
      vertex 65.6468 39.5123 0
      vertex 57.4681 27.1069 0
    endloop
  endfacet
  facet normal 0 0 -1
    outer loop
      vertex 65.6468 39.5123 0
      vertex 5.47821 39.5123 0
      vertex 65.7139 39.6542 0
    endloop
  endfacet
  facet normal 0 0 -1
    outer loop
      vertex 5.5311 39.3645 0
      vertex 57.4681 27.1069 0
      vertex 56.9409 26.5251 0
    endloop
  endfacet
  facet normal 0 0 -1
    outer loop
      vertex 5.56926 39.2121 0
      vertex 56.9409 26.5251 0
      vertex 56.4732 25.8946 0
    endloop
  endfacet
  facet normal -0 0 -1
    outer loop
      vertex 56.0696 17.6788 0
      vertex 29.2614 4.75355 0
      vertex 55.734 18.3885 0
    endloop
  endfacet
  facet normal 0 0 -1
    outer loop
      vertex 29.2236 4.81668 0
      vertex 55.734 18.3885 0
      vertex 29.2614 4.75355 0
    endloop
  endfacet
  facet normal -0 0 -1
    outer loop
      vertex 55.734 18.3885 0
      vertex 29.2236 4.81668 0
      vertex 55.4695 19.1277 0
    endloop
  endfacet
  facet normal 0 0 -1
    outer loop
      vertex 29.1798 4.87579 0
      vertex 55.4695 19.1277 0
      vertex 29.2236 4.81668 0
    endloop
  endfacet
  facet normal 0 0 -1
    outer loop
      vertex 29.1303 4.93033 0
      vertex 55.4695 19.1277 0
      vertex 29.1798 4.87579 0
    endloop
  endfacet
  facet normal -0 0 -1
    outer loop
      vertex 55.4695 19.1277 0
      vertex 29.1303 4.93033 0
      vertex 55.2787 19.8893 0
    endloop
  endfacet
  facet normal 0 0 -1
    outer loop
      vertex 29.0758 4.97976 0
      vertex 55.2787 19.8893 0
      vertex 29.1303 4.93033 0
    endloop
  endfacet
  facet normal -0 0 -1
    outer loop
      vertex 55.2787 19.8893 0
      vertex 29.0758 4.97976 0
      vertex 55.1635 20.6659 0
    endloop
  endfacet
  facet normal 0 0 -1
    outer loop
      vertex 29.0167 5.0236 0
      vertex 55.1635 20.6659 0
      vertex 29.0758 4.97976 0
    endloop
  endfacet
  facet normal 0 0 -1
    outer loop
      vertex 28.9535 5.06144 0
      vertex 55.1635 20.6659 0
      vertex 29.0167 5.0236 0
    endloop
  endfacet
  facet normal -0 0 -1
    outer loop
      vertex 55.1635 20.6659 0
      vertex 28.9535 5.06144 0
      vertex 55.125 21.45 0
    endloop
  endfacet
  facet normal 0 0 -1
    outer loop
      vertex 28.887 5.09291 0
      vertex 55.125 21.45 0
      vertex 28.9535 5.06144 0
    endloop
  endfacet
  facet normal -0 0 -1
    outer loop
      vertex 55.125 21.45 0
      vertex 28.887 5.09291 0
      vertex 55.1635 22.2341 0
    endloop
  endfacet
  facet normal 0 0 -1
    outer loop
      vertex 28.8177 5.1177 0
      vertex 55.1635 22.2341 0
      vertex 28.887 5.09291 0
    endloop
  endfacet
  facet normal -0 0 -1
    outer loop
      vertex 55.1635 22.2341 0
      vertex 28.8177 5.1177 0
      vertex 55.2787 23.0107 0
    endloop
  endfacet
  facet normal 0 0 -1
    outer loop
      vertex 28.7463 5.13559 0
      vertex 55.2787 23.0107 0
      vertex 28.8177 5.1177 0
    endloop
  endfacet
  facet normal 0 0 -1
    outer loop
      vertex 28.6735 5.14639 0
      vertex 55.2787 23.0107 0
      vertex 28.7463 5.13559 0
    endloop
  endfacet
  facet normal -0 0 -1
    outer loop
      vertex 55.2787 23.0107 0
      vertex 28.6735 5.14639 0
      vertex 55.4695 23.7723 0
    endloop
  endfacet
  facet normal 0 0 -1
    outer loop
      vertex 5.6 38.9 0
      vertex 55.4695 23.7723 0
      vertex 28.6735 5.14639 0
    endloop
  endfacet
  facet normal 0 0 -1
    outer loop
      vertex 55.4695 23.7723 0
      vertex 5.6 38.9 0
      vertex 55.734 24.5115 0
    endloop
  endfacet
  facet normal 0 0 -1
    outer loop
      vertex 55.734 24.5115 0
      vertex 5.6 38.9 0
      vertex 56.0696 25.2212 0
    endloop
  endfacet
  facet normal 0 0 -1
    outer loop
      vertex 5.59229 39.0568 0
      vertex 56.4732 25.8946 0
      vertex 5.6 38.9 0
    endloop
  endfacet
  facet normal 0 0 -1
    outer loop
      vertex 5.56926 39.2121 0
      vertex 56.4732 25.8946 0
      vertex 5.59229 39.0568 0
    endloop
  endfacet
  facet normal 0 0 -1
    outer loop
      vertex 56.0696 25.2212 0
      vertex 5.6 38.9 0
      vertex 56.4732 25.8946 0
    endloop
  endfacet
  facet normal 0 0 -1
    outer loop
      vertex 5.6 38.9 0
      vertex 28.6735 5.14639 0
      vertex 28.6 5.15 0
    endloop
  endfacet
  facet normal 0 0 -1
    outer loop
      vertex 5.6 38.9 0
      vertex 28.6 5.15 0
      vertex 28.5265 5.14639 0
    endloop
  endfacet
  facet normal 0 0 -1
    outer loop
      vertex 5.6 38.9 0
      vertex 28.5265 5.14639 0
      vertex 28.4537 5.13559 0
    endloop
  endfacet
  facet normal 0 0 -1
    outer loop
      vertex 5.6 38.9 0
      vertex 28.4537 5.13559 0
      vertex 28.3823 5.1177 0
    endloop
  endfacet
  facet normal 0 0 -1
    outer loop
      vertex 5.6 38.9 0
      vertex 28.3823 5.1177 0
      vertex 28.313 5.09291 0
    endloop
  endfacet
  facet normal 0 0 -1
    outer loop
      vertex 13.687 5.09291 0
      vertex 28.313 5.09291 0
      vertex 28.2465 5.06144 0
    endloop
  endfacet
  facet normal 0 0 -1
    outer loop
      vertex 13.7535 5.06144 0
      vertex 28.2465 5.06144 0
      vertex 28.1833 5.0236 0
    endloop
  endfacet
  facet normal 0 0 -1
    outer loop
      vertex 13.8167 5.0236 0
      vertex 28.1833 5.0236 0
      vertex 28.1242 4.97976 0
    endloop
  endfacet
  facet normal 0 0 -1
    outer loop
      vertex 13.8758 4.97976 0
      vertex 28.1242 4.97976 0
      vertex 28.0697 4.93033 0
    endloop
  endfacet
  facet normal 0 0 -1
    outer loop
      vertex 14.15 4.4 0
      vertex 27.8536 4.47351 0
      vertex 27.85 4.4 0
    endloop
  endfacet
  facet normal 0 0 -1
    outer loop
      vertex 14.1464 4.47351 0
      vertex 27.8536 4.47351 0
      vertex 14.15 4.4 0
    endloop
  endfacet
  facet normal 0 0 -1
    outer loop
      vertex 27.8536 4.47351 0
      vertex 14.1464 4.47351 0
      vertex 27.8644 4.54632 0
    endloop
  endfacet
  facet normal 0 0 -1
    outer loop
      vertex 14.1356 4.54632 0
      vertex 27.8644 4.54632 0
      vertex 14.1464 4.47351 0
    endloop
  endfacet
  facet normal 0 0 -1
    outer loop
      vertex 27.8644 4.54632 0
      vertex 14.1356 4.54632 0
      vertex 27.8823 4.61771 0
    endloop
  endfacet
  facet normal 0 0 -1
    outer loop
      vertex 14.1177 4.61771 0
      vertex 27.8823 4.61771 0
      vertex 14.1356 4.54632 0
    endloop
  endfacet
  facet normal 0 0 -1
    outer loop
      vertex 27.8823 4.61771 0
      vertex 14.1177 4.61771 0
      vertex 27.9071 4.68701 0
    endloop
  endfacet
  facet normal 0 0 -1
    outer loop
      vertex 14.0929 4.68701 0
      vertex 27.9071 4.68701 0
      vertex 14.1177 4.61771 0
    endloop
  endfacet
  facet normal 0 0 -1
    outer loop
      vertex 27.9071 4.68701 0
      vertex 14.0929 4.68701 0
      vertex 27.9386 4.75355 0
    endloop
  endfacet
  facet normal 0 0 -1
    outer loop
      vertex 14.0614 4.75355 0
      vertex 27.9386 4.75355 0
      vertex 14.0929 4.68701 0
    endloop
  endfacet
  facet normal 0 0 -1
    outer loop
      vertex 27.9386 4.75355 0
      vertex 14.0614 4.75355 0
      vertex 27.9764 4.81668 0
    endloop
  endfacet
  facet normal 0 0 -1
    outer loop
      vertex 14.0236 4.81668 0
      vertex 27.9764 4.81668 0
      vertex 14.0614 4.75355 0
    endloop
  endfacet
  facet normal 0 0 -1
    outer loop
      vertex 27.9764 4.81668 0
      vertex 14.0236 4.81668 0
      vertex 28.0202 4.87579 0
    endloop
  endfacet
  facet normal 0 0 -1
    outer loop
      vertex 13.9798 4.87579 0
      vertex 28.0202 4.87579 0
      vertex 14.0236 4.81668 0
    endloop
  endfacet
  facet normal 0 0 -1
    outer loop
      vertex 28.0202 4.87579 0
      vertex 13.9798 4.87579 0
      vertex 28.0697 4.93033 0
    endloop
  endfacet
  facet normal 0 0 -1
    outer loop
      vertex 13.9303 4.93033 0
      vertex 28.0697 4.93033 0
      vertex 13.9798 4.87579 0
    endloop
  endfacet
  facet normal 0 0 -1
    outer loop
      vertex 13.8758 4.97976 0
      vertex 28.0697 4.93033 0
      vertex 13.9303 4.93033 0
    endloop
  endfacet
  facet normal 0 0 -1
    outer loop
      vertex 56.9409 26.5251 0
      vertex 5.56926 39.2121 0
      vertex 5.5311 39.3645 0
    endloop
  endfacet
  facet normal 0 0 -1
    outer loop
      vertex 5.47821 39.5123 0
      vertex 57.4681 27.1069 0
      vertex 5.5311 39.3645 0
    endloop
  endfacet
  facet normal 0 0 -1
    outer loop
      vertex 28.1242 4.97976 0
      vertex 13.8758 4.97976 0
      vertex 13.8167 5.0236 0
    endloop
  endfacet
  facet normal 0 0 -1
    outer loop
      vertex 28.1833 5.0236 0
      vertex 13.8167 5.0236 0
      vertex 13.7535 5.06144 0
    endloop
  endfacet
  facet normal 0 0 -1
    outer loop
      vertex 28.2465 5.06144 0
      vertex 13.7535 5.06144 0
      vertex 13.687 5.09291 0
    endloop
  endfacet
  facet normal 0 0 -1
    outer loop
      vertex 28.313 5.09291 0
      vertex 13.687 5.09291 0
      vertex 5.6 38.9 0
    endloop
  endfacet
  facet normal 0 0 -1
    outer loop
      vertex 5.6 38.9 0
      vertex 13.687 5.09291 0
      vertex 13.6177 5.1177 0
    endloop
  endfacet
  facet normal 0 0 -1
    outer loop
      vertex 5.6 38.9 0
      vertex 13.6177 5.1177 0
      vertex 13.5463 5.13559 0
    endloop
  endfacet
  facet normal 0 0 -1
    outer loop
      vertex 5.6 38.9 0
      vertex 13.5463 5.13559 0
      vertex 13.4735 5.14639 0
    endloop
  endfacet
  facet normal 0 0 -1
    outer loop
      vertex 5.6 38.9 0
      vertex 13.4735 5.14639 0
      vertex 13.4 5.15 0
    endloop
  endfacet
  facet normal 0 0 -1
    outer loop
      vertex 5.6 38.9 0
      vertex 13.4 5.15 0
      vertex 13.3265 5.14639 0
    endloop
  endfacet
  facet normal 0 0 -1
    outer loop
      vertex 5.6 38.9 0
      vertex 13.3265 5.14639 0
      vertex 13.2537 5.13559 0
    endloop
  endfacet
  facet normal 0 0 -1
    outer loop
      vertex 5.6 38.9 0
      vertex 13.2537 5.13559 0
      vertex 13.1823 5.1177 0
    endloop
  endfacet
  facet normal 0 0 -1
    outer loop
      vertex 5.6 38.9 0
      vertex 13.1823 5.1177 0
      vertex 13.113 5.09291 0
    endloop
  endfacet
  facet normal 0 0 -1
    outer loop
      vertex 5.33035 4.88891 0
      vertex 12.7764 4.81668 0
      vertex 5.41107 4.75423 0
    endloop
  endfacet
  facet normal 0 0 -1
    outer loop
      vertex 12.7386 4.75355 0
      vertex 5.41107 4.75423 0
      vertex 12.7764 4.81668 0
    endloop
  endfacet
  facet normal 0 0 -1
    outer loop
      vertex 5.59229 4.15683 0
      vertex 12.65 4.4 0
      vertex 5.6 4 0
    endloop
  endfacet
  facet normal -0 0 -1
    outer loop
      vertex 12.65 4.4 0
      vertex 5.59229 4.15683 0
      vertex 12.6536 4.47351 0
    endloop
  endfacet
  facet normal 0 0 -1
    outer loop
      vertex 5.56926 4.31214 0
      vertex 12.6536 4.47351 0
      vertex 5.59229 4.15683 0
    endloop
  endfacet
  facet normal -0 0 -1
    outer loop
      vertex 12.6536 4.47351 0
      vertex 5.56926 4.31214 0
      vertex 12.6644 4.54632 0
    endloop
  endfacet
  facet normal 0 0 -1
    outer loop
      vertex 5.5311 4.46445 0
      vertex 12.6644 4.54632 0
      vertex 5.56926 4.31214 0
    endloop
  endfacet
  facet normal -0 0 -1
    outer loop
      vertex 12.6644 4.54632 0
      vertex 5.5311 4.46445 0
      vertex 12.6823 4.61771 0
    endloop
  endfacet
  facet normal 0 0 -1
    outer loop
      vertex 5.47821 4.61229 0
      vertex 12.6823 4.61771 0
      vertex 5.5311 4.46445 0
    endloop
  endfacet
  facet normal -0 0 -1
    outer loop
      vertex 12.6823 4.61771 0
      vertex 5.47821 4.61229 0
      vertex 12.7071 4.68701 0
    endloop
  endfacet
  facet normal 0 0 -1
    outer loop
      vertex 5.41107 4.75423 0
      vertex 12.7071 4.68701 0
      vertex 5.47821 4.61229 0
    endloop
  endfacet
  facet normal 0 0 -1
    outer loop
      vertex 12.7071 4.68701 0
      vertex 5.41107 4.75423 0
      vertex 12.7386 4.75355 0
    endloop
  endfacet
  facet normal 0 0 -1
    outer loop
      vertex 12.7764 4.81668 0
      vertex 5.33035 4.88891 0
      vertex 12.8202 4.87579 0
    endloop
  endfacet
  facet normal 0 0 -1
    outer loop
      vertex 5.41107 39.6542 0
      vertex 65.7139 39.6542 0
      vertex 5.47821 39.5123 0
    endloop
  endfacet
  facet normal 0 0 -1
    outer loop
      vertex 65.7139 39.6542 0
      vertex 5.41107 39.6542 0
      vertex 65.7946 39.7889 0
    endloop
  endfacet
  facet normal 0 0 -1
    outer loop
      vertex 5.33035 39.7889 0
      vertex 65.7946 39.7889 0
      vertex 5.41107 39.6542 0
    endloop
  endfacet
  facet normal 0 0 -1
    outer loop
      vertex 65.7946 39.7889 0
      vertex 5.33035 39.7889 0
      vertex 65.8882 39.915 0
    endloop
  endfacet
  facet normal 0 0 -1
    outer loop
      vertex 5.23682 39.915 0
      vertex 65.8882 39.915 0
      vertex 5.33035 39.7889 0
    endloop
  endfacet
  facet normal 0 0 -1
    outer loop
      vertex 65.8882 39.915 0
      vertex 5.23682 39.915 0
      vertex 65.9936 40.0314 0
    endloop
  endfacet
  facet normal 0 0 -1
    outer loop
      vertex 5.13137 40.0314 0
      vertex 65.9936 40.0314 0
      vertex 5.23682 39.915 0
    endloop
  endfacet
  facet normal 0 0 -1
    outer loop
      vertex 65.9936 40.0314 0
      vertex 5.13137 40.0314 0
      vertex 66.11 40.1368 0
    endloop
  endfacet
  facet normal 0 0 -1
    outer loop
      vertex 5.01503 40.1368 0
      vertex 66.11 40.1368 0
      vertex 5.13137 40.0314 0
    endloop
  endfacet
  facet normal 0 0 -1
    outer loop
      vertex 66.11 40.1368 0
      vertex 5.01503 40.1368 0
      vertex 66.2361 40.2304 0
    endloop
  endfacet
  facet normal 0 0 -1
    outer loop
      vertex 4.88891 40.2304 0
      vertex 66.2361 40.2304 0
      vertex 5.01503 40.1368 0
    endloop
  endfacet
  facet normal 0 0 -1
    outer loop
      vertex 66.2361 40.2304 0
      vertex 4.88891 40.2304 0
      vertex 66.3708 40.3111 0
    endloop
  endfacet
  facet normal 0 0 -1
    outer loop
      vertex 4.75423 40.3111 0
      vertex 66.3708 40.3111 0
      vertex 4.88891 40.2304 0
    endloop
  endfacet
  facet normal 0 0 -1
    outer loop
      vertex 66.3708 40.3111 0
      vertex 4.75423 40.3111 0
      vertex 71.125 42.9 0
    endloop
  endfacet
  facet normal 0 0 -1
    outer loop
      vertex 0 42.9 0
      vertex 4.75423 40.3111 0
      vertex 4.61229 40.3782 0
    endloop
  endfacet
  facet normal 0 0 -1
    outer loop
      vertex 0 42.9 0
      vertex 4.61229 40.3782 0
      vertex 4.46445 40.4311 0
    endloop
  endfacet
  facet normal 0 0 -1
    outer loop
      vertex 0 42.9 0
      vertex 4.46445 40.4311 0
      vertex 4.31214 40.4693 0
    endloop
  endfacet
  facet normal 0 0 -1
    outer loop
      vertex 0 42.9 0
      vertex 4.31214 40.4693 0
      vertex 4.15683 40.4923 0
    endloop
  endfacet
  facet normal 0 0 -1
    outer loop
      vertex 0 42.9 0
      vertex 4.15683 40.4923 0
      vertex 4 40.5 0
    endloop
  endfacet
  facet normal 0 0 -1
    outer loop
      vertex 2.4077 38.7432 0
      vertex 0 42.9 0
      vertex 2.4 38.9 0
    endloop
  endfacet
  facet normal 0 0 -1
    outer loop
      vertex 4.75423 40.3111 0
      vertex 0 42.9 0
      vertex 71.125 42.9 0
    endloop
  endfacet
  facet normal 0 0 -1
    outer loop
      vertex 3.84317 40.4923 0
      vertex 0 42.9 0
      vertex 4 40.5 0
    endloop
  endfacet
  facet normal 0 0 -1
    outer loop
      vertex 3.68785 40.4693 0
      vertex 0 42.9 0
      vertex 3.84317 40.4923 0
    endloop
  endfacet
  facet normal 0 0 -1
    outer loop
      vertex 3.53554 40.4311 0
      vertex 0 42.9 0
      vertex 3.68785 40.4693 0
    endloop
  endfacet
  facet normal 0 0 -1
    outer loop
      vertex 3.38771 40.3782 0
      vertex 0 42.9 0
      vertex 3.53554 40.4311 0
    endloop
  endfacet
  facet normal 0 0 -1
    outer loop
      vertex 3.24576 40.3111 0
      vertex 0 42.9 0
      vertex 3.38771 40.3782 0
    endloop
  endfacet
  facet normal 0 0 -1
    outer loop
      vertex 3.11109 40.2304 0
      vertex 0 42.9 0
      vertex 3.24576 40.3111 0
    endloop
  endfacet
  facet normal 0 0 -1
    outer loop
      vertex 2.98497 40.1368 0
      vertex 0 42.9 0
      vertex 3.11109 40.2304 0
    endloop
  endfacet
  facet normal 0 0 -1
    outer loop
      vertex 2.86863 40.0314 0
      vertex 0 42.9 0
      vertex 2.98497 40.1368 0
    endloop
  endfacet
  facet normal 0 0 -1
    outer loop
      vertex 2.76318 39.915 0
      vertex 0 42.9 0
      vertex 2.86863 40.0314 0
    endloop
  endfacet
  facet normal 0 0 -1
    outer loop
      vertex 2.66965 39.7889 0
      vertex 0 42.9 0
      vertex 2.76318 39.915 0
    endloop
  endfacet
  facet normal 0 0 -1
    outer loop
      vertex 2.58893 39.6542 0
      vertex 0 42.9 0
      vertex 2.66965 39.7889 0
    endloop
  endfacet
  facet normal 0 0 -1
    outer loop
      vertex 2.52179 39.5123 0
      vertex 0 42.9 0
      vertex 2.58893 39.6542 0
    endloop
  endfacet
  facet normal 0 0 -1
    outer loop
      vertex 2.46889 39.3645 0
      vertex 0 42.9 0
      vertex 2.52179 39.5123 0
    endloop
  endfacet
  facet normal 0 0 -1
    outer loop
      vertex 2.43074 39.2121 0
      vertex 0 42.9 0
      vertex 2.46889 39.3645 0
    endloop
  endfacet
  facet normal 0 0 -1
    outer loop
      vertex 2.4077 39.0568 0
      vertex 0 42.9 0
      vertex 2.43074 39.2121 0
    endloop
  endfacet
  facet normal 0 0 -1
    outer loop
      vertex 2.4 38.9 0
      vertex 0 42.9 0
      vertex 2.4077 39.0568 0
    endloop
  endfacet
  facet normal -1 0 0
    outer loop
      vertex 0 0 0
      vertex 0 42.9 12
      vertex 0 42.9 0
    endloop
  endfacet
  facet normal -1 -0 0
    outer loop
      vertex 0 42.9 12
      vertex 0 0 0
      vertex 0 0 12
    endloop
  endfacet
  facet normal 0 1 -0
    outer loop
      vertex 71.125 42.9 0
      vertex 0 42.9 12
      vertex 71.125 42.9 12
    endloop
  endfacet
  facet normal 0 1 0
    outer loop
      vertex 0 42.9 12
      vertex 71.125 42.9 0
      vertex 0 42.9 0
    endloop
  endfacet
  facet normal 0 -1 0
    outer loop
      vertex 26 0 4.3
      vertex 0 0 12
      vertex 16 0 4.3
    endloop
  endfacet
  facet normal 0 -1 0
    outer loop
      vertex 0 0 0
      vertex 16 0 4.3
      vertex 0 0 12
    endloop
  endfacet
  facet normal 0 -1 -0
    outer loop
      vertex 16 0 0.799999
      vertex 0 0 0
      vertex 26 0 0.799999
    endloop
  endfacet
  facet normal 0 -1 -0
    outer loop
      vertex 16 0 4.3
      vertex 0 0 0
      vertex 16 0 0.799999
    endloop
  endfacet
  facet normal 0 -1 0
    outer loop
      vertex 0 0 12
      vertex 26 0 4.3
      vertex 71.125 0 12
    endloop
  endfacet
  facet normal 0 -1 0
    outer loop
      vertex 71.125 0 0
      vertex 26 0 4.3
      vertex 26 0 0.799999
    endloop
  endfacet
  facet normal 0 -1 0
    outer loop
      vertex 26 0 4.3
      vertex 71.125 0 0
      vertex 71.125 0 12
    endloop
  endfacet
  facet normal 0 -1 0
    outer loop
      vertex 71.125 0 0
      vertex 26 0 0.799999
      vertex 0 0 0
    endloop
  endfacet
  facet normal -1 0 0
    outer loop
      vertex 68.725 15.7416 2
      vertex 68.725 6.53439 2
      vertex 68.725 15.7416 3
    endloop
  endfacet
  facet normal -1 0 0
    outer loop
      vertex 68.725 27.1584 3
      vertex 68.725 36.3656 2
      vertex 68.725 27.1584 2
    endloop
  endfacet
  facet normal -1 0 0
    outer loop
      vertex 68.725 36.3656 2
      vertex 68.725 27.1584 3
      vertex 68.725 36.3656 12
    endloop
  endfacet
  facet normal -1 0 0
    outer loop
      vertex 68.725 15.7416 3
      vertex 68.725 36.3656 12
      vertex 68.725 27.1584 3
    endloop
  endfacet
  facet normal -1 0 0
    outer loop
      vertex 68.725 6.53439 12
      vertex 68.725 15.7416 3
      vertex 68.725 6.53439 2
    endloop
  endfacet
  facet normal -1 0 0
    outer loop
      vertex 68.725 15.7416 3
      vertex 68.725 6.53439 12
      vertex 68.725 36.3656 12
    endloop
  endfacet
  facet normal -0 0 1
    outer loop
      vertex 68.2001 15.2659 2
      vertex 68.725 6.53439 2
      vertex 68.725 15.7416 2
    endloop
  endfacet
  facet normal 0 0 1
    outer loop
      vertex 68.725 6.53439 2
      vertex 68.2001 15.2659 2
      vertex 68.5392 6.64576 2
    endloop
  endfacet
  facet normal -0 0 1
    outer loop
      vertex 67.5696 14.7982 2
      vertex 68.5392 6.64576 2
      vertex 68.2001 15.2659 2
    endloop
  endfacet
  facet normal 0 0 1
    outer loop
      vertex 68.5392 6.64576 2
      vertex 67.5696 14.7982 2
      vertex 68.273 6.77164 2
    endloop
  endfacet
  facet normal 0 0 1
    outer loop
      vertex 68.273 6.77164 2
      vertex 67.5696 14.7982 2
      vertex 67.9958 6.87082 2
    endloop
  endfacet
  facet normal -0 0 1
    outer loop
      vertex 66.8962 14.3946 2
      vertex 67.9958 6.87082 2
      vertex 67.5696 14.7982 2
    endloop
  endfacet
  facet normal 0 0 1
    outer loop
      vertex 67.9958 6.87082 2
      vertex 66.8962 14.3946 2
      vertex 67.7103 6.94236 2
    endloop
  endfacet
  facet normal -0 0 1
    outer loop
      vertex 66.1865 14.059 2
      vertex 67.7103 6.94236 2
      vertex 66.8962 14.3946 2
    endloop
  endfacet
  facet normal 0 0 1
    outer loop
      vertex 67.7103 6.94236 2
      vertex 66.1865 14.059 2
      vertex 67.4191 6.98555 2
    endloop
  endfacet
  facet normal 0 0 1
    outer loop
      vertex 67.4191 6.98555 2
      vertex 66.1865 14.059 2
      vertex 67.125 7 2
    endloop
  endfacet
  facet normal -0 0 1
    outer loop
      vertex 65.4473 13.7945 2
      vertex 67.125 7 2
      vertex 66.1865 14.059 2
    endloop
  endfacet
  facet normal 0 0 1
    outer loop
      vertex 67.125 7 2
      vertex 65.4473 13.7945 2
      vertex 66.8309 6.98555 2
    endloop
  endfacet
  facet normal 0 0 1
    outer loop
      vertex 66.8309 6.98555 2
      vertex 65.4473 13.7945 2
      vertex 66.5397 6.94236 2
    endloop
  endfacet
  facet normal -0 0 1
    outer loop
      vertex 64.6857 13.6037 2
      vertex 66.5397 6.94236 2
      vertex 65.4473 13.7945 2
    endloop
  endfacet
  facet normal 0 0 1
    outer loop
      vertex 66.5397 6.94236 2
      vertex 64.6857 13.6037 2
      vertex 66.2541 6.87082 2
    endloop
  endfacet
  facet normal 0 0 1
    outer loop
      vertex 66.2541 6.87082 2
      vertex 64.6857 13.6037 2
      vertex 65.977 6.77164 2
    endloop
  endfacet
  facet normal -0 0 1
    outer loop
      vertex 63.9091 13.4885 2
      vertex 65.977 6.77164 2
      vertex 64.6857 13.6037 2
    endloop
  endfacet
  facet normal 0 0 1
    outer loop
      vertex 65.977 6.77164 2
      vertex 63.9091 13.4885 2
      vertex 65.7108 6.64576 2
    endloop
  endfacet
  facet normal 0 0 1
    outer loop
      vertex 65.7108 6.64576 2
      vertex 63.9091 13.4885 2
      vertex 65.4583 6.49441 2
    endloop
  endfacet
  facet normal -0 0 1
    outer loop
      vertex 63.125 13.45 2
      vertex 65.4583 6.49441 2
      vertex 63.9091 13.4885 2
    endloop
  endfacet
  facet normal 0 0 1
    outer loop
      vertex 65.4583 6.49441 2
      vertex 63.125 13.45 2
      vertex 65.2218 6.31903 2
    endloop
  endfacet
  facet normal 0 0 1
    outer loop
      vertex 62.3409 13.4885 2
      vertex 65.2218 6.31903 2
      vertex 63.125 13.45 2
    endloop
  endfacet
  facet normal 0 0 1
    outer loop
      vertex 65.2218 6.31903 2
      vertex 62.3409 13.4885 2
      vertex 65.0037 6.12132 2
    endloop
  endfacet
  facet normal 0 0 1
    outer loop
      vertex 65.0037 6.12132 2
      vertex 62.3409 13.4885 2
      vertex 64.806 5.90318 2
    endloop
  endfacet
  facet normal 0 0 1
    outer loop
      vertex 61.5643 13.6037 2
      vertex 64.806 5.90318 2
      vertex 62.3409 13.4885 2
    endloop
  endfacet
  facet normal 0 0 1
    outer loop
      vertex 64.806 5.90318 2
      vertex 61.5643 13.6037 2
      vertex 64.6306 5.66671 2
    endloop
  endfacet
  facet normal 0 0 1
    outer loop
      vertex 64.6306 5.66671 2
      vertex 61.5643 13.6037 2
      vertex 64.4792 5.41419 2
    endloop
  endfacet
  facet normal 0 0 1
    outer loop
      vertex 64.4792 5.41419 2
      vertex 60.8027 13.7945 2
      vertex 64.3534 5.14805 2
    endloop
  endfacet
  facet normal 0 0 1
    outer loop
      vertex 60.8027 13.7945 2
      vertex 64.4792 5.41419 2
      vertex 61.5643 13.6037 2
    endloop
  endfacet
  facet normal 0 0 1
    outer loop
      vertex 60.0635 14.059 2
      vertex 64.3534 5.14805 2
      vertex 60.8027 13.7945 2
    endloop
  endfacet
  facet normal 0 0 1
    outer loop
      vertex 64.3534 5.14805 2
      vertex 60.0635 14.059 2
      vertex 64.2542 4.87085 2
    endloop
  endfacet
  facet normal 0 0 1
    outer loop
      vertex 64.2542 4.87085 2
      vertex 60.0635 14.059 2
      vertex 64.1826 4.58527 2
    endloop
  endfacet
  facet normal 0 0 1
    outer loop
      vertex 59.3538 14.3946 2
      vertex 64.1826 4.58527 2
      vertex 60.0635 14.059 2
    endloop
  endfacet
  facet normal 0 0 1
    outer loop
      vertex 64.1826 4.58527 2
      vertex 59.3538 14.3946 2
      vertex 64.1394 4.29405 2
    endloop
  endfacet
  facet normal 0 0 1
    outer loop
      vertex 58.6804 14.7982 2
      vertex 64.1394 4.29405 2
      vertex 59.3538 14.3946 2
    endloop
  endfacet
  facet normal 0 0 1
    outer loop
      vertex 64.1394 4.29405 2
      vertex 58.6804 14.7982 2
      vertex 64.125 4 2
    endloop
  endfacet
  facet normal 0 0 1
    outer loop
      vertex 58.0499 15.2659 2
      vertex 64.125 4 2
      vertex 58.6804 14.7982 2
    endloop
  endfacet
  facet normal 0 0 1
    outer loop
      vertex 64.125 4 2
      vertex 58.0499 15.2659 2
      vertex 64.1394 3.70595 2
    endloop
  endfacet
  facet normal 0 0 1
    outer loop
      vertex 31.6 2.4 2
      vertex 64.1394 3.70595 2
      vertex 58.0499 15.2659 2
    endloop
  endfacet
  facet normal 0 0 1
    outer loop
      vertex 64.1394 3.70595 2
      vertex 31.6 2.4 2
      vertex 64.1826 3.41473 2
    endloop
  endfacet
  facet normal 0 0 1
    outer loop
      vertex 64.1826 3.41473 2
      vertex 31.6 2.4 2
      vertex 64.2542 3.12915 2
    endloop
  endfacet
  facet normal 0 0 1
    outer loop
      vertex 64.2542 3.12915 2
      vertex 31.6 2.4 2
      vertex 64.3534 2.85195 2
    endloop
  endfacet
  facet normal 0 0 1
    outer loop
      vertex 31.6 2.4 2
      vertex 58.0499 15.2659 2
      vertex 57.4681 15.7931 2
    endloop
  endfacet
  facet normal 0 0 1
    outer loop
      vertex 31.6 2.4 2
      vertex 57.4681 15.7931 2
      vertex 56.9409 16.3749 2
    endloop
  endfacet
  facet normal 0 0 1
    outer loop
      vertex 31.6 2.4 2
      vertex 56.9409 16.3749 2
      vertex 56.4732 17.0054 2
    endloop
  endfacet
  facet normal 0 0 1
    outer loop
      vertex 31.6 2.4 2
      vertex 56.4732 17.0054 2
      vertex 56.0696 17.6788 2
    endloop
  endfacet
  facet normal 0 0 1
    outer loop
      vertex 31.6 20.1 2
      vertex 55.1635 20.6659 2
      vertex 55.125 21.45 2
    endloop
  endfacet
  facet normal -0 0 1
    outer loop
      vertex 31.6 20.1 2
      vertex 55.2787 19.8893 2
      vertex 55.1635 20.6659 2
    endloop
  endfacet
  facet normal 0 0 1
    outer loop
      vertex 31.6 20.1 2
      vertex 55.4695 19.1277 2
      vertex 55.2787 19.8893 2
    endloop
  endfacet
  facet normal 0 0 1
    outer loop
      vertex 31.6 20.1 2
      vertex 55.734 18.3885 2
      vertex 55.4695 19.1277 2
    endloop
  endfacet
  facet normal 0 0 1
    outer loop
      vertex 31.6 20.1 2
      vertex 56.0696 17.6788 2
      vertex 55.734 18.3885 2
    endloop
  endfacet
  facet normal 0 0 1
    outer loop
      vertex 31.6 2.4 2
      vertex 56.0696 17.6788 2
      vertex 31.6 20.1 2
    endloop
  endfacet
  facet normal 0 0 1
    outer loop
      vertex 64.3534 2.85195 2
      vertex 31.6 2.4 2
      vertex 64.4792 2.58581 2
    endloop
  endfacet
  facet normal 0 0 1
    outer loop
      vertex 64.4792 2.58581 2
      vertex 31.6 2.4 2
      vertex 64.5906 2.4 2
    endloop
  endfacet
  facet normal -0 0 1
    outer loop
      vertex 6.87082 38.0291 2
      vertex 31.6 20.1 2
      vertex 6.94236 38.3147 2
    endloop
  endfacet
  facet normal 0 0 1
    outer loop
      vertex 10.4 20.1 2
      vertex 6.98555 4.29405 2
      vertex 7 4 2
    endloop
  endfacet
  facet normal -0 0 1
    outer loop
      vertex 6.77164 37.7519 2
      vertex 31.6 20.1 2
      vertex 6.87082 38.0291 2
    endloop
  endfacet
  facet normal 0 0 1
    outer loop
      vertex 10.4 20.1 2
      vertex 6.94236 4.58527 2
      vertex 6.98555 4.29405 2
    endloop
  endfacet
  facet normal 0 0 1
    outer loop
      vertex 31.6 20.1 2
      vertex 6.77164 37.7519 2
      vertex 10.4 20.1 2
    endloop
  endfacet
  facet normal 0 0 1
    outer loop
      vertex 10.4 20.1 2
      vertex 6.87082 4.87085 2
      vertex 6.94236 4.58527 2
    endloop
  endfacet
  facet normal -0 0 1
    outer loop
      vertex 6.64576 37.4858 2
      vertex 10.4 20.1 2
      vertex 6.77164 37.7519 2
    endloop
  endfacet
  facet normal 0 0 1
    outer loop
      vertex 10.4 20.1 2
      vertex 6.77164 5.14805 2
      vertex 6.87082 4.87085 2
    endloop
  endfacet
  facet normal -0 0 1
    outer loop
      vertex 6.49441 37.2333 2
      vertex 10.4 20.1 2
      vertex 6.64576 37.4858 2
    endloop
  endfacet
  facet normal 0 0 1
    outer loop
      vertex 10.4 20.1 2
      vertex 6.64576 5.41419 2
      vertex 6.77164 5.14805 2
    endloop
  endfacet
  facet normal -0 0 1
    outer loop
      vertex 6.31903 36.9968 2
      vertex 10.4 20.1 2
      vertex 6.49441 37.2333 2
    endloop
  endfacet
  facet normal 0 0 1
    outer loop
      vertex 10.4 20.1 2
      vertex 6.49441 5.66671 2
      vertex 6.64576 5.41419 2
    endloop
  endfacet
  facet normal -0 0 1
    outer loop
      vertex 6.12132 36.7787 2
      vertex 10.4 20.1 2
      vertex 6.31903 36.9968 2
    endloop
  endfacet
  facet normal 0 0 1
    outer loop
      vertex 10.4 20.1 2
      vertex 6.31903 5.90318 2
      vertex 6.49441 5.66671 2
    endloop
  endfacet
  facet normal -0 0 1
    outer loop
      vertex 5.90318 36.581 2
      vertex 10.4 20.1 2
      vertex 6.12132 36.7787 2
    endloop
  endfacet
  facet normal 0 0 1
    outer loop
      vertex 10.4 20.1 2
      vertex 6.12132 6.12132 2
      vertex 6.31903 5.90318 2
    endloop
  endfacet
  facet normal -0 0 1
    outer loop
      vertex 5.66671 36.4056 2
      vertex 10.4 20.1 2
      vertex 5.90318 36.581 2
    endloop
  endfacet
  facet normal 0 0 1
    outer loop
      vertex 10.4 20.1 2
      vertex 5.90318 6.31903 2
      vertex 6.12132 6.12132 2
    endloop
  endfacet
  facet normal -0 0 1
    outer loop
      vertex 5.41419 36.2542 2
      vertex 10.4 20.1 2
      vertex 5.66671 36.4056 2
    endloop
  endfacet
  facet normal 0 0 1
    outer loop
      vertex 10.4 20.1 2
      vertex 5.66671 6.49441 2
      vertex 5.90318 6.31903 2
    endloop
  endfacet
  facet normal -0 0 1
    outer loop
      vertex 5.14805 36.1284 2
      vertex 10.4 20.1 2
      vertex 5.41419 36.2542 2
    endloop
  endfacet
  facet normal 0 0 1
    outer loop
      vertex 10.4 20.1 2
      vertex 5.41419 6.64576 2
      vertex 5.66671 6.49441 2
    endloop
  endfacet
  facet normal -0 0 1
    outer loop
      vertex 4.87085 36.0292 2
      vertex 10.4 20.1 2
      vertex 5.14805 36.1284 2
    endloop
  endfacet
  facet normal 0 0 1
    outer loop
      vertex 10.4 20.1 2
      vertex 5.14805 6.77164 2
      vertex 5.41419 6.64576 2
    endloop
  endfacet
  facet normal -0 0 1
    outer loop
      vertex 4.58527 35.9576 2
      vertex 10.4 20.1 2
      vertex 4.87085 36.0292 2
    endloop
  endfacet
  facet normal 0 0 1
    outer loop
      vertex 10.4 20.1 2
      vertex 4.87085 6.87082 2
      vertex 5.14805 6.77164 2
    endloop
  endfacet
  facet normal -0 0 1
    outer loop
      vertex 4.29405 35.9144 2
      vertex 10.4 20.1 2
      vertex 4.58527 35.9576 2
    endloop
  endfacet
  facet normal 0 0 1
    outer loop
      vertex 10.4 20.1 2
      vertex 4.58527 6.94236 2
      vertex 4.87085 6.87082 2
    endloop
  endfacet
  facet normal -0 0 1
    outer loop
      vertex 4 35.9 2
      vertex 10.4 20.1 2
      vertex 4.29405 35.9144 2
    endloop
  endfacet
  facet normal 0 0 1
    outer loop
      vertex 10.4 20.1 2
      vertex 4.29405 6.98555 2
      vertex 4.58527 6.94236 2
    endloop
  endfacet
  facet normal 0 0 1
    outer loop
      vertex 3.70595 35.9144 2
      vertex 10.4 20.1 2
      vertex 4 35.9 2
    endloop
  endfacet
  facet normal 0 0 1
    outer loop
      vertex 10.4 20.1 2
      vertex 4 7 2
      vertex 4.29405 6.98555 2
    endloop
  endfacet
  facet normal 0 0 1
    outer loop
      vertex 3.41473 35.9576 2
      vertex 10.4 20.1 2
      vertex 3.70595 35.9144 2
    endloop
  endfacet
  facet normal 0 0 1
    outer loop
      vertex 10.4 20.1 2
      vertex 3.70595 6.98555 2
      vertex 4 7 2
    endloop
  endfacet
  facet normal 0 0 1
    outer loop
      vertex 3.12915 36.0292 2
      vertex 10.4 20.1 2
      vertex 3.41473 35.9576 2
    endloop
  endfacet
  facet normal 0 0 1
    outer loop
      vertex 10.4 20.1 2
      vertex 3.41473 6.94236 2
      vertex 3.70595 6.98555 2
    endloop
  endfacet
  facet normal 0 0 1
    outer loop
      vertex 2.85195 36.1284 2
      vertex 10.4 20.1 2
      vertex 3.12915 36.0292 2
    endloop
  endfacet
  facet normal 0 0 1
    outer loop
      vertex 10.4 20.1 2
      vertex 3.12915 6.87082 2
      vertex 3.41473 6.94236 2
    endloop
  endfacet
  facet normal 0 0 1
    outer loop
      vertex 2.58581 36.2542 2
      vertex 10.4 20.1 2
      vertex 2.85195 36.1284 2
    endloop
  endfacet
  facet normal 0 0 1
    outer loop
      vertex 10.4 20.1 2
      vertex 2.85195 6.77164 2
      vertex 3.12915 6.87082 2
    endloop
  endfacet
  facet normal 0 0 1
    outer loop
      vertex 2.4 36.3656 2
      vertex 10.4 20.1 2
      vertex 2.58581 36.2542 2
    endloop
  endfacet
  facet normal 0 0 1
    outer loop
      vertex 10.4 20.1 2
      vertex 2.58581 6.64576 2
      vertex 2.85195 6.77164 2
    endloop
  endfacet
  facet normal 0 0 1
    outer loop
      vertex 2.4 6.53439 2
      vertex 10.4 20.1 2
      vertex 2.4 36.3656 2
    endloop
  endfacet
  facet normal 0 0 1
    outer loop
      vertex 10.4 20.1 2
      vertex 2.4 6.53439 2
      vertex 2.58581 6.64576 2
    endloop
  endfacet
  facet normal 0 0 1
    outer loop
      vertex 65.4583 36.4056 2
      vertex 63.125 29.45 2
      vertex 63.9091 29.4115 2
    endloop
  endfacet
  facet normal 0 0 1
    outer loop
      vertex 58.0499 27.6341 2
      vertex 64.125 38.9 2
      vertex 64.1394 39.194 2
    endloop
  endfacet
  facet normal 0 0 1
    outer loop
      vertex 64.1394 38.6059 2
      vertex 62.3409 29.4115 2
      vertex 63.125 29.45 2
    endloop
  endfacet
  facet normal 0 0 1
    outer loop
      vertex 58.0499 27.6341 2
      vertex 64.1394 39.194 2
      vertex 64.1826 39.4853 2
    endloop
  endfacet
  facet normal 0 0 1
    outer loop
      vertex 64.1394 38.6059 2
      vertex 61.5643 29.2963 2
      vertex 62.3409 29.4115 2
    endloop
  endfacet
  facet normal 0 0 1
    outer loop
      vertex 31.6 20.1 2
      vertex 64.1826 39.4853 2
      vertex 64.2542 39.7709 2
    endloop
  endfacet
  facet normal 0 0 1
    outer loop
      vertex 64.1394 38.6059 2
      vertex 60.8027 29.1055 2
      vertex 61.5643 29.2963 2
    endloop
  endfacet
  facet normal 0 0 1
    outer loop
      vertex 64.1394 38.6059 2
      vertex 60.0635 28.841 2
      vertex 60.8027 29.1055 2
    endloop
  endfacet
  facet normal 0 0 1
    outer loop
      vertex 31.6 20.1 2
      vertex 64.2542 39.7709 2
      vertex 64.3534 40.048 2
    endloop
  endfacet
  facet normal 0 0 1
    outer loop
      vertex 64.1394 38.6059 2
      vertex 59.3538 28.5054 2
      vertex 60.0635 28.841 2
    endloop
  endfacet
  facet normal 0 0 1
    outer loop
      vertex 64.1394 38.6059 2
      vertex 58.6804 28.1018 2
      vertex 59.3538 28.5054 2
    endloop
  endfacet
  facet normal 0 0 1
    outer loop
      vertex 6.77164 40.048 2
      vertex 64.3534 40.048 2
      vertex 64.4792 40.3142 2
    endloop
  endfacet
  facet normal 0 0 1
    outer loop
      vertex 64.125 38.9 2
      vertex 58.0499 27.6341 2
      vertex 58.6804 28.1018 2
    endloop
  endfacet
  facet normal 0 0 1
    outer loop
      vertex 64.1826 39.4853 2
      vertex 57.4681 27.1069 2
      vertex 58.0499 27.6341 2
    endloop
  endfacet
  facet normal 0 0 1
    outer loop
      vertex 64.1826 39.4853 2
      vertex 31.6 20.1 2
      vertex 57.4681 27.1069 2
    endloop
  endfacet
  facet normal 0 0 1
    outer loop
      vertex 57.4681 27.1069 2
      vertex 31.6 20.1 2
      vertex 56.9409 26.5251 2
    endloop
  endfacet
  facet normal 0 0 1
    outer loop
      vertex 56.9409 26.5251 2
      vertex 31.6 20.1 2
      vertex 56.4732 25.8946 2
    endloop
  endfacet
  facet normal 0 0 1
    outer loop
      vertex 55.1635 22.2341 2
      vertex 31.6 20.1 2
      vertex 55.125 21.45 2
    endloop
  endfacet
  facet normal 0 0 1
    outer loop
      vertex 55.2787 23.0107 2
      vertex 31.6 20.1 2
      vertex 55.1635 22.2341 2
    endloop
  endfacet
  facet normal 0 0 1
    outer loop
      vertex 55.4695 23.7723 2
      vertex 31.6 20.1 2
      vertex 55.2787 23.0107 2
    endloop
  endfacet
  facet normal 0 0 1
    outer loop
      vertex 55.734 24.5115 2
      vertex 31.6 20.1 2
      vertex 55.4695 23.7723 2
    endloop
  endfacet
  facet normal 0 0 1
    outer loop
      vertex 56.0696 25.2212 2
      vertex 31.6 20.1 2
      vertex 55.734 24.5115 2
    endloop
  endfacet
  facet normal 0 0 1
    outer loop
      vertex 56.4732 25.8946 2
      vertex 31.6 20.1 2
      vertex 56.0696 25.2212 2
    endloop
  endfacet
  facet normal 0 0 1
    outer loop
      vertex 6.64576 40.3142 2
      vertex 64.4792 40.3142 2
      vertex 64.5906 40.5 2
    endloop
  endfacet
  facet normal 0 0 1
    outer loop
      vertex 64.3534 40.048 2
      vertex 6.87082 39.7709 2
      vertex 31.6 20.1 2
    endloop
  endfacet
  facet normal -0 0 1
    outer loop
      vertex 6.94236 38.3147 2
      vertex 31.6 20.1 2
      vertex 6.98555 38.6059 2
    endloop
  endfacet
  facet normal -0 0 1
    outer loop
      vertex 6.98555 38.6059 2
      vertex 31.6 20.1 2
      vertex 7 38.9 2
    endloop
  endfacet
  facet normal 0 0 1
    outer loop
      vertex 31.6 20.1 2
      vertex 6.98555 39.194 2
      vertex 7 38.9 2
    endloop
  endfacet
  facet normal 0 0 1
    outer loop
      vertex 31.6 20.1 2
      vertex 6.94236 39.4853 2
      vertex 6.98555 39.194 2
    endloop
  endfacet
  facet normal 0 0 1
    outer loop
      vertex 31.6 20.1 2
      vertex 6.87082 39.7709 2
      vertex 6.94236 39.4853 2
    endloop
  endfacet
  facet normal 0 0 1
    outer loop
      vertex 64.3534 40.048 2
      vertex 6.77164 40.048 2
      vertex 6.87082 39.7709 2
    endloop
  endfacet
  facet normal 0 0 1
    outer loop
      vertex 64.4792 40.3142 2
      vertex 6.64576 40.3142 2
      vertex 6.77164 40.048 2
    endloop
  endfacet
  facet normal 0 -0 1
    outer loop
      vertex 6.64576 40.3142 2
      vertex 64.5906 40.5 2
      vertex 6.53439 40.5 2
    endloop
  endfacet
  facet normal 0 0 1
    outer loop
      vertex 68.2001 27.6341 2
      vertex 68.725 36.3656 2
      vertex 68.5392 36.2542 2
    endloop
  endfacet
  facet normal 0 0 1
    outer loop
      vertex 67.5696 28.1018 2
      vertex 68.5392 36.2542 2
      vertex 68.273 36.1284 2
    endloop
  endfacet
  facet normal 0 0 1
    outer loop
      vertex 68.725 36.3656 2
      vertex 68.2001 27.6341 2
      vertex 68.725 27.1584 2
    endloop
  endfacet
  facet normal 0 0 1
    outer loop
      vertex 67.5696 28.1018 2
      vertex 68.273 36.1284 2
      vertex 67.9958 36.0292 2
    endloop
  endfacet
  facet normal 0 0 1
    outer loop
      vertex 66.8962 28.5054 2
      vertex 67.9958 36.0292 2
      vertex 67.7103 35.9576 2
    endloop
  endfacet
  facet normal 0 0 1
    outer loop
      vertex 68.5392 36.2542 2
      vertex 67.5696 28.1018 2
      vertex 68.2001 27.6341 2
    endloop
  endfacet
  facet normal 0 0 1
    outer loop
      vertex 66.1865 28.841 2
      vertex 67.7103 35.9576 2
      vertex 67.4191 35.9144 2
    endloop
  endfacet
  facet normal 0 0 1
    outer loop
      vertex 66.1865 28.841 2
      vertex 67.4191 35.9144 2
      vertex 67.125 35.9 2
    endloop
  endfacet
  facet normal 0 0 1
    outer loop
      vertex 67.9958 36.0292 2
      vertex 66.8962 28.5054 2
      vertex 67.5696 28.1018 2
    endloop
  endfacet
  facet normal 0 0 1
    outer loop
      vertex 65.4473 29.1055 2
      vertex 67.125 35.9 2
      vertex 66.8309 35.9144 2
    endloop
  endfacet
  facet normal 0 0 1
    outer loop
      vertex 65.4473 29.1055 2
      vertex 66.8309 35.9144 2
      vertex 66.5397 35.9576 2
    endloop
  endfacet
  facet normal 0 0 1
    outer loop
      vertex 64.6857 29.2963 2
      vertex 66.5397 35.9576 2
      vertex 66.2541 36.0292 2
    endloop
  endfacet
  facet normal 0 0 1
    outer loop
      vertex 67.7103 35.9576 2
      vertex 66.1865 28.841 2
      vertex 66.8962 28.5054 2
    endloop
  endfacet
  facet normal 0 0 1
    outer loop
      vertex 64.6857 29.2963 2
      vertex 66.2541 36.0292 2
      vertex 65.977 36.1284 2
    endloop
  endfacet
  facet normal 0 0 1
    outer loop
      vertex 63.9091 29.4115 2
      vertex 65.977 36.1284 2
      vertex 65.7108 36.2542 2
    endloop
  endfacet
  facet normal 0 0 1
    outer loop
      vertex 63.9091 29.4115 2
      vertex 65.7108 36.2542 2
      vertex 65.4583 36.4056 2
    endloop
  endfacet
  facet normal 0 0 1
    outer loop
      vertex 67.125 35.9 2
      vertex 65.4473 29.1055 2
      vertex 66.1865 28.841 2
    endloop
  endfacet
  facet normal 0 0 1
    outer loop
      vertex 63.125 29.45 2
      vertex 65.4583 36.4056 2
      vertex 65.2218 36.581 2
    endloop
  endfacet
  facet normal 0 0 1
    outer loop
      vertex 63.125 29.45 2
      vertex 65.2218 36.581 2
      vertex 65.0037 36.7787 2
    endloop
  endfacet
  facet normal 0 0 1
    outer loop
      vertex 63.125 29.45 2
      vertex 65.0037 36.7787 2
      vertex 64.806 36.9968 2
    endloop
  endfacet
  facet normal 0 0 1
    outer loop
      vertex 66.5397 35.9576 2
      vertex 64.6857 29.2963 2
      vertex 65.4473 29.1055 2
    endloop
  endfacet
  facet normal 0 0 1
    outer loop
      vertex 63.125 29.45 2
      vertex 64.806 36.9968 2
      vertex 64.6306 37.2333 2
    endloop
  endfacet
  facet normal 0 0 1
    outer loop
      vertex 63.125 29.45 2
      vertex 64.6306 37.2333 2
      vertex 64.4792 37.4858 2
    endloop
  endfacet
  facet normal 0 0 1
    outer loop
      vertex 63.125 29.45 2
      vertex 64.4792 37.4858 2
      vertex 64.3534 37.7519 2
    endloop
  endfacet
  facet normal 0 0 1
    outer loop
      vertex 63.125 29.45 2
      vertex 64.3534 37.7519 2
      vertex 64.2542 38.0291 2
    endloop
  endfacet
  facet normal 0 0 1
    outer loop
      vertex 63.125 29.45 2
      vertex 64.2542 38.0291 2
      vertex 64.1826 38.3147 2
    endloop
  endfacet
  facet normal 0 0 1
    outer loop
      vertex 63.125 29.45 2
      vertex 64.1826 38.3147 2
      vertex 64.1394 38.6059 2
    endloop
  endfacet
  facet normal 0 0 1
    outer loop
      vertex 65.977 36.1284 2
      vertex 63.9091 29.4115 2
      vertex 64.6857 29.2963 2
    endloop
  endfacet
  facet normal 0 0 1
    outer loop
      vertex 58.6804 28.1018 2
      vertex 64.1394 38.6059 2
      vertex 64.125 38.9 2
    endloop
  endfacet
  facet normal 0 0 1
    outer loop
      vertex 10.4 20.1 2
      vertex 7 4 2
      vertex 10.4 2.4 2
    endloop
  endfacet
  facet normal -0 0 1
    outer loop
      vertex 6.98555 3.70595 2
      vertex 10.4 2.4 2
      vertex 7 4 2
    endloop
  endfacet
  facet normal -0 0 1
    outer loop
      vertex 6.94236 3.41473 2
      vertex 10.4 2.4 2
      vertex 6.98555 3.70595 2
    endloop
  endfacet
  facet normal -0 0 1
    outer loop
      vertex 6.87082 3.12915 2
      vertex 10.4 2.4 2
      vertex 6.94236 3.41473 2
    endloop
  endfacet
  facet normal -0 0 1
    outer loop
      vertex 6.77164 2.85195 2
      vertex 10.4 2.4 2
      vertex 6.87082 3.12915 2
    endloop
  endfacet
  facet normal -0 0 1
    outer loop
      vertex 6.64576 2.58581 2
      vertex 10.4 2.4 2
      vertex 6.77164 2.85195 2
    endloop
  endfacet
  facet normal 0 0 1
    outer loop
      vertex 10.4 2.4 2
      vertex 6.64576 2.58581 2
      vertex 6.53439 2.4 2
    endloop
  endfacet
  facet normal 1 -0 0
    outer loop
      vertex 2.4 6.53439 12
      vertex 2.4 36.3656 2
      vertex 2.4 36.3656 12
    endloop
  endfacet
  facet normal 1 0 0
    outer loop
      vertex 2.4 36.3656 2
      vertex 2.4 6.53439 12
      vertex 2.4 6.53439 2
    endloop
  endfacet
  facet normal 0 -1 0
    outer loop
      vertex 6.53439 40.5 2
      vertex 64.5906 40.5 12
      vertex 6.53439 40.5 12
    endloop
  endfacet
  facet normal 0 -1 -0
    outer loop
      vertex 64.5906 40.5 12
      vertex 6.53439 40.5 2
      vertex 64.5906 40.5 2
    endloop
  endfacet
  facet normal 0 1 -0
    outer loop
      vertex 16 2.4 0.799999
      vertex 10.4 2.4 2
      vertex 16 2.4 4.3
    endloop
  endfacet
  facet normal 0 1 0
    outer loop
      vertex 10.4 2.4 2
      vertex 16 2.4 0.799999
      vertex 10.4 2.4 0.799999
    endloop
  endfacet
  facet normal 0 1 0
    outer loop
      vertex 64.5906 2.4 12
      vertex 26 2.4 4.3
      vertex 6.53439 2.4 12
    endloop
  endfacet
  facet normal 0 1 0
    outer loop
      vertex 31.6 2.4 2
      vertex 64.5906 2.4 12
      vertex 64.5906 2.4 2
    endloop
  endfacet
  facet normal 0 1 0
    outer loop
      vertex 64.5906 2.4 12
      vertex 31.6 2.4 2
      vertex 26 2.4 4.3
    endloop
  endfacet
  facet normal 0 1 0
    outer loop
      vertex 26 2.4 0.799999
      vertex 31.6 2.4 2
      vertex 31.6 2.4 0.799999
    endloop
  endfacet
  facet normal 0 1 0
    outer loop
      vertex 31.6 2.4 2
      vertex 26 2.4 0.799999
      vertex 26 2.4 4.3
    endloop
  endfacet
  facet normal 0 1 -0
    outer loop
      vertex 16 2.4 4.3
      vertex 6.53439 2.4 12
      vertex 26 2.4 4.3
    endloop
  endfacet
  facet normal 0 1 -0
    outer loop
      vertex 10.4 2.4 2
      vertex 6.53439 2.4 12
      vertex 16 2.4 4.3
    endloop
  endfacet
  facet normal 0 1 0
    outer loop
      vertex 6.53439 2.4 12
      vertex 10.4 2.4 2
      vertex 6.53439 2.4 2
    endloop
  endfacet
  facet normal 0.989181 0.146703 0
    outer loop
      vertex 6.98555 4.29405 12
      vertex 6.94236 4.58527 2
      vertex 6.94236 4.58527 12
    endloop
  endfacet
  facet normal 0.989181 0.146703 0
    outer loop
      vertex 6.94236 4.58527 2
      vertex 6.98555 4.29405 12
      vertex 6.98555 4.29405 2
    endloop
  endfacet
  facet normal 0.998795 0.0490821 0
    outer loop
      vertex 7 4 12
      vertex 6.98555 4.29405 2
      vertex 6.98555 4.29405 12
    endloop
  endfacet
  facet normal 0.998795 0.0490821 0
    outer loop
      vertex 6.98555 4.29405 2
      vertex 7 4 12
      vertex 7 4 2
    endloop
  endfacet
  facet normal 0.970027 0.242999 0
    outer loop
      vertex 6.94236 4.58527 12
      vertex 6.87082 4.87085 2
      vertex 6.87082 4.87085 12
    endloop
  endfacet
  facet normal 0.970027 0.242999 0
    outer loop
      vertex 6.87082 4.87085 2
      vertex 6.94236 4.58527 12
      vertex 6.94236 4.58527 2
    endloop
  endfacet
  facet normal 0.336879 0.941548 -0
    outer loop
      vertex 5.14805 6.77164 2
      vertex 4.87085 6.87082 12
      vertex 5.14805 6.77164 12
    endloop
  endfacet
  facet normal 0.336879 0.941548 0
    outer loop
      vertex 4.87085 6.87082 12
      vertex 5.14805 6.77164 2
      vertex 4.87085 6.87082 2
    endloop
  endfacet
  facet normal -0.514102 0.857729 0
    outer loop
      vertex 2.58581 6.64576 2
      vertex 2.4 6.53439 12
      vertex 2.58581 6.64576 12
    endloop
  endfacet
  facet normal -0.514102 0.857729 0
    outer loop
      vertex 2.4 6.53439 12
      vertex 2.58581 6.64576 2
      vertex 2.4 6.53439 2
    endloop
  endfacet
  facet normal -0.242999 0.970027 0
    outer loop
      vertex 3.41473 6.94236 2
      vertex 3.12915 6.87082 12
      vertex 3.41473 6.94236 12
    endloop
  endfacet
  facet normal -0.242999 0.970027 0
    outer loop
      vertex 3.12915 6.87082 12
      vertex 3.41473 6.94236 2
      vertex 3.12915 6.87082 2
    endloop
  endfacet
  facet normal 0.146703 0.989181 -0
    outer loop
      vertex 4.58527 6.94236 2
      vertex 4.29405 6.98555 12
      vertex 4.58527 6.94236 12
    endloop
  endfacet
  facet normal 0.146703 0.989181 0
    outer loop
      vertex 4.29405 6.98555 12
      vertex 4.58527 6.94236 2
      vertex 4.29405 6.98555 2
    endloop
  endfacet
  facet normal 0.989181 -0.146703 0
    outer loop
      vertex 6.94236 3.41473 12
      vertex 6.98555 3.70595 2
      vertex 6.98555 3.70595 12
    endloop
  endfacet
  facet normal 0.989181 -0.146703 0
    outer loop
      vertex 6.98555 3.70595 2
      vertex 6.94236 3.41473 12
      vertex 6.94236 3.41473 2
    endloop
  endfacet
  facet normal 0.427569 0.903983 -0
    outer loop
      vertex 5.41419 6.64576 2
      vertex 5.14805 6.77164 12
      vertex 5.41419 6.64576 12
    endloop
  endfacet
  facet normal 0.427569 0.903983 0
    outer loop
      vertex 5.14805 6.77164 12
      vertex 5.41419 6.64576 2
      vertex 5.14805 6.77164 2
    endloop
  endfacet
  facet normal 0.970027 -0.242999 0
    outer loop
      vertex 6.87082 3.12915 12
      vertex 6.94236 3.41473 2
      vertex 6.94236 3.41473 12
    endloop
  endfacet
  facet normal 0.970027 -0.242999 0
    outer loop
      vertex 6.94236 3.41473 2
      vertex 6.87082 3.12915 12
      vertex 6.87082 3.12915 2
    endloop
  endfacet
  facet normal -0.0490821 0.998795 0
    outer loop
      vertex 4 7 2
      vertex 3.70595 6.98555 12
      vertex 4 7 12
    endloop
  endfacet
  facet normal -0.0490821 0.998795 0
    outer loop
      vertex 3.70595 6.98555 12
      vertex 4 7 2
      vertex 3.70595 6.98555 2
    endloop
  endfacet
  facet normal 0.671558 0.740952 -0
    outer loop
      vertex 6.12132 6.12132 2
      vertex 5.90318 6.31903 12
      vertex 6.12132 6.12132 12
    endloop
  endfacet
  facet normal 0.671558 0.740952 0
    outer loop
      vertex 5.90318 6.31903 12
      vertex 6.12132 6.12132 2
      vertex 5.90318 6.31903 2
    endloop
  endfacet
  facet normal -0.427569 0.903983 0
    outer loop
      vertex 2.85195 6.77164 2
      vertex 2.58581 6.64576 12
      vertex 2.85195 6.77164 12
    endloop
  endfacet
  facet normal -0.427569 0.903983 0
    outer loop
      vertex 2.58581 6.64576 12
      vertex 2.85195 6.77164 2
      vertex 2.58581 6.64576 2
    endloop
  endfacet
  facet normal -0.336879 0.941548 0
    outer loop
      vertex 3.12915 6.87082 2
      vertex 2.85195 6.77164 12
      vertex 3.12915 6.87082 12
    endloop
  endfacet
  facet normal -0.336879 0.941548 0
    outer loop
      vertex 2.85195 6.77164 12
      vertex 3.12915 6.87082 2
      vertex 2.85195 6.77164 2
    endloop
  endfacet
  facet normal 0.803204 0.595703 0
    outer loop
      vertex 6.49441 5.66671 12
      vertex 6.31903 5.90318 2
      vertex 6.31903 5.90318 12
    endloop
  endfacet
  facet normal 0.803204 0.595703 0
    outer loop
      vertex 6.31903 5.90318 2
      vertex 6.49441 5.66671 12
      vertex 6.49441 5.66671 2
    endloop
  endfacet
  facet normal 0.998795 -0.0490821 0
    outer loop
      vertex 6.98555 3.70595 12
      vertex 7 4 2
      vertex 7 4 12
    endloop
  endfacet
  facet normal 0.998795 -0.0490821 0
    outer loop
      vertex 7 4 2
      vertex 6.98555 3.70595 12
      vertex 6.98555 3.70595 2
    endloop
  endfacet
  facet normal 0.903983 -0.427569 0
    outer loop
      vertex 6.64576 2.58581 12
      vertex 6.77164 2.85195 2
      vertex 6.77164 2.85195 12
    endloop
  endfacet
  facet normal 0.903983 -0.427569 0
    outer loop
      vertex 6.77164 2.85195 2
      vertex 6.64576 2.58581 12
      vertex 6.64576 2.58581 2
    endloop
  endfacet
  facet normal 0.857736 0.514091 0
    outer loop
      vertex 6.64576 5.41419 12
      vertex 6.49441 5.66671 2
      vertex 6.49441 5.66671 12
    endloop
  endfacet
  facet normal 0.857736 0.514091 0
    outer loop
      vertex 6.49441 5.66671 2
      vertex 6.64576 5.41419 12
      vertex 6.64576 5.41419 2
    endloop
  endfacet
  facet normal 0.595703 0.803204 -0
    outer loop
      vertex 5.90318 6.31903 2
      vertex 5.66671 6.49441 12
      vertex 5.90318 6.31903 12
    endloop
  endfacet
  facet normal 0.595703 0.803204 0
    outer loop
      vertex 5.66671 6.49441 12
      vertex 5.90318 6.31903 2
      vertex 5.66671 6.49441 2
    endloop
  endfacet
  facet normal 0.514091 0.857736 -0
    outer loop
      vertex 5.66671 6.49441 2
      vertex 5.41419 6.64576 12
      vertex 5.66671 6.49441 12
    endloop
  endfacet
  facet normal 0.514091 0.857736 0
    outer loop
      vertex 5.41419 6.64576 12
      vertex 5.66671 6.49441 2
      vertex 5.41419 6.64576 2
    endloop
  endfacet
  facet normal 0.941548 0.336879 0
    outer loop
      vertex 6.87082 4.87085 12
      vertex 6.77164 5.14805 2
      vertex 6.77164 5.14805 12
    endloop
  endfacet
  facet normal 0.941548 0.336879 0
    outer loop
      vertex 6.77164 5.14805 2
      vertex 6.87082 4.87085 12
      vertex 6.87082 4.87085 2
    endloop
  endfacet
  facet normal 0.857729 -0.514102 0
    outer loop
      vertex 6.53439 2.4 12
      vertex 6.64576 2.58581 2
      vertex 6.64576 2.58581 12
    endloop
  endfacet
  facet normal 0.857729 -0.514102 0
    outer loop
      vertex 6.64576 2.58581 2
      vertex 6.53439 2.4 12
      vertex 6.53439 2.4 2
    endloop
  endfacet
  facet normal 0.941548 -0.336879 0
    outer loop
      vertex 6.77164 2.85195 12
      vertex 6.87082 3.12915 2
      vertex 6.87082 3.12915 12
    endloop
  endfacet
  facet normal 0.941548 -0.336879 0
    outer loop
      vertex 6.87082 3.12915 2
      vertex 6.77164 2.85195 12
      vertex 6.77164 2.85195 2
    endloop
  endfacet
  facet normal 0.740952 0.671558 0
    outer loop
      vertex 6.31903 5.90318 12
      vertex 6.12132 6.12132 2
      vertex 6.12132 6.12132 12
    endloop
  endfacet
  facet normal 0.740952 0.671558 0
    outer loop
      vertex 6.12132 6.12132 2
      vertex 6.31903 5.90318 12
      vertex 6.31903 5.90318 2
    endloop
  endfacet
  facet normal 0.0490821 0.998795 -0
    outer loop
      vertex 4.29405 6.98555 2
      vertex 4 7 12
      vertex 4.29405 6.98555 12
    endloop
  endfacet
  facet normal 0.0490821 0.998795 0
    outer loop
      vertex 4 7 12
      vertex 4.29405 6.98555 2
      vertex 4 7 2
    endloop
  endfacet
  facet normal 0.903983 0.427569 0
    outer loop
      vertex 6.77164 5.14805 12
      vertex 6.64576 5.41419 2
      vertex 6.64576 5.41419 12
    endloop
  endfacet
  facet normal 0.903983 0.427569 0
    outer loop
      vertex 6.64576 5.41419 2
      vertex 6.77164 5.14805 12
      vertex 6.77164 5.14805 2
    endloop
  endfacet
  facet normal -0.146703 0.989181 0
    outer loop
      vertex 3.70595 6.98555 2
      vertex 3.41473 6.94236 12
      vertex 3.70595 6.98555 12
    endloop
  endfacet
  facet normal -0.146703 0.989181 0
    outer loop
      vertex 3.41473 6.94236 12
      vertex 3.70595 6.98555 2
      vertex 3.41473 6.94236 2
    endloop
  endfacet
  facet normal 0.242999 0.970027 -0
    outer loop
      vertex 4.87085 6.87082 2
      vertex 4.58527 6.94236 12
      vertex 4.87085 6.87082 12
    endloop
  endfacet
  facet normal 0.242999 0.970027 0
    outer loop
      vertex 4.58527 6.94236 12
      vertex 4.87085 6.87082 2
      vertex 4.58527 6.94236 2
    endloop
  endfacet
  facet normal -0.989176 0.146736 0
    outer loop
      vertex 64.1394 4.29405 2
      vertex 64.1826 4.58527 12
      vertex 64.1826 4.58527 2
    endloop
  endfacet
  facet normal -0.989176 0.146736 0
    outer loop
      vertex 64.1826 4.58527 12
      vertex 64.1394 4.29405 2
      vertex 64.1394 4.29405 12
    endloop
  endfacet
  facet normal 0.336879 0.941548 -0
    outer loop
      vertex 68.273 6.77164 2
      vertex 67.9958 6.87082 12
      vertex 68.273 6.77164 12
    endloop
  endfacet
  facet normal 0.336879 0.941548 0
    outer loop
      vertex 67.9958 6.87082 12
      vertex 68.273 6.77164 2
      vertex 67.9958 6.87082 2
    endloop
  endfacet
  facet normal -0.514121 0.857718 0
    outer loop
      vertex 65.7108 6.64576 2
      vertex 65.4583 6.49441 12
      vertex 65.7108 6.64576 12
    endloop
  endfacet
  facet normal -0.514121 0.857718 0
    outer loop
      vertex 65.4583 6.49441 12
      vertex 65.7108 6.64576 2
      vertex 65.4583 6.49441 2
    endloop
  endfacet
  facet normal -0.904088 -0.427347 0
    outer loop
      vertex 64.4792 2.58581 2
      vertex 64.3534 2.85195 12
      vertex 64.3534 2.85195 2
    endloop
  endfacet
  facet normal -0.904088 -0.427347 0
    outer loop
      vertex 64.3534 2.85195 12
      vertex 64.4792 2.58581 2
      vertex 64.4792 2.58581 12
    endloop
  endfacet
  facet normal -0.242983 0.970031 0
    outer loop
      vertex 66.5397 6.94236 2
      vertex 66.2541 6.87082 12
      vertex 66.5397 6.94236 12
    endloop
  endfacet
  facet normal -0.242983 0.970031 0
    outer loop
      vertex 66.2541 6.87082 12
      vertex 66.5397 6.94236 2
      vertex 66.2541 6.87082 2
    endloop
  endfacet
  facet normal -0.857668 -0.514204 0
    outer loop
      vertex 64.5906 2.4 2
      vertex 64.4792 2.58581 12
      vertex 64.4792 2.58581 2
    endloop
  endfacet
  facet normal -0.857668 -0.514204 0
    outer loop
      vertex 64.4792 2.58581 12
      vertex 64.5906 2.4 2
      vertex 64.5906 2.4 12
    endloop
  endfacet
  facet normal 0.146712 0.989179 -0
    outer loop
      vertex 67.7103 6.94236 2
      vertex 67.4191 6.98555 12
      vertex 67.7103 6.94236 12
    endloop
  endfacet
  facet normal 0.146712 0.989179 0
    outer loop
      vertex 67.4191 6.98555 12
      vertex 67.7103 6.94236 2
      vertex 67.4191 6.98555 2
    endloop
  endfacet
  facet normal -0.595655 0.803241 0
    outer loop
      vertex 65.4583 6.49441 2
      vertex 65.2218 6.31903 12
      vertex 65.4583 6.49441 12
    endloop
  endfacet
  facet normal -0.595655 0.803241 0
    outer loop
      vertex 65.2218 6.31903 12
      vertex 65.4583 6.49441 2
      vertex 65.2218 6.31903 2
    endloop
  endfacet
  facet normal -0.803172 0.595747 0
    outer loop
      vertex 64.6306 5.66671 2
      vertex 64.806 5.90318 12
      vertex 64.806 5.90318 2
    endloop
  endfacet
  facet normal -0.803172 0.595747 0
    outer loop
      vertex 64.806 5.90318 12
      vertex 64.6306 5.66671 2
      vertex 64.6306 5.66671 12
    endloop
  endfacet
  facet normal -0.941527 0.336939 0
    outer loop
      vertex 64.2542 4.87085 2
      vertex 64.3534 5.14805 12
      vertex 64.3534 5.14805 2
    endloop
  endfacet
  facet normal -0.941527 0.336939 0
    outer loop
      vertex 64.3534 5.14805 12
      vertex 64.2542 4.87085 2
      vertex 64.2542 4.87085 12
    endloop
  endfacet
  facet normal 0.427491 0.90402 -0
    outer loop
      vertex 68.5392 6.64576 2
      vertex 68.273 6.77164 12
      vertex 68.5392 6.64576 12
    endloop
  endfacet
  facet normal 0.427491 0.90402 0
    outer loop
      vertex 68.273 6.77164 12
      vertex 68.5392 6.64576 2
      vertex 68.273 6.77164 2
    endloop
  endfacet
  facet normal -0.941527 -0.336939 0
    outer loop
      vertex 64.3534 2.85195 2
      vertex 64.2542 3.12915 12
      vertex 64.2542 3.12915 2
    endloop
  endfacet
  facet normal -0.941527 -0.336939 0
    outer loop
      vertex 64.2542 3.12915 12
      vertex 64.3534 2.85195 2
      vertex 64.3534 2.85195 12
    endloop
  endfacet
  facet normal -0.0490738 0.998795 0
    outer loop
      vertex 67.125 7 2
      vertex 66.8309 6.98555 12
      vertex 67.125 7 12
    endloop
  endfacet
  facet normal -0.0490738 0.998795 0
    outer loop
      vertex 66.8309 6.98555 12
      vertex 67.125 7 2
      vertex 66.8309 6.98555 2
    endloop
  endfacet
  facet normal -0.427491 0.90402 0
    outer loop
      vertex 65.977 6.77164 2
      vertex 65.7108 6.64576 12
      vertex 65.977 6.77164 12
    endloop
  endfacet
  facet normal -0.427491 0.90402 0
    outer loop
      vertex 65.7108 6.64576 12
      vertex 65.977 6.77164 2
      vertex 65.7108 6.64576 2
    endloop
  endfacet
  facet normal -0.671625 0.740891 0
    outer loop
      vertex 65.2218 6.31903 2
      vertex 65.0037 6.12132 12
      vertex 65.2218 6.31903 12
    endloop
  endfacet
  facet normal -0.671625 0.740891 0
    outer loop
      vertex 65.0037 6.12132 12
      vertex 65.2218 6.31903 2
      vertex 65.0037 6.12132 2
    endloop
  endfacet
  facet normal -0.336986 0.94151 0
    outer loop
      vertex 66.2541 6.87082 2
      vertex 65.977 6.77164 12
      vertex 66.2541 6.87082 12
    endloop
  endfacet
  facet normal -0.336986 0.94151 0
    outer loop
      vertex 65.977 6.77164 12
      vertex 66.2541 6.87082 2
      vertex 65.977 6.77164 2
    endloop
  endfacet
  facet normal -0.857661 0.514216 0
    outer loop
      vertex 64.4792 5.41419 2
      vertex 64.6306 5.66671 12
      vertex 64.6306 5.66671 2
    endloop
  endfacet
  facet normal -0.857661 0.514216 0
    outer loop
      vertex 64.6306 5.66671 12
      vertex 64.4792 5.41419 2
      vertex 64.4792 5.41419 12
    endloop
  endfacet
  facet normal 0.514122 0.857717 -0
    outer loop
      vertex 68.725 6.53439 2
      vertex 68.5392 6.64576 12
      vertex 68.725 6.53439 12
    endloop
  endfacet
  facet normal 0.514122 0.857717 0
    outer loop
      vertex 68.5392 6.64576 12
      vertex 68.725 6.53439 2
      vertex 68.5392 6.64576 2
    endloop
  endfacet
  facet normal -0.998803 -0.0489126 0
    outer loop
      vertex 64.1394 3.70595 2
      vertex 64.125 4 12
      vertex 64.125 4 2
    endloop
  endfacet
  facet normal -0.998803 -0.0489126 0
    outer loop
      vertex 64.125 4 12
      vertex 64.1394 3.70595 2
      vertex 64.1394 3.70595 12
    endloop
  endfacet
  facet normal 0.0490738 0.998795 -0
    outer loop
      vertex 67.4191 6.98555 2
      vertex 67.125 7 12
      vertex 67.4191 6.98555 12
    endloop
  endfacet
  facet normal 0.0490738 0.998795 0
    outer loop
      vertex 67.125 7 12
      vertex 67.4191 6.98555 2
      vertex 67.125 7 2
    endloop
  endfacet
  facet normal -0.740969 0.671539 0
    outer loop
      vertex 64.806 5.90318 2
      vertex 65.0037 6.12132 12
      vertex 65.0037 6.12132 2
    endloop
  endfacet
  facet normal -0.740969 0.671539 0
    outer loop
      vertex 65.0037 6.12132 12
      vertex 64.806 5.90318 2
      vertex 64.806 5.90318 12
    endloop
  endfacet
  facet normal -0.146712 0.989179 0
    outer loop
      vertex 66.8309 6.98555 2
      vertex 66.5397 6.94236 12
      vertex 66.8309 6.98555 12
    endloop
  endfacet
  facet normal -0.146712 0.989179 0
    outer loop
      vertex 66.5397 6.94236 12
      vertex 66.8309 6.98555 2
      vertex 66.5397 6.94236 2
    endloop
  endfacet
  facet normal -0.904088 0.427347 0
    outer loop
      vertex 64.3534 5.14805 2
      vertex 64.4792 5.41419 12
      vertex 64.4792 5.41419 2
    endloop
  endfacet
  facet normal -0.904088 0.427347 0
    outer loop
      vertex 64.4792 5.41419 12
      vertex 64.3534 5.14805 2
      vertex 64.3534 5.14805 12
    endloop
  endfacet
  facet normal -0.969978 0.243191 0
    outer loop
      vertex 64.1826 4.58527 2
      vertex 64.2542 4.87085 12
      vertex 64.2542 4.87085 2
    endloop
  endfacet
  facet normal -0.969978 0.243191 0
    outer loop
      vertex 64.2542 4.87085 12
      vertex 64.1826 4.58527 2
      vertex 64.1826 4.58527 12
    endloop
  endfacet
  facet normal 0.243063 0.97001 -0
    outer loop
      vertex 67.9958 6.87082 2
      vertex 67.7103 6.94236 12
      vertex 67.9958 6.87082 12
    endloop
  endfacet
  facet normal 0.243063 0.97001 0
    outer loop
      vertex 67.7103 6.94236 12
      vertex 67.9958 6.87082 2
      vertex 67.7103 6.94236 2
    endloop
  endfacet
  facet normal -0.969978 -0.243191 0
    outer loop
      vertex 64.2542 3.12915 2
      vertex 64.1826 3.41473 12
      vertex 64.1826 3.41473 2
    endloop
  endfacet
  facet normal -0.969978 -0.243191 0
    outer loop
      vertex 64.1826 3.41473 12
      vertex 64.2542 3.12915 2
      vertex 64.2542 3.12915 12
    endloop
  endfacet
  facet normal -0.989176 -0.146736 0
    outer loop
      vertex 64.1826 3.41473 2
      vertex 64.1394 3.70595 12
      vertex 64.1394 3.70595 2
    endloop
  endfacet
  facet normal -0.989176 -0.146736 0
    outer loop
      vertex 64.1394 3.70595 12
      vertex 64.1826 3.41473 2
      vertex 64.1826 3.41473 12
    endloop
  endfacet
  facet normal -0.998803 0.0489126 0
    outer loop
      vertex 64.125 4 2
      vertex 64.1394 4.29405 12
      vertex 64.1394 4.29405 2
    endloop
  endfacet
  facet normal -0.998803 0.0489126 0
    outer loop
      vertex 64.1394 4.29405 12
      vertex 64.125 4 2
      vertex 64.125 4 12
    endloop
  endfacet
  facet normal -0.336939 -0.941527 0
    outer loop
      vertex 2.85195 36.1284 2
      vertex 3.12915 36.0292 12
      vertex 2.85195 36.1284 12
    endloop
  endfacet
  facet normal -0.336939 -0.941527 -0
    outer loop
      vertex 3.12915 36.0292 12
      vertex 2.85195 36.1284 2
      vertex 3.12915 36.0292 2
    endloop
  endfacet
  facet normal 0.989186 0.146663 0
    outer loop
      vertex 6.98555 39.194 12
      vertex 6.94236 39.4853 2
      vertex 6.94236 39.4853 12
    endloop
  endfacet
  facet normal 0.989186 0.146663 0
    outer loop
      vertex 6.94236 39.4853 2
      vertex 6.98555 39.194 12
      vertex 6.98555 39.194 2
    endloop
  endfacet
  facet normal 0.998794 0.0490904 0
    outer loop
      vertex 7 38.9 12
      vertex 6.98555 39.194 2
      vertex 6.98555 39.194 12
    endloop
  endfacet
  facet normal 0.998794 0.0490904 0
    outer loop
      vertex 6.98555 39.194 2
      vertex 7 38.9 12
      vertex 7 38.9 2
    endloop
  endfacet
  facet normal 0.970031 0.242983 0
    outer loop
      vertex 6.94236 39.4853 12
      vertex 6.87082 39.7709 2
      vertex 6.87082 39.7709 12
    endloop
  endfacet
  facet normal 0.970031 0.242983 0
    outer loop
      vertex 6.87082 39.7709 2
      vertex 6.94236 39.4853 12
      vertex 6.94236 39.4853 2
    endloop
  endfacet
  facet normal -0.243191 -0.969978 0
    outer loop
      vertex 3.12915 36.0292 2
      vertex 3.41473 35.9576 12
      vertex 3.12915 36.0292 12
    endloop
  endfacet
  facet normal -0.243191 -0.969978 -0
    outer loop
      vertex 3.41473 35.9576 12
      vertex 3.12915 36.0292 2
      vertex 3.41473 35.9576 2
    endloop
  endfacet
  facet normal 0.243191 -0.969978 0
    outer loop
      vertex 4.58527 35.9576 2
      vertex 4.87085 36.0292 12
      vertex 4.58527 35.9576 12
    endloop
  endfacet
  facet normal 0.243191 -0.969978 0
    outer loop
      vertex 4.87085 36.0292 12
      vertex 4.58527 35.9576 2
      vertex 4.87085 36.0292 2
    endloop
  endfacet
  facet normal 0.514216 -0.857661 0
    outer loop
      vertex 5.41419 36.2542 2
      vertex 5.66671 36.4056 12
      vertex 5.41419 36.2542 12
    endloop
  endfacet
  facet normal 0.514216 -0.857661 0
    outer loop
      vertex 5.66671 36.4056 12
      vertex 5.41419 36.2542 2
      vertex 5.66671 36.4056 2
    endloop
  endfacet
  facet normal 0.803241 -0.595655 0
    outer loop
      vertex 6.31903 36.9968 12
      vertex 6.49441 37.2333 2
      vertex 6.49441 37.2333 12
    endloop
  endfacet
  facet normal 0.803241 -0.595655 0
    outer loop
      vertex 6.49441 37.2333 2
      vertex 6.31903 36.9968 12
      vertex 6.31903 36.9968 2
    endloop
  endfacet
  facet normal 0.989179 -0.146712 0
    outer loop
      vertex 6.94236 38.3147 12
      vertex 6.98555 38.6059 2
      vertex 6.98555 38.6059 12
    endloop
  endfacet
  facet normal 0.989179 -0.146712 0
    outer loop
      vertex 6.98555 38.6059 2
      vertex 6.94236 38.3147 12
      vertex 6.94236 38.3147 2
    endloop
  endfacet
  facet normal 0.970031 -0.242983 0
    outer loop
      vertex 6.87082 38.0291 12
      vertex 6.94236 38.3147 2
      vertex 6.94236 38.3147 12
    endloop
  endfacet
  facet normal 0.970031 -0.242983 0
    outer loop
      vertex 6.94236 38.3147 2
      vertex 6.87082 38.0291 12
      vertex 6.87082 38.0291 2
    endloop
  endfacet
  facet normal 0.336939 -0.941527 0
    outer loop
      vertex 4.87085 36.0292 2
      vertex 5.14805 36.1284 12
      vertex 4.87085 36.0292 12
    endloop
  endfacet
  facet normal 0.336939 -0.941527 0
    outer loop
      vertex 5.14805 36.1284 12
      vertex 4.87085 36.0292 2
      vertex 5.14805 36.1284 2
    endloop
  endfacet
  facet normal 0.998795 -0.0490738 0
    outer loop
      vertex 6.98555 38.6059 12
      vertex 7 38.9 2
      vertex 7 38.9 12
    endloop
  endfacet
  facet normal 0.998795 -0.0490738 0
    outer loop
      vertex 7 38.9 2
      vertex 6.98555 38.6059 12
      vertex 6.98555 38.6059 2
    endloop
  endfacet
  facet normal 0.903958 -0.427622 0
    outer loop
      vertex 6.64576 37.4858 12
      vertex 6.77164 37.7519 2
      vertex 6.77164 37.7519 12
    endloop
  endfacet
  facet normal 0.903958 -0.427622 0
    outer loop
      vertex 6.77164 37.7519 2
      vertex 6.64576 37.4858 12
      vertex 6.64576 37.4858 2
    endloop
  endfacet
  facet normal -0.514204 -0.857668 0
    outer loop
      vertex 2.4 36.3656 2
      vertex 2.58581 36.2542 12
      vertex 2.4 36.3656 12
    endloop
  endfacet
  facet normal -0.514204 -0.857668 -0
    outer loop
      vertex 2.58581 36.2542 12
      vertex 2.4 36.3656 2
      vertex 2.58581 36.2542 2
    endloop
  endfacet
  facet normal 0.146736 -0.989176 0
    outer loop
      vertex 4.29405 35.9144 2
      vertex 4.58527 35.9576 12
      vertex 4.29405 35.9144 12
    endloop
  endfacet
  facet normal 0.146736 -0.989176 0
    outer loop
      vertex 4.58527 35.9576 12
      vertex 4.29405 35.9144 2
      vertex 4.58527 35.9576 2
    endloop
  endfacet
  facet normal 0.94151 0.336986 0
    outer loop
      vertex 6.87082 39.7709 12
      vertex 6.77164 40.048 2
      vertex 6.77164 40.048 12
    endloop
  endfacet
  facet normal 0.94151 0.336986 0
    outer loop
      vertex 6.77164 40.048 2
      vertex 6.87082 39.7709 12
      vertex 6.87082 39.7709 2
    endloop
  endfacet
  facet normal 0.857718 -0.514121 0
    outer loop
      vertex 6.49441 37.2333 12
      vertex 6.64576 37.4858 2
      vertex 6.64576 37.4858 12
    endloop
  endfacet
  facet normal 0.857718 -0.514121 0
    outer loop
      vertex 6.64576 37.4858 2
      vertex 6.49441 37.2333 12
      vertex 6.49441 37.2333 2
    endloop
  endfacet
  facet normal 0.941548 -0.336879 0
    outer loop
      vertex 6.77164 37.7519 12
      vertex 6.87082 38.0291 2
      vertex 6.87082 38.0291 12
    endloop
  endfacet
  facet normal 0.941548 -0.336879 0
    outer loop
      vertex 6.87082 38.0291 2
      vertex 6.77164 37.7519 12
      vertex 6.77164 37.7519 2
    endloop
  endfacet
  facet normal 0.90402 0.427491 0
    outer loop
      vertex 6.77164 40.048 12
      vertex 6.64576 40.3142 2
      vertex 6.64576 40.3142 12
    endloop
  endfacet
  facet normal 0.90402 0.427491 0
    outer loop
      vertex 6.64576 40.3142 2
      vertex 6.77164 40.048 12
      vertex 6.77164 40.048 2
    endloop
  endfacet
  facet normal -0.146736 -0.989176 0
    outer loop
      vertex 3.41473 35.9576 2
      vertex 3.70595 35.9144 12
      vertex 3.41473 35.9576 12
    endloop
  endfacet
  facet normal -0.146736 -0.989176 -0
    outer loop
      vertex 3.70595 35.9144 12
      vertex 3.41473 35.9576 2
      vertex 3.70595 35.9144 2
    endloop
  endfacet
  facet normal 0.671539 -0.740969 0
    outer loop
      vertex 5.90318 36.581 2
      vertex 6.12132 36.7787 12
      vertex 5.90318 36.581 12
    endloop
  endfacet
  facet normal 0.671539 -0.740969 0
    outer loop
      vertex 6.12132 36.7787 12
      vertex 5.90318 36.581 2
      vertex 6.12132 36.7787 2
    endloop
  endfacet
  facet normal 0.857717 0.514122 0
    outer loop
      vertex 6.64576 40.3142 12
      vertex 6.53439 40.5 2
      vertex 6.53439 40.5 12
    endloop
  endfacet
  facet normal 0.857717 0.514122 0
    outer loop
      vertex 6.53439 40.5 2
      vertex 6.64576 40.3142 12
      vertex 6.64576 40.3142 2
    endloop
  endfacet
  facet normal -0.0489126 -0.998803 0
    outer loop
      vertex 3.70595 35.9144 2
      vertex 4 35.9 12
      vertex 3.70595 35.9144 12
    endloop
  endfacet
  facet normal -0.0489126 -0.998803 -0
    outer loop
      vertex 4 35.9 12
      vertex 3.70595 35.9144 2
      vertex 4 35.9 2
    endloop
  endfacet
  facet normal -0.427347 -0.904088 0
    outer loop
      vertex 2.58581 36.2542 2
      vertex 2.85195 36.1284 12
      vertex 2.58581 36.2542 12
    endloop
  endfacet
  facet normal -0.427347 -0.904088 -0
    outer loop
      vertex 2.85195 36.1284 12
      vertex 2.58581 36.2542 2
      vertex 2.85195 36.1284 2
    endloop
  endfacet
  facet normal 0.427347 -0.904088 0
    outer loop
      vertex 5.14805 36.1284 2
      vertex 5.41419 36.2542 12
      vertex 5.14805 36.1284 12
    endloop
  endfacet
  facet normal 0.427347 -0.904088 0
    outer loop
      vertex 5.41419 36.2542 12
      vertex 5.14805 36.1284 2
      vertex 5.41419 36.2542 2
    endloop
  endfacet
  facet normal 0.0489126 -0.998803 0
    outer loop
      vertex 4 35.9 2
      vertex 4.29405 35.9144 12
      vertex 4 35.9 12
    endloop
  endfacet
  facet normal 0.0489126 -0.998803 0
    outer loop
      vertex 4.29405 35.9144 12
      vertex 4 35.9 2
      vertex 4.29405 35.9144 2
    endloop
  endfacet
  facet normal 0.595747 -0.803172 0
    outer loop
      vertex 5.66671 36.4056 2
      vertex 5.90318 36.581 12
      vertex 5.66671 36.4056 12
    endloop
  endfacet
  facet normal 0.595747 -0.803172 0
    outer loop
      vertex 5.90318 36.581 12
      vertex 5.66671 36.4056 2
      vertex 5.90318 36.581 2
    endloop
  endfacet
  facet normal 0.740891 -0.671625 0
    outer loop
      vertex 6.12132 36.7787 12
      vertex 6.31903 36.9968 2
      vertex 6.31903 36.9968 12
    endloop
  endfacet
  facet normal 0.740891 -0.671625 0
    outer loop
      vertex 6.31903 36.9968 2
      vertex 6.12132 36.7787 12
      vertex 6.12132 36.7787 2
    endloop
  endfacet
  facet normal -0.337047 -0.941488 0
    outer loop
      vertex 65.977 36.1284 2
      vertex 66.2541 36.0292 12
      vertex 65.977 36.1284 12
    endloop
  endfacet
  facet normal -0.337047 -0.941488 -0
    outer loop
      vertex 66.2541 36.0292 12
      vertex 65.977 36.1284 2
      vertex 66.2541 36.0292 2
    endloop
  endfacet
  facet normal -0.989182 0.146696 0
    outer loop
      vertex 64.1394 39.194 2
      vertex 64.1826 39.4853 12
      vertex 64.1826 39.4853 2
    endloop
  endfacet
  facet normal -0.989182 0.146696 0
    outer loop
      vertex 64.1826 39.4853 12
      vertex 64.1394 39.194 2
      vertex 64.1394 39.194 12
    endloop
  endfacet
  facet normal -0.243175 -0.969982 0
    outer loop
      vertex 66.2541 36.0292 2
      vertex 66.5397 35.9576 12
      vertex 66.2541 36.0292 12
    endloop
  endfacet
  facet normal -0.243175 -0.969982 -0
    outer loop
      vertex 66.5397 35.9576 12
      vertex 66.2541 36.0292 2
      vertex 66.5397 35.9576 2
    endloop
  endfacet
  facet normal -0.904063 -0.4274 0
    outer loop
      vertex 64.4792 37.4858 2
      vertex 64.3534 37.7519 12
      vertex 64.3534 37.7519 2
    endloop
  endfacet
  facet normal -0.904063 -0.4274 0
    outer loop
      vertex 64.3534 37.7519 12
      vertex 64.4792 37.4858 2
      vertex 64.4792 37.4858 12
    endloop
  endfacet
  facet normal -0.857643 -0.514246 0
    outer loop
      vertex 64.6306 37.2333 2
      vertex 64.4792 37.4858 12
      vertex 64.4792 37.4858 2
    endloop
  endfacet
  facet normal -0.857643 -0.514246 0
    outer loop
      vertex 64.4792 37.4858 12
      vertex 64.6306 37.2333 2
      vertex 64.6306 37.2333 12
    endloop
  endfacet
  facet normal 0.243255 -0.969962 0
    outer loop
      vertex 67.7103 35.9576 2
      vertex 67.9958 36.0292 12
      vertex 67.7103 35.9576 12
    endloop
  endfacet
  facet normal 0.243255 -0.969962 0
    outer loop
      vertex 67.9958 36.0292 12
      vertex 67.7103 35.9576 2
      vertex 67.9958 36.0292 2
    endloop
  endfacet
  facet normal -0.595699 -0.803208 0
    outer loop
      vertex 65.2218 36.581 2
      vertex 65.4583 36.4056 12
      vertex 65.2218 36.581 12
    endloop
  endfacet
  facet normal -0.595699 -0.803208 -0
    outer loop
      vertex 65.4583 36.4056 12
      vertex 65.2218 36.581 2
      vertex 65.4583 36.4056 2
    endloop
  endfacet
  facet normal 0.514224 -0.857656 0
    outer loop
      vertex 68.5392 36.2542 2
      vertex 68.725 36.3656 12
      vertex 68.5392 36.2542 12
    endloop
  endfacet
  facet normal 0.514224 -0.857656 0
    outer loop
      vertex 68.725 36.3656 12
      vertex 68.5392 36.2542 2
      vertex 68.725 36.3656 2
    endloop
  endfacet
  facet normal -0.941488 0.337047 0
    outer loop
      vertex 64.2542 39.7709 2
      vertex 64.3534 40.048 12
      vertex 64.3534 40.048 2
    endloop
  endfacet
  facet normal -0.941488 0.337047 0
    outer loop
      vertex 64.3534 40.048 12
      vertex 64.2542 39.7709 2
      vertex 64.2542 39.7709 12
    endloop
  endfacet
  facet normal -0.941527 -0.336939 0
    outer loop
      vertex 64.3534 37.7519 2
      vertex 64.2542 38.0291 12
      vertex 64.2542 38.0291 2
    endloop
  endfacet
  facet normal -0.941527 -0.336939 0
    outer loop
      vertex 64.2542 38.0291 12
      vertex 64.3534 37.7519 2
      vertex 64.3534 37.7519 12
    endloop
  endfacet
  facet normal 0.336939 -0.941527 0
    outer loop
      vertex 67.9958 36.0292 2
      vertex 68.273 36.1284 12
      vertex 67.9958 36.0292 12
    endloop
  endfacet
  facet normal 0.336939 -0.941527 0
    outer loop
      vertex 68.273 36.1284 12
      vertex 67.9958 36.0292 2
      vertex 68.273 36.1284 2
    endloop
  endfacet
  facet normal -0.857656 0.514224 0
    outer loop
      vertex 64.4792 40.3142 2
      vertex 64.5906 40.5 12
      vertex 64.5906 40.5 2
    endloop
  endfacet
  facet normal -0.857656 0.514224 0
    outer loop
      vertex 64.5906 40.5 12
      vertex 64.4792 40.3142 2
      vertex 64.4792 40.3142 12
    endloop
  endfacet
  facet normal -0.671607 -0.740908 0
    outer loop
      vertex 65.0037 36.7787 2
      vertex 65.2218 36.581 12
      vertex 65.0037 36.7787 12
    endloop
  endfacet
  facet normal -0.671607 -0.740908 -0
    outer loop
      vertex 65.2218 36.581 12
      vertex 65.0037 36.7787 2
      vertex 65.2218 36.581 2
    endloop
  endfacet
  facet normal -0.514246 -0.857643 0
    outer loop
      vertex 65.4583 36.4056 2
      vertex 65.7108 36.2542 12
      vertex 65.4583 36.4056 12
    endloop
  endfacet
  facet normal -0.514246 -0.857643 -0
    outer loop
      vertex 65.7108 36.2542 12
      vertex 65.4583 36.4056 2
      vertex 65.7108 36.2542 2
    endloop
  endfacet
  facet normal 0.146746 -0.989174 0
    outer loop
      vertex 67.4191 35.9144 2
      vertex 67.7103 35.9576 12
      vertex 67.4191 35.9144 12
    endloop
  endfacet
  facet normal 0.146746 -0.989174 0
    outer loop
      vertex 67.7103 35.9576 12
      vertex 67.4191 35.9144 2
      vertex 67.7103 35.9576 2
    endloop
  endfacet
  facet normal -0.998803 -0.0489044 0
    outer loop
      vertex 64.1394 38.6059 2
      vertex 64.125 38.9 12
      vertex 64.125 38.9 2
    endloop
  endfacet
  facet normal -0.998803 -0.0489044 0
    outer loop
      vertex 64.125 38.9 12
      vertex 64.1394 38.6059 2
      vertex 64.1394 38.6059 12
    endloop
  endfacet
  facet normal -0.146746 -0.989174 0
    outer loop
      vertex 66.5397 35.9576 2
      vertex 66.8309 35.9144 12
      vertex 66.5397 35.9576 12
    endloop
  endfacet
  facet normal -0.146746 -0.989174 -0
    outer loop
      vertex 66.8309 35.9144 12
      vertex 66.5397 35.9576 2
      vertex 66.8309 35.9144 2
    endloop
  endfacet
  facet normal -0.0489044 -0.998803 0
    outer loop
      vertex 66.8309 35.9144 2
      vertex 67.125 35.9 12
      vertex 66.8309 35.9144 12
    endloop
  endfacet
  facet normal -0.0489044 -0.998803 -0
    outer loop
      vertex 67.125 35.9 12
      vertex 66.8309 35.9144 2
      vertex 67.125 35.9 2
    endloop
  endfacet
  facet normal -0.904125 0.427269 0
    outer loop
      vertex 64.3534 40.048 2
      vertex 64.4792 40.3142 12
      vertex 64.4792 40.3142 2
    endloop
  endfacet
  facet normal -0.904125 0.427269 0
    outer loop
      vertex 64.4792 40.3142 12
      vertex 64.3534 40.048 2
      vertex 64.3534 40.048 12
    endloop
  endfacet
  facet normal -0.969982 0.243175 0
    outer loop
      vertex 64.1826 39.4853 2
      vertex 64.2542 39.7709 12
      vertex 64.2542 39.7709 2
    endloop
  endfacet
  facet normal -0.969982 0.243175 0
    outer loop
      vertex 64.2542 39.7709 12
      vertex 64.1826 39.4853 2
      vertex 64.1826 39.4853 12
    endloop
  endfacet
  facet normal -0.969982 -0.243175 0
    outer loop
      vertex 64.2542 38.0291 2
      vertex 64.1826 38.3147 12
      vertex 64.1826 38.3147 2
    endloop
  endfacet
  facet normal -0.969982 -0.243175 0
    outer loop
      vertex 64.1826 38.3147 12
      vertex 64.2542 38.0291 2
      vertex 64.2542 38.0291 12
    endloop
  endfacet
  facet normal -0.427269 -0.904125 0
    outer loop
      vertex 65.7108 36.2542 2
      vertex 65.977 36.1284 12
      vertex 65.7108 36.2542 12
    endloop
  endfacet
  facet normal -0.427269 -0.904125 -0
    outer loop
      vertex 65.977 36.1284 12
      vertex 65.7108 36.2542 2
      vertex 65.977 36.1284 2
    endloop
  endfacet
  facet normal -0.740908 -0.671607 0
    outer loop
      vertex 65.0037 36.7787 2
      vertex 64.806 36.9968 12
      vertex 64.806 36.9968 2
    endloop
  endfacet
  facet normal -0.740908 -0.671607 0
    outer loop
      vertex 64.806 36.9968 12
      vertex 65.0037 36.7787 2
      vertex 65.0037 36.7787 12
    endloop
  endfacet
  facet normal 0.427269 -0.904125 0
    outer loop
      vertex 68.273 36.1284 2
      vertex 68.5392 36.2542 12
      vertex 68.273 36.1284 12
    endloop
  endfacet
  facet normal 0.427269 -0.904125 0
    outer loop
      vertex 68.5392 36.2542 12
      vertex 68.273 36.1284 2
      vertex 68.5392 36.2542 2
    endloop
  endfacet
  facet normal 0.0489044 -0.998803 0
    outer loop
      vertex 67.125 35.9 2
      vertex 67.4191 35.9144 12
      vertex 67.125 35.9 12
    endloop
  endfacet
  facet normal 0.0489044 -0.998803 0
    outer loop
      vertex 67.4191 35.9144 12
      vertex 67.125 35.9 2
      vertex 67.4191 35.9144 2
    endloop
  endfacet
  facet normal -0.989174 -0.146746 0
    outer loop
      vertex 64.1826 38.3147 2
      vertex 64.1394 38.6059 12
      vertex 64.1394 38.6059 2
    endloop
  endfacet
  facet normal -0.989174 -0.146746 0
    outer loop
      vertex 64.1394 38.6059 12
      vertex 64.1826 38.3147 2
      vertex 64.1826 38.3147 12
    endloop
  endfacet
  facet normal -0.803208 -0.595699 0
    outer loop
      vertex 64.806 36.9968 2
      vertex 64.6306 37.2333 12
      vertex 64.6306 37.2333 2
    endloop
  endfacet
  facet normal -0.803208 -0.595699 0
    outer loop
      vertex 64.6306 37.2333 12
      vertex 64.806 36.9968 2
      vertex 64.806 36.9968 12
    endloop
  endfacet
  facet normal -0.998803 0.0489209 0
    outer loop
      vertex 64.125 38.9 2
      vertex 64.1394 39.194 12
      vertex 64.1394 39.194 2
    endloop
  endfacet
  facet normal -0.998803 0.0489209 0
    outer loop
      vertex 64.1394 39.194 12
      vertex 64.125 38.9 2
      vertex 64.125 38.9 12
    endloop
  endfacet
  facet normal 0.740933 0.671578 0
    outer loop
      vertex 2.86863 2.86863 12
      vertex 2.76318 2.98497 0
      vertex 2.76318 2.98497 12
    endloop
  endfacet
  facet normal 0.740933 0.671578 0
    outer loop
      vertex 2.76318 2.98497 0
      vertex 2.86863 2.86863 12
      vertex 2.86863 2.86863 0
    endloop
  endfacet
  facet normal -0.998794 0.0491022 0
    outer loop
      vertex 5.59229 3.84317 0
      vertex 5.6 4 12
      vertex 5.6 4 0
    endloop
  endfacet
  facet normal -0.998794 0.0491022 0
    outer loop
      vertex 5.6 4 12
      vertex 5.59229 3.84317 0
      vertex 5.59229 3.84317 12
    endloop
  endfacet
  facet normal -0.0490387 0.998797 0
    outer loop
      vertex 4.15683 2.4077 0
      vertex 4 2.4 12
      vertex 4.15683 2.4077 12
    endloop
  endfacet
  facet normal -0.0490387 0.998797 0
    outer loop
      vertex 4 2.4 12
      vertex 4.15683 2.4077 0
      vertex 4 2.4 0
    endloop
  endfacet
  facet normal 0.0491022 -0.998794 0
    outer loop
      vertex 3.84317 5.59229 0
      vertex 4 5.6 12
      vertex 3.84317 5.59229 12
    endloop
  endfacet
  facet normal 0.0491022 -0.998794 0
    outer loop
      vertex 4 5.6 12
      vertex 3.84317 5.59229 0
      vertex 4 5.6 0
    endloop
  endfacet
  facet normal 0.998797 0.0490387 0
    outer loop
      vertex 2.4077 3.84317 12
      vertex 2.4 4 0
      vertex 2.4 4 12
    endloop
  endfacet
  facet normal 0.998797 0.0490387 0
    outer loop
      vertex 2.4 4 0
      vertex 2.4077 3.84317 12
      vertex 2.4077 3.84317 0
    endloop
  endfacet
  facet normal -0.740933 0.671578 0
    outer loop
      vertex 5.13137 2.86863 0
      vertex 5.23682 2.98497 12
      vertex 5.23682 2.98497 0
    endloop
  endfacet
  facet normal -0.740933 0.671578 0
    outer loop
      vertex 5.23682 2.98497 12
      vertex 5.13137 2.86863 0
      vertex 5.13137 2.86863 12
    endloop
  endfacet
  facet normal 0.427569 0.903983 -0
    outer loop
      vertex 3.38771 2.52179 0
      vertex 3.24576 2.58893 12
      vertex 3.38771 2.52179 12
    endloop
  endfacet
  facet normal 0.427569 0.903983 0
    outer loop
      vertex 3.24576 2.58893 12
      vertex 3.38771 2.52179 0
      vertex 3.24576 2.58893 0
    endloop
  endfacet
  facet normal -0.595671 0.803229 0
    outer loop
      vertex 5.01503 2.76318 0
      vertex 4.88891 2.66965 12
      vertex 5.01503 2.76318 12
    endloop
  endfacet
  facet normal -0.595671 0.803229 0
    outer loop
      vertex 4.88891 2.66965 12
      vertex 5.01503 2.76318 0
      vertex 4.88891 2.66965 0
    endloop
  endfacet
  facet normal 0.336921 0.941533 -0
    outer loop
      vertex 3.53554 2.46889 0
      vertex 3.38771 2.52179 12
      vertex 3.53554 2.46889 12
    endloop
  endfacet
  facet normal 0.336921 0.941533 0
    outer loop
      vertex 3.38771 2.52179 12
      vertex 3.53554 2.46889 0
      vertex 3.38771 2.52179 0
    endloop
  endfacet
  facet normal 0.970034 -0.24297 0
    outer loop
      vertex 2.43074 4.31214 12
      vertex 2.46889 4.46445 0
      vertex 2.46889 4.46445 12
    endloop
  endfacet
  facet normal 0.970034 -0.24297 0
    outer loop
      vertex 2.46889 4.46445 0
      vertex 2.43074 4.31214 12
      vertex 2.43074 4.31214 0
    endloop
  endfacet
  facet normal -0.671578 -0.740933 0
    outer loop
      vertex 5.01503 5.23682 0
      vertex 5.13137 5.13137 12
      vertex 5.01503 5.23682 12
    endloop
  endfacet
  facet normal -0.671578 -0.740933 -0
    outer loop
      vertex 5.13137 5.13137 12
      vertex 5.01503 5.23682 0
      vertex 5.13137 5.13137 0
    endloop
  endfacet
  facet normal 0.857723 0.514112 0
    outer loop
      vertex 2.66965 3.11109 12
      vertex 2.58893 3.24576 0
      vertex 2.58893 3.24576 12
    endloop
  endfacet
  facet normal 0.857723 0.514112 0
    outer loop
      vertex 2.58893 3.24576 0
      vertex 2.66965 3.11109 12
      vertex 2.66965 3.11109 0
    endloop
  endfacet
  facet normal -0.941553 0.336865 0
    outer loop
      vertex 5.47821 3.38771 0
      vertex 5.5311 3.53554 12
      vertex 5.5311 3.53554 0
    endloop
  endfacet
  facet normal -0.941553 0.336865 0
    outer loop
      vertex 5.5311 3.53554 12
      vertex 5.47821 3.38771 0
      vertex 5.47821 3.38771 12
    endloop
  endfacet
  facet normal 0.146671 -0.989185 0
    outer loop
      vertex 3.68785 5.56926 0
      vertex 3.84317 5.59229 12
      vertex 3.68785 5.56926 12
    endloop
  endfacet
  facet normal 0.146671 -0.989185 0
    outer loop
      vertex 3.84317 5.59229 12
      vertex 3.68785 5.56926 0
      vertex 3.84317 5.59229 0
    endloop
  endfacet
  facet normal 0.514112 0.857723 -0
    outer loop
      vertex 3.24576 2.58893 0
      vertex 3.11109 2.66965 12
      vertex 3.24576 2.58893 12
    endloop
  endfacet
  facet normal 0.514112 0.857723 0
    outer loop
      vertex 3.11109 2.66965 12
      vertex 3.24576 2.58893 0
      vertex 3.11109 2.66965 0
    endloop
  endfacet
  facet normal 0.595671 -0.803229 0
    outer loop
      vertex 2.98497 5.23682 0
      vertex 3.11109 5.33035 12
      vertex 2.98497 5.23682 12
    endloop
  endfacet
  facet normal 0.595671 -0.803229 0
    outer loop
      vertex 3.11109 5.33035 12
      vertex 2.98497 5.23682 0
      vertex 3.11109 5.33035 0
    endloop
  endfacet
  facet normal -0.803229 0.595671 0
    outer loop
      vertex 5.23682 2.98497 0
      vertex 5.33035 3.11109 12
      vertex 5.33035 3.11109 0
    endloop
  endfacet
  facet normal -0.803229 0.595671 0
    outer loop
      vertex 5.33035 3.11109 12
      vertex 5.23682 2.98497 0
      vertex 5.23682 2.98497 12
    endloop
  endfacet
  facet normal -0.24297 0.970034 0
    outer loop
      vertex 4.46445 2.46889 0
      vertex 4.31214 2.43074 12
      vertex 4.46445 2.46889 12
    endloop
  endfacet
  facet normal -0.24297 0.970034 0
    outer loop
      vertex 4.31214 2.43074 12
      vertex 4.46445 2.46889 0
      vertex 4.31214 2.43074 0
    endloop
  endfacet
  facet normal 0.803229 0.595671 0
    outer loop
      vertex 2.76318 2.98497 12
      vertex 2.66965 3.11109 0
      vertex 2.66965 3.11109 12
    endloop
  endfacet
  facet normal 0.803229 0.595671 0
    outer loop
      vertex 2.66965 3.11109 0
      vertex 2.76318 2.98497 12
      vertex 2.76318 2.98497 0
    endloop
  endfacet
  facet normal -0.970019 -0.24303 0
    outer loop
      vertex 5.56926 4.31214 0
      vertex 5.5311 4.46445 12
      vertex 5.5311 4.46445 0
    endloop
  endfacet
  facet normal -0.970019 -0.24303 0
    outer loop
      vertex 5.5311 4.46445 12
      vertex 5.56926 4.31214 0
      vertex 5.56926 4.31214 12
    endloop
  endfacet
  facet normal -0.146743 0.989175 0
    outer loop
      vertex 4.31214 2.43074 0
      vertex 4.15683 2.4077 12
      vertex 4.31214 2.43074 12
    endloop
  endfacet
  facet normal -0.146743 0.989175 0
    outer loop
      vertex 4.15683 2.4077 12
      vertex 4.31214 2.43074 0
      vertex 4.15683 2.4077 0
    endloop
  endfacet
  facet normal -0.514084 0.85774 0
    outer loop
      vertex 4.88891 2.66965 0
      vertex 4.75423 2.58893 12
      vertex 4.88891 2.66965 12
    endloop
  endfacet
  facet normal -0.514084 0.85774 0
    outer loop
      vertex 4.75423 2.58893 12
      vertex 4.88891 2.66965 0
      vertex 4.75423 2.58893 0
    endloop
  endfacet
  facet normal 0.595671 0.803229 -0
    outer loop
      vertex 3.11109 2.66965 0
      vertex 2.98497 2.76318 12
      vertex 3.11109 2.66965 12
    endloop
  endfacet
  facet normal 0.595671 0.803229 0
    outer loop
      vertex 2.98497 2.76318 12
      vertex 3.11109 2.66965 0
      vertex 2.98497 2.76318 0
    endloop
  endfacet
  facet normal -0.903971 -0.427594 0
    outer loop
      vertex 5.47821 4.61229 0
      vertex 5.41107 4.75423 12
      vertex 5.41107 4.75423 0
    endloop
  endfacet
  facet normal -0.903971 -0.427594 0
    outer loop
      vertex 5.41107 4.75423 12
      vertex 5.47821 4.61229 0
      vertex 5.47821 4.61229 12
    endloop
  endfacet
  facet normal 0.24303 -0.970019 0
    outer loop
      vertex 3.53554 5.5311 0
      vertex 3.68785 5.56926 12
      vertex 3.53554 5.5311 12
    endloop
  endfacet
  facet normal 0.24303 -0.970019 0
    outer loop
      vertex 3.68785 5.56926 12
      vertex 3.53554 5.5311 0
      vertex 3.68785 5.56926 0
    endloop
  endfacet
  facet normal -0.740933 -0.671578 0
    outer loop
      vertex 5.23682 5.01503 0
      vertex 5.13137 5.13137 12
      vertex 5.13137 5.13137 0
    endloop
  endfacet
  facet normal -0.740933 -0.671578 0
    outer loop
      vertex 5.13137 5.13137 12
      vertex 5.23682 5.01503 0
      vertex 5.23682 5.01503 12
    endloop
  endfacet
  facet normal 0.989176 0.146733 0
    outer loop
      vertex 2.43074 3.68785 12
      vertex 2.4077 3.84317 0
      vertex 2.4077 3.84317 12
    endloop
  endfacet
  facet normal 0.989176 0.146733 0
    outer loop
      vertex 2.4077 3.84317 0
      vertex 2.43074 3.68785 12
      vertex 2.43074 3.68785 0
    endloop
  endfacet
  facet normal -0.903983 0.427569 0
    outer loop
      vertex 5.41107 3.24576 0
      vertex 5.47821 3.38771 12
      vertex 5.47821 3.38771 0
    endloop
  endfacet
  facet normal -0.903983 0.427569 0
    outer loop
      vertex 5.47821 3.38771 12
      vertex 5.41107 3.24576 0
      vertex 5.41107 3.24576 12
    endloop
  endfacet
  facet normal -0.803229 -0.595671 0
    outer loop
      vertex 5.33035 4.88891 0
      vertex 5.23682 5.01503 12
      vertex 5.23682 5.01503 0
    endloop
  endfacet
  facet normal -0.803229 -0.595671 0
    outer loop
      vertex 5.23682 5.01503 12
      vertex 5.33035 4.88891 0
      vertex 5.33035 4.88891 12
    endloop
  endfacet
  facet normal -0.427594 0.903971 0
    outer loop
      vertex 4.75423 2.58893 0
      vertex 4.61229 2.52179 12
      vertex 4.75423 2.58893 12
    endloop
  endfacet
  facet normal -0.427594 0.903971 0
    outer loop
      vertex 4.61229 2.52179 12
      vertex 4.75423 2.58893 0
      vertex 4.61229 2.52179 0
    endloop
  endfacet
  facet normal -0.998794 -0.0491022 0
    outer loop
      vertex 5.6 4 0
      vertex 5.59229 4.15683 12
      vertex 5.59229 4.15683 0
    endloop
  endfacet
  facet normal -0.998794 -0.0491022 0
    outer loop
      vertex 5.59229 4.15683 12
      vertex 5.6 4 0
      vertex 5.6 4 12
    endloop
  endfacet
  facet normal -0.970019 0.24303 0
    outer loop
      vertex 5.5311 3.53554 0
      vertex 5.56926 3.68785 12
      vertex 5.56926 3.68785 0
    endloop
  endfacet
  facet normal -0.970019 0.24303 0
    outer loop
      vertex 5.56926 3.68785 12
      vertex 5.5311 3.53554 0
      vertex 5.5311 3.53554 12
    endloop
  endfacet
  facet normal -0.14668 -0.989184 0
    outer loop
      vertex 4.15683 5.59229 0
      vertex 4.31214 5.56926 12
      vertex 4.15683 5.59229 12
    endloop
  endfacet
  facet normal -0.14668 -0.989184 -0
    outer loop
      vertex 4.31214 5.56926 12
      vertex 4.15683 5.59229 0
      vertex 4.31214 5.56926 0
    endloop
  endfacet
  facet normal 0.998797 -0.0490387 0
    outer loop
      vertex 2.4 4 12
      vertex 2.4077 4.15683 0
      vertex 2.4077 4.15683 12
    endloop
  endfacet
  facet normal 0.998797 -0.0490387 0
    outer loop
      vertex 2.4077 4.15683 0
      vertex 2.4 4 12
      vertex 2.4 4 0
    endloop
  endfacet
  facet normal -0.94156 -0.336845 0
    outer loop
      vertex 5.5311 4.46445 0
      vertex 5.47821 4.61229 12
      vertex 5.47821 4.61229 0
    endloop
  endfacet
  facet normal -0.94156 -0.336845 0
    outer loop
      vertex 5.47821 4.61229 12
      vertex 5.5311 4.46445 0
      vertex 5.5311 4.46445 12
    endloop
  endfacet
  facet normal 0.671578 0.740933 -0
    outer loop
      vertex 2.98497 2.76318 0
      vertex 2.86863 2.86863 12
      vertex 2.98497 2.76318 12
    endloop
  endfacet
  facet normal 0.671578 0.740933 0
    outer loop
      vertex 2.86863 2.86863 12
      vertex 2.98497 2.76318 0
      vertex 2.86863 2.86863 0
    endloop
  endfacet
  facet normal -0.24303 -0.970019 0
    outer loop
      vertex 4.31214 5.56926 0
      vertex 4.46445 5.5311 12
      vertex 4.31214 5.56926 12
    endloop
  endfacet
  facet normal -0.24303 -0.970019 -0
    outer loop
      vertex 4.46445 5.5311 12
      vertex 4.31214 5.56926 0
      vertex 4.46445 5.5311 0
    endloop
  endfacet
  facet normal -0.989185 0.146671 0
    outer loop
      vertex 5.56926 3.68785 0
      vertex 5.59229 3.84317 12
      vertex 5.59229 3.84317 0
    endloop
  endfacet
  facet normal -0.989185 0.146671 0
    outer loop
      vertex 5.59229 3.84317 12
      vertex 5.56926 3.68785 0
      vertex 5.56926 3.68785 12
    endloop
  endfacet
  facet normal -0.427594 -0.903971 0
    outer loop
      vertex 4.61229 5.47821 0
      vertex 4.75423 5.41107 12
      vertex 4.61229 5.47821 12
    endloop
  endfacet
  facet normal -0.427594 -0.903971 -0
    outer loop
      vertex 4.75423 5.41107 12
      vertex 4.61229 5.47821 0
      vertex 4.75423 5.41107 0
    endloop
  endfacet
  facet normal -0.336901 0.94154 0
    outer loop
      vertex 4.61229 2.52179 0
      vertex 4.46445 2.46889 12
      vertex 4.61229 2.52179 12
    endloop
  endfacet
  facet normal -0.336901 0.94154 0
    outer loop
      vertex 4.46445 2.46889 12
      vertex 4.61229 2.52179 0
      vertex 4.46445 2.46889 0
    endloop
  endfacet
  facet normal 0.970034 0.24297 0
    outer loop
      vertex 2.46889 3.53554 12
      vertex 2.43074 3.68785 0
      vertex 2.43074 3.68785 12
    endloop
  endfacet
  facet normal 0.970034 0.24297 0
    outer loop
      vertex 2.43074 3.68785 0
      vertex 2.46889 3.53554 12
      vertex 2.46889 3.53554 0
    endloop
  endfacet
  facet normal 0.941533 0.336921 0
    outer loop
      vertex 2.52179 3.38771 12
      vertex 2.46889 3.53554 0
      vertex 2.46889 3.53554 12
    endloop
  endfacet
  facet normal 0.941533 0.336921 0
    outer loop
      vertex 2.46889 3.53554 0
      vertex 2.52179 3.38771 12
      vertex 2.52179 3.38771 0
    endloop
  endfacet
  facet normal 0.85774 -0.514084 0
    outer loop
      vertex 2.58893 4.75423 12
      vertex 2.66965 4.88891 0
      vertex 2.66965 4.88891 12
    endloop
  endfacet
  facet normal 0.85774 -0.514084 0
    outer loop
      vertex 2.66965 4.88891 0
      vertex 2.58893 4.75423 12
      vertex 2.58893 4.75423 0
    endloop
  endfacet
  facet normal -0.671578 0.740933 0
    outer loop
      vertex 5.13137 2.86863 0
      vertex 5.01503 2.76318 12
      vertex 5.13137 2.86863 12
    endloop
  endfacet
  facet normal -0.671578 0.740933 0
    outer loop
      vertex 5.01503 2.76318 12
      vertex 5.13137 2.86863 0
      vertex 5.01503 2.76318 0
    endloop
  endfacet
  facet normal 0.903983 0.427569 0
    outer loop
      vertex 2.58893 3.24576 12
      vertex 2.52179 3.38771 0
      vertex 2.52179 3.38771 12
    endloop
  endfacet
  facet normal 0.903983 0.427569 0
    outer loop
      vertex 2.52179 3.38771 0
      vertex 2.58893 3.24576 12
      vertex 2.58893 3.24576 0
    endloop
  endfacet
  facet normal 0.94154 -0.336901 0
    outer loop
      vertex 2.46889 4.46445 12
      vertex 2.52179 4.61229 0
      vertex 2.52179 4.61229 12
    endloop
  endfacet
  facet normal 0.94154 -0.336901 0
    outer loop
      vertex 2.52179 4.61229 0
      vertex 2.46889 4.46445 12
      vertex 2.46889 4.46445 0
    endloop
  endfacet
  facet normal -0.85774 -0.514084 0
    outer loop
      vertex 5.41107 4.75423 0
      vertex 5.33035 4.88891 12
      vertex 5.33035 4.88891 0
    endloop
  endfacet
  facet normal -0.85774 -0.514084 0
    outer loop
      vertex 5.33035 4.88891 12
      vertex 5.41107 4.75423 0
      vertex 5.41107 4.75423 12
    endloop
  endfacet
  facet normal 0.740933 -0.671578 0
    outer loop
      vertex 2.76318 5.01503 12
      vertex 2.86863 5.13137 0
      vertex 2.86863 5.13137 12
    endloop
  endfacet
  facet normal 0.740933 -0.671578 0
    outer loop
      vertex 2.86863 5.13137 0
      vertex 2.76318 5.01503 12
      vertex 2.76318 5.01503 0
    endloop
  endfacet
  facet normal -0.989184 -0.14668 0
    outer loop
      vertex 5.59229 4.15683 0
      vertex 5.56926 4.31214 12
      vertex 5.56926 4.31214 0
    endloop
  endfacet
  facet normal -0.989184 -0.14668 0
    outer loop
      vertex 5.56926 4.31214 12
      vertex 5.59229 4.15683 0
      vertex 5.59229 4.15683 12
    endloop
  endfacet
  facet normal -0.857723 0.514112 0
    outer loop
      vertex 5.33035 3.11109 0
      vertex 5.41107 3.24576 12
      vertex 5.41107 3.24576 0
    endloop
  endfacet
  facet normal -0.857723 0.514112 0
    outer loop
      vertex 5.41107 3.24576 12
      vertex 5.33035 3.11109 0
      vertex 5.33035 3.11109 12
    endloop
  endfacet
  facet normal 0.514112 -0.857723 0
    outer loop
      vertex 3.11109 5.33035 0
      vertex 3.24576 5.41107 12
      vertex 3.11109 5.33035 12
    endloop
  endfacet
  facet normal 0.514112 -0.857723 0
    outer loop
      vertex 3.24576 5.41107 12
      vertex 3.11109 5.33035 0
      vertex 3.24576 5.41107 0
    endloop
  endfacet
  facet normal 0.336865 -0.941553 0
    outer loop
      vertex 3.38771 5.47821 0
      vertex 3.53554 5.5311 12
      vertex 3.38771 5.47821 12
    endloop
  endfacet
  facet normal 0.336865 -0.941553 0
    outer loop
      vertex 3.53554 5.5311 12
      vertex 3.38771 5.47821 0
      vertex 3.53554 5.5311 0
    endloop
  endfacet
  facet normal 0.803229 -0.595671 0
    outer loop
      vertex 2.66965 4.88891 12
      vertex 2.76318 5.01503 0
      vertex 2.76318 5.01503 12
    endloop
  endfacet
  facet normal 0.803229 -0.595671 0
    outer loop
      vertex 2.76318 5.01503 0
      vertex 2.66965 4.88891 12
      vertex 2.66965 4.88891 0
    endloop
  endfacet
  facet normal 0.989175 -0.146743 0
    outer loop
      vertex 2.4077 4.15683 12
      vertex 2.43074 4.31214 0
      vertex 2.43074 4.31214 12
    endloop
  endfacet
  facet normal 0.989175 -0.146743 0
    outer loop
      vertex 2.43074 4.31214 0
      vertex 2.4077 4.15683 12
      vertex 2.4077 4.15683 0
    endloop
  endfacet
  facet normal 0.903971 -0.427594 0
    outer loop
      vertex 2.52179 4.61229 12
      vertex 2.58893 4.75423 0
      vertex 2.58893 4.75423 12
    endloop
  endfacet
  facet normal 0.903971 -0.427594 0
    outer loop
      vertex 2.58893 4.75423 0
      vertex 2.52179 4.61229 12
      vertex 2.52179 4.61229 0
    endloop
  endfacet
  facet normal -0.0491022 -0.998794 0
    outer loop
      vertex 4 5.6 0
      vertex 4.15683 5.59229 12
      vertex 4 5.6 12
    endloop
  endfacet
  facet normal -0.0491022 -0.998794 -0
    outer loop
      vertex 4.15683 5.59229 12
      vertex 4 5.6 0
      vertex 4.15683 5.59229 0
    endloop
  endfacet
  facet normal 0.146733 0.989176 -0
    outer loop
      vertex 3.84317 2.4077 0
      vertex 3.68785 2.43074 12
      vertex 3.84317 2.4077 12
    endloop
  endfacet
  facet normal 0.146733 0.989176 0
    outer loop
      vertex 3.68785 2.43074 12
      vertex 3.84317 2.4077 0
      vertex 3.68785 2.43074 0
    endloop
  endfacet
  facet normal 0.0490387 0.998797 -0
    outer loop
      vertex 4 2.4 0
      vertex 3.84317 2.4077 12
      vertex 4 2.4 12
    endloop
  endfacet
  facet normal 0.0490387 0.998797 0
    outer loop
      vertex 3.84317 2.4077 12
      vertex 4 2.4 0
      vertex 3.84317 2.4077 0
    endloop
  endfacet
  facet normal -0.336845 -0.94156 0
    outer loop
      vertex 4.46445 5.5311 0
      vertex 4.61229 5.47821 12
      vertex 4.46445 5.5311 12
    endloop
  endfacet
  facet normal -0.336845 -0.94156 -0
    outer loop
      vertex 4.61229 5.47821 12
      vertex 4.46445 5.5311 0
      vertex 4.61229 5.47821 0
    endloop
  endfacet
  facet normal -0.595671 -0.803229 0
    outer loop
      vertex 4.88891 5.33035 0
      vertex 5.01503 5.23682 12
      vertex 4.88891 5.33035 12
    endloop
  endfacet
  facet normal -0.595671 -0.803229 -0
    outer loop
      vertex 5.01503 5.23682 12
      vertex 4.88891 5.33035 0
      vertex 5.01503 5.23682 0
    endloop
  endfacet
  facet normal 0.427569 -0.903983 0
    outer loop
      vertex 3.24576 5.41107 0
      vertex 3.38771 5.47821 12
      vertex 3.24576 5.41107 12
    endloop
  endfacet
  facet normal 0.427569 -0.903983 0
    outer loop
      vertex 3.38771 5.47821 12
      vertex 3.24576 5.41107 0
      vertex 3.38771 5.47821 0
    endloop
  endfacet
  facet normal -0.514084 -0.85774 0
    outer loop
      vertex 4.75423 5.41107 0
      vertex 4.88891 5.33035 12
      vertex 4.75423 5.41107 12
    endloop
  endfacet
  facet normal -0.514084 -0.85774 -0
    outer loop
      vertex 4.88891 5.33035 12
      vertex 4.75423 5.41107 0
      vertex 4.88891 5.33035 0
    endloop
  endfacet
  facet normal 0.671578 -0.740933 0
    outer loop
      vertex 2.86863 5.13137 0
      vertex 2.98497 5.23682 12
      vertex 2.86863 5.13137 12
    endloop
  endfacet
  facet normal 0.671578 -0.740933 0
    outer loop
      vertex 2.98497 5.23682 12
      vertex 2.86863 5.13137 0
      vertex 2.98497 5.23682 0
    endloop
  endfacet
  facet normal 0.24297 0.970034 -0
    outer loop
      vertex 3.68785 2.43074 0
      vertex 3.53554 2.46889 12
      vertex 3.68785 2.43074 12
    endloop
  endfacet
  facet normal 0.24297 0.970034 0
    outer loop
      vertex 3.53554 2.46889 12
      vertex 3.68785 2.43074 0
      vertex 3.53554 2.46889 0
    endloop
  endfacet
  facet normal 0.741092 0.671404 0
    outer loop
      vertex 65.9936 2.86863 12
      vertex 65.8882 2.98497 0
      vertex 65.8882 2.98497 12
    endloop
  endfacet
  facet normal 0.741092 0.671404 0
    outer loop
      vertex 65.8882 2.98497 0
      vertex 65.9936 2.86863 12
      vertex 65.9936 2.86863 0
    endloop
  endfacet
  facet normal -0.998797 0.0490387 0
    outer loop
      vertex 68.7173 3.84317 0
      vertex 68.725 4 12
      vertex 68.725 4 0
    endloop
  endfacet
  facet normal -0.998797 0.0490387 0
    outer loop
      vertex 68.725 4 12
      vertex 68.7173 3.84317 0
      vertex 68.7173 3.84317 12
    endloop
  endfacet
  facet normal -0.049048 0.998796 0
    outer loop
      vertex 67.2818 2.4077 0
      vertex 67.125 2.4 12
      vertex 67.2818 2.4077 12
    endloop
  endfacet
  facet normal -0.049048 0.998796 0
    outer loop
      vertex 67.125 2.4 12
      vertex 67.2818 2.4077 0
      vertex 67.125 2.4 0
    endloop
  endfacet
  facet normal 0.0491116 -0.998793 0
    outer loop
      vertex 66.9682 5.59229 0
      vertex 67.125 5.6 12
      vertex 66.9682 5.59229 12
    endloop
  endfacet
  facet normal 0.0491116 -0.998793 0
    outer loop
      vertex 67.125 5.6 12
      vertex 66.9682 5.59229 0
      vertex 67.125 5.6 0
    endloop
  endfacet
  facet normal 0.998797 0.0490387 0
    outer loop
      vertex 65.5327 3.84317 12
      vertex 65.525 4 0
      vertex 65.525 4 12
    endloop
  endfacet
  facet normal 0.998797 0.0490387 0
    outer loop
      vertex 65.525 4 0
      vertex 65.5327 3.84317 12
      vertex 65.5327 3.84317 0
    endloop
  endfacet
  facet normal -0.741092 0.671404 0
    outer loop
      vertex 68.2564 2.86863 0
      vertex 68.3618 2.98497 12
      vertex 68.3618 2.98497 0
    endloop
  endfacet
  facet normal -0.741092 0.671404 0
    outer loop
      vertex 68.3618 2.98497 12
      vertex 68.2564 2.86863 0
      vertex 68.2564 2.86863 12
    endloop
  endfacet
  facet normal 0.427692 0.903925 -0
    outer loop
      vertex 66.5127 2.52179 0
      vertex 66.3708 2.58893 12
      vertex 66.5127 2.52179 12
    endloop
  endfacet
  facet normal 0.427692 0.903925 0
    outer loop
      vertex 66.3708 2.58893 12
      vertex 66.5127 2.52179 0
      vertex 66.3708 2.58893 0
    endloop
  endfacet
  facet normal -0.595732 0.803184 0
    outer loop
      vertex 68.14 2.76318 0
      vertex 68.0139 2.66965 12
      vertex 68.14 2.76318 12
    endloop
  endfacet
  facet normal -0.595732 0.803184 0
    outer loop
      vertex 68.0139 2.66965 12
      vertex 68.14 2.76318 0
      vertex 68.0139 2.66965 0
    endloop
  endfacet
  facet normal 0.336982 0.941511 -0
    outer loop
      vertex 66.6605 2.46889 0
      vertex 66.5127 2.52179 12
      vertex 66.6605 2.46889 12
    endloop
  endfacet
  facet normal 0.336982 0.941511 0
    outer loop
      vertex 66.5127 2.52179 12
      vertex 66.6605 2.46889 0
      vertex 66.5127 2.52179 0
    endloop
  endfacet
  facet normal 0.969959 -0.24327 0
    outer loop
      vertex 65.5557 4.31214 12
      vertex 65.5939 4.46445 0
      vertex 65.5939 4.46445 12
    endloop
  endfacet
  facet normal 0.969959 -0.24327 0
    outer loop
      vertex 65.5939 4.46445 0
      vertex 65.5557 4.31214 12
      vertex 65.5557 4.31214 0
    endloop
  endfacet
  facet normal -0.671388 -0.741106 0
    outer loop
      vertex 68.14 5.23682 0
      vertex 68.2564 5.13137 12
      vertex 68.14 5.23682 12
    endloop
  endfacet
  facet normal -0.671388 -0.741106 -0
    outer loop
      vertex 68.2564 5.13137 12
      vertex 68.14 5.23682 0
      vertex 68.2564 5.13137 0
    endloop
  endfacet
  facet normal 0.857779 0.514018 0
    outer loop
      vertex 65.7946 3.11109 12
      vertex 65.7139 3.24576 0
      vertex 65.7139 3.24576 12
    endloop
  endfacet
  facet normal 0.857779 0.514018 0
    outer loop
      vertex 65.7139 3.24576 0
      vertex 65.7946 3.11109 12
      vertex 65.7946 3.11109 0
    endloop
  endfacet
  facet normal -0.941533 0.336921 0
    outer loop
      vertex 68.6032 3.38771 0
      vertex 68.6561 3.53554 12
      vertex 68.6561 3.53554 0
    endloop
  endfacet
  facet normal -0.941533 0.336921 0
    outer loop
      vertex 68.6561 3.53554 12
      vertex 68.6032 3.38771 0
      vertex 68.6032 3.38771 12
    endloop
  endfacet
  facet normal 0.595732 0.803184 -0
    outer loop
      vertex 66.2361 2.66965 0
      vertex 66.11 2.76318 12
      vertex 66.2361 2.66965 12
    endloop
  endfacet
  facet normal 0.595732 0.803184 0
    outer loop
      vertex 66.11 2.76318 12
      vertex 66.2361 2.66965 0
      vertex 66.11 2.76318 0
    endloop
  endfacet
  facet normal 0.146689 -0.989183 0
    outer loop
      vertex 66.8129 5.56926 0
      vertex 66.9682 5.59229 12
      vertex 66.8129 5.56926 12
    endloop
  endfacet
  facet normal 0.146689 -0.989183 0
    outer loop
      vertex 66.9682 5.59229 12
      vertex 66.8129 5.56926 0
      vertex 66.9682 5.59229 0
    endloop
  endfacet
  facet normal 0.514027 0.857774 -0
    outer loop
      vertex 66.3708 2.58893 0
      vertex 66.2361 2.66965 12
      vertex 66.3708 2.58893 12
    endloop
  endfacet
  facet normal 0.514027 0.857774 0
    outer loop
      vertex 66.2361 2.66965 12
      vertex 66.3708 2.58893 0
      vertex 66.2361 2.66965 0
    endloop
  endfacet
  facet normal 0.595732 -0.803184 0
    outer loop
      vertex 66.11 5.23682 0
      vertex 66.2361 5.33035 12
      vertex 66.11 5.23682 12
    endloop
  endfacet
  facet normal 0.595732 -0.803184 0
    outer loop
      vertex 66.2361 5.33035 12
      vertex 66.11 5.23682 0
      vertex 66.2361 5.33035 0
    endloop
  endfacet
  facet normal -0.803015 0.595958 0
    outer loop
      vertex 68.3618 2.98497 0
      vertex 68.4554 3.11109 12
      vertex 68.4554 3.11109 0
    endloop
  endfacet
  facet normal -0.803015 0.595958 0
    outer loop
      vertex 68.4554 3.11109 12
      vertex 68.3618 2.98497 0
      vertex 68.3618 2.98497 12
    endloop
  endfacet
  facet normal -0.242835 0.970068 0
    outer loop
      vertex 67.5895 2.46889 0
      vertex 67.4371 2.43074 12
      vertex 67.5895 2.46889 12
    endloop
  endfacet
  facet normal -0.242835 0.970068 0
    outer loop
      vertex 67.4371 2.43074 12
      vertex 67.5895 2.46889 0
      vertex 67.4371 2.43074 0
    endloop
  endfacet
  facet normal 0.803015 0.595958 0
    outer loop
      vertex 65.8882 2.98497 12
      vertex 65.7946 3.11109 0
      vertex 65.7946 3.11109 12
    endloop
  endfacet
  facet normal 0.803015 0.595958 0
    outer loop
      vertex 65.7946 3.11109 0
      vertex 65.8882 2.98497 12
      vertex 65.8882 2.98497 0
    endloop
  endfacet
  facet normal -0.969959 -0.24327 0
    outer loop
      vertex 68.6943 4.31214 0
      vertex 68.6561 4.46445 12
      vertex 68.6561 4.46445 0
    endloop
  endfacet
  facet normal -0.969959 -0.24327 0
    outer loop
      vertex 68.6561 4.46445 12
      vertex 68.6943 4.31214 0
      vertex 68.6943 4.31214 12
    endloop
  endfacet
  facet normal -0.146752 0.989173 0
    outer loop
      vertex 67.4371 2.43074 0
      vertex 67.2818 2.4077 12
      vertex 67.4371 2.43074 12
    endloop
  endfacet
  facet normal -0.146752 0.989173 0
    outer loop
      vertex 67.2818 2.4077 12
      vertex 67.4371 2.43074 0
      vertex 67.2818 2.4077 0
    endloop
  endfacet
  facet normal -0.514027 0.857774 0
    outer loop
      vertex 68.0139 2.66965 0
      vertex 67.8792 2.58893 12
      vertex 68.0139 2.66965 12
    endloop
  endfacet
  facet normal -0.514027 0.857774 0
    outer loop
      vertex 67.8792 2.58893 12
      vertex 68.0139 2.66965 0
      vertex 67.8792 2.58893 0
    endloop
  endfacet
  facet normal -0.90407 -0.427385 0
    outer loop
      vertex 68.6032 4.61229 0
      vertex 68.5361 4.75423 12
      vertex 68.5361 4.75423 0
    endloop
  endfacet
  facet normal -0.90407 -0.427385 0
    outer loop
      vertex 68.5361 4.75423 12
      vertex 68.6032 4.61229 0
      vertex 68.6032 4.61229 12
    endloop
  endfacet
  facet normal 0.242895 -0.970053 0
    outer loop
      vertex 66.6605 5.5311 0
      vertex 66.8129 5.56926 12
      vertex 66.6605 5.5311 12
    endloop
  endfacet
  facet normal 0.242895 -0.970053 0
    outer loop
      vertex 66.8129 5.56926 12
      vertex 66.6605 5.5311 0
      vertex 66.8129 5.56926 0
    endloop
  endfacet
  facet normal -0.741092 -0.671404 0
    outer loop
      vertex 68.3618 5.01503 0
      vertex 68.2564 5.13137 12
      vertex 68.2564 5.13137 0
    endloop
  endfacet
  facet normal -0.741092 -0.671404 0
    outer loop
      vertex 68.2564 5.13137 12
      vertex 68.3618 5.01503 0
      vertex 68.3618 5.01503 12
    endloop
  endfacet
  facet normal 0.989213 0.146484 0
    outer loop
      vertex 65.5557 3.68785 12
      vertex 65.5327 3.84317 0
      vertex 65.5327 3.84317 12
    endloop
  endfacet
  facet normal 0.989213 0.146484 0
    outer loop
      vertex 65.5327 3.84317 0
      vertex 65.5557 3.68785 12
      vertex 65.5557 3.68785 0
    endloop
  endfacet
  facet normal -0.904081 0.427361 0
    outer loop
      vertex 68.5361 3.24576 0
      vertex 68.6032 3.38771 12
      vertex 68.6032 3.38771 0
    endloop
  endfacet
  facet normal -0.904081 0.427361 0
    outer loop
      vertex 68.6032 3.38771 12
      vertex 68.5361 3.24576 0
      vertex 68.5361 3.24576 12
    endloop
  endfacet
  facet normal -0.803015 -0.595958 0
    outer loop
      vertex 68.4554 4.88891 0
      vertex 68.3618 5.01503 12
      vertex 68.3618 5.01503 0
    endloop
  endfacet
  facet normal -0.803015 -0.595958 0
    outer loop
      vertex 68.3618 5.01503 12
      vertex 68.4554 4.88891 0
      vertex 68.4554 4.88891 12
    endloop
  endfacet
  facet normal -0.427692 0.903925 0
    outer loop
      vertex 67.8792 2.58893 0
      vertex 67.7373 2.52179 12
      vertex 67.8792 2.58893 12
    endloop
  endfacet
  facet normal -0.427692 0.903925 0
    outer loop
      vertex 67.7373 2.52179 12
      vertex 67.8792 2.58893 0
      vertex 67.7373 2.52179 0
    endloop
  endfacet
  facet normal -0.998797 -0.0490387 0
    outer loop
      vertex 68.725 4 0
      vertex 68.7173 4.15683 12
      vertex 68.7173 4.15683 0
    endloop
  endfacet
  facet normal -0.998797 -0.0490387 0
    outer loop
      vertex 68.7173 4.15683 12
      vertex 68.725 4 0
      vertex 68.725 4 12
    endloop
  endfacet
  facet normal -0.969959 0.24327 0
    outer loop
      vertex 68.6561 3.53554 0
      vertex 68.6943 3.68785 12
      vertex 68.6943 3.68785 0
    endloop
  endfacet
  facet normal -0.969959 0.24327 0
    outer loop
      vertex 68.6943 3.68785 12
      vertex 68.6561 3.53554 0
      vertex 68.6561 3.53554 12
    endloop
  endfacet
  facet normal -0.146689 -0.989183 0
    outer loop
      vertex 67.2818 5.59229 0
      vertex 67.4371 5.56926 12
      vertex 67.2818 5.59229 12
    endloop
  endfacet
  facet normal -0.146689 -0.989183 -0
    outer loop
      vertex 67.4371 5.56926 12
      vertex 67.2818 5.59229 0
      vertex 67.4371 5.56926 0
    endloop
  endfacet
  facet normal 0.998797 -0.0490387 0
    outer loop
      vertex 65.525 4 12
      vertex 65.5327 4.15683 0
      vertex 65.5327 4.15683 12
    endloop
  endfacet
  facet normal 0.998797 -0.0490387 0
    outer loop
      vertex 65.5327 4.15683 0
      vertex 65.525 4 12
      vertex 65.525 4 0
    endloop
  endfacet
  facet normal -0.94154 -0.336901 0
    outer loop
      vertex 68.6561 4.46445 0
      vertex 68.6032 4.61229 12
      vertex 68.6032 4.61229 0
    endloop
  endfacet
  facet normal -0.94154 -0.336901 0
    outer loop
      vertex 68.6032 4.61229 12
      vertex 68.6561 4.46445 0
      vertex 68.6561 4.46445 12
    endloop
  endfacet
  facet normal 0.671388 0.741106 -0
    outer loop
      vertex 66.11 2.76318 0
      vertex 65.9936 2.86863 12
      vertex 66.11 2.76318 12
    endloop
  endfacet
  facet normal 0.671388 0.741106 0
    outer loop
      vertex 65.9936 2.86863 12
      vertex 66.11 2.76318 0
      vertex 65.9936 2.86863 0
    endloop
  endfacet
  facet normal -0.989213 0.146484 0
    outer loop
      vertex 68.6943 3.68785 0
      vertex 68.7173 3.84317 12
      vertex 68.7173 3.84317 0
    endloop
  endfacet
  facet normal -0.989213 0.146484 0
    outer loop
      vertex 68.7173 3.84317 12
      vertex 68.6943 3.68785 0
      vertex 68.6943 3.68785 12
    endloop
  endfacet
  facet normal -0.427692 -0.903925 0
    outer loop
      vertex 67.7373 5.47821 0
      vertex 67.8792 5.41107 12
      vertex 67.7373 5.47821 12
    endloop
  endfacet
  facet normal -0.427692 -0.903925 -0
    outer loop
      vertex 67.8792 5.41107 12
      vertex 67.7373 5.47821 0
      vertex 67.8792 5.41107 0
    endloop
  endfacet
  facet normal -0.336982 0.941511 0
    outer loop
      vertex 67.7373 2.52179 0
      vertex 67.5895 2.46889 12
      vertex 67.7373 2.52179 12
    endloop
  endfacet
  facet normal -0.336982 0.941511 0
    outer loop
      vertex 67.5895 2.46889 12
      vertex 67.7373 2.52179 0
      vertex 67.5895 2.46889 0
    endloop
  endfacet
  facet normal 0.969959 0.24327 0
    outer loop
      vertex 65.5939 3.53554 12
      vertex 65.5557 3.68785 0
      vertex 65.5557 3.68785 12
    endloop
  endfacet
  facet normal 0.969959 0.24327 0
    outer loop
      vertex 65.5557 3.68785 0
      vertex 65.5939 3.53554 12
      vertex 65.5939 3.53554 0
    endloop
  endfacet
  facet normal 0.941533 0.336921 0
    outer loop
      vertex 65.6468 3.38771 12
      vertex 65.5939 3.53554 0
      vertex 65.5939 3.53554 12
    endloop
  endfacet
  facet normal 0.941533 0.336921 0
    outer loop
      vertex 65.5939 3.53554 0
      vertex 65.6468 3.38771 12
      vertex 65.6468 3.38771 0
    endloop
  endfacet
  facet normal 0.857796 -0.51399 0
    outer loop
      vertex 65.7139 4.75423 12
      vertex 65.7946 4.88891 0
      vertex 65.7946 4.88891 12
    endloop
  endfacet
  facet normal 0.857796 -0.51399 0
    outer loop
      vertex 65.7946 4.88891 0
      vertex 65.7139 4.75423 12
      vertex 65.7139 4.75423 0
    endloop
  endfacet
  facet normal -0.671388 0.741106 0
    outer loop
      vertex 68.2564 2.86863 0
      vertex 68.14 2.76318 12
      vertex 68.2564 2.86863 12
    endloop
  endfacet
  facet normal -0.671388 0.741106 0
    outer loop
      vertex 68.14 2.76318 12
      vertex 68.2564 2.86863 0
      vertex 68.14 2.76318 0
    endloop
  endfacet
  facet normal 0.904081 0.427361 0
    outer loop
      vertex 65.7139 3.24576 12
      vertex 65.6468 3.38771 0
      vertex 65.6468 3.38771 12
    endloop
  endfacet
  facet normal 0.904081 0.427361 0
    outer loop
      vertex 65.6468 3.38771 0
      vertex 65.7139 3.24576 12
      vertex 65.7139 3.24576 0
    endloop
  endfacet
  facet normal 0.94154 -0.336901 0
    outer loop
      vertex 65.5939 4.46445 12
      vertex 65.6468 4.61229 0
      vertex 65.6468 4.61229 12
    endloop
  endfacet
  facet normal 0.94154 -0.336901 0
    outer loop
      vertex 65.6468 4.61229 0
      vertex 65.5939 4.46445 12
      vertex 65.5939 4.46445 0
    endloop
  endfacet
  facet normal -0.857796 -0.51399 0
    outer loop
      vertex 68.5361 4.75423 0
      vertex 68.4554 4.88891 12
      vertex 68.4554 4.88891 0
    endloop
  endfacet
  facet normal -0.857796 -0.51399 0
    outer loop
      vertex 68.4554 4.88891 12
      vertex 68.5361 4.75423 0
      vertex 68.5361 4.75423 12
    endloop
  endfacet
  facet normal 0.741092 -0.671404 0
    outer loop
      vertex 65.8882 5.01503 12
      vertex 65.9936 5.13137 0
      vertex 65.9936 5.13137 12
    endloop
  endfacet
  facet normal 0.741092 -0.671404 0
    outer loop
      vertex 65.9936 5.13137 0
      vertex 65.8882 5.01503 12
      vertex 65.8882 5.01503 0
    endloop
  endfacet
  facet normal -0.989212 -0.146493 0
    outer loop
      vertex 68.7173 4.15683 0
      vertex 68.6943 4.31214 12
      vertex 68.6943 4.31214 0
    endloop
  endfacet
  facet normal -0.989212 -0.146493 0
    outer loop
      vertex 68.6943 4.31214 12
      vertex 68.7173 4.15683 0
      vertex 68.7173 4.15683 12
    endloop
  endfacet
  facet normal -0.857779 0.514018 0
    outer loop
      vertex 68.4554 3.11109 0
      vertex 68.5361 3.24576 12
      vertex 68.5361 3.24576 0
    endloop
  endfacet
  facet normal -0.857779 0.514018 0
    outer loop
      vertex 68.5361 3.24576 12
      vertex 68.4554 3.11109 0
      vertex 68.4554 3.11109 12
    endloop
  endfacet
  facet normal 0.514027 -0.857774 0
    outer loop
      vertex 66.2361 5.33035 0
      vertex 66.3708 5.41107 12
      vertex 66.2361 5.33035 12
    endloop
  endfacet
  facet normal 0.514027 -0.857774 0
    outer loop
      vertex 66.3708 5.41107 12
      vertex 66.2361 5.33035 0
      vertex 66.3708 5.41107 0
    endloop
  endfacet
  facet normal 0.336926 -0.941531 0
    outer loop
      vertex 66.5127 5.47821 0
      vertex 66.6605 5.5311 12
      vertex 66.5127 5.47821 12
    endloop
  endfacet
  facet normal 0.336926 -0.941531 0
    outer loop
      vertex 66.6605 5.5311 12
      vertex 66.5127 5.47821 0
      vertex 66.6605 5.5311 0
    endloop
  endfacet
  facet normal 0.803015 -0.595958 0
    outer loop
      vertex 65.7946 4.88891 12
      vertex 65.8882 5.01503 0
      vertex 65.8882 5.01503 12
    endloop
  endfacet
  facet normal 0.803015 -0.595958 0
    outer loop
      vertex 65.8882 5.01503 0
      vertex 65.7946 4.88891 12
      vertex 65.7946 4.88891 0
    endloop
  endfacet
  facet normal 0.989212 -0.146493 0
    outer loop
      vertex 65.5327 4.15683 12
      vertex 65.5557 4.31214 0
      vertex 65.5557 4.31214 12
    endloop
  endfacet
  facet normal 0.989212 -0.146493 0
    outer loop
      vertex 65.5557 4.31214 0
      vertex 65.5327 4.15683 12
      vertex 65.5327 4.15683 0
    endloop
  endfacet
  facet normal 0.90407 -0.427385 0
    outer loop
      vertex 65.6468 4.61229 12
      vertex 65.7139 4.75423 0
      vertex 65.7139 4.75423 12
    endloop
  endfacet
  facet normal 0.90407 -0.427385 0
    outer loop
      vertex 65.7139 4.75423 0
      vertex 65.6468 4.61229 12
      vertex 65.6468 4.61229 0
    endloop
  endfacet
  facet normal -0.0491116 -0.998793 0
    outer loop
      vertex 67.125 5.6 0
      vertex 67.2818 5.59229 12
      vertex 67.125 5.6 12
    endloop
  endfacet
  facet normal -0.0491116 -0.998793 -0
    outer loop
      vertex 67.2818 5.59229 12
      vertex 67.125 5.6 0
      vertex 67.2818 5.59229 0
    endloop
  endfacet
  facet normal 0.146752 0.989173 -0
    outer loop
      vertex 66.9682 2.4077 0
      vertex 66.8129 2.43074 12
      vertex 66.9682 2.4077 12
    endloop
  endfacet
  facet normal 0.146752 0.989173 0
    outer loop
      vertex 66.8129 2.43074 12
      vertex 66.9682 2.4077 0
      vertex 66.8129 2.43074 0
    endloop
  endfacet
  facet normal 0.049048 0.998796 -0
    outer loop
      vertex 67.125 2.4 0
      vertex 66.9682 2.4077 12
      vertex 67.125 2.4 12
    endloop
  endfacet
  facet normal 0.049048 0.998796 0
    outer loop
      vertex 66.9682 2.4077 12
      vertex 67.125 2.4 0
      vertex 66.9682 2.4077 0
    endloop
  endfacet
  facet normal -0.242895 -0.970053 0
    outer loop
      vertex 67.4371 5.56926 0
      vertex 67.5895 5.5311 12
      vertex 67.4371 5.56926 12
    endloop
  endfacet
  facet normal -0.242895 -0.970053 -0
    outer loop
      vertex 67.5895 5.5311 12
      vertex 67.4371 5.56926 0
      vertex 67.5895 5.5311 0
    endloop
  endfacet
  facet normal -0.336926 -0.941531 0
    outer loop
      vertex 67.5895 5.5311 0
      vertex 67.7373 5.47821 12
      vertex 67.5895 5.5311 12
    endloop
  endfacet
  facet normal -0.336926 -0.941531 -0
    outer loop
      vertex 67.7373 5.47821 12
      vertex 67.5895 5.5311 0
      vertex 67.7373 5.47821 0
    endloop
  endfacet
  facet normal -0.595732 -0.803184 0
    outer loop
      vertex 68.0139 5.33035 0
      vertex 68.14 5.23682 12
      vertex 68.0139 5.33035 12
    endloop
  endfacet
  facet normal -0.595732 -0.803184 -0
    outer loop
      vertex 68.14 5.23682 12
      vertex 68.0139 5.33035 0
      vertex 68.14 5.23682 0
    endloop
  endfacet
  facet normal 0.427692 -0.903925 0
    outer loop
      vertex 66.3708 5.41107 0
      vertex 66.5127 5.47821 12
      vertex 66.3708 5.41107 12
    endloop
  endfacet
  facet normal 0.427692 -0.903925 0
    outer loop
      vertex 66.5127 5.47821 12
      vertex 66.3708 5.41107 0
      vertex 66.5127 5.47821 0
    endloop
  endfacet
  facet normal -0.514027 -0.857774 0
    outer loop
      vertex 67.8792 5.41107 0
      vertex 68.0139 5.33035 12
      vertex 67.8792 5.41107 12
    endloop
  endfacet
  facet normal -0.514027 -0.857774 -0
    outer loop
      vertex 68.0139 5.33035 12
      vertex 67.8792 5.41107 0
      vertex 68.0139 5.33035 0
    endloop
  endfacet
  facet normal 0.671388 -0.741106 0
    outer loop
      vertex 65.9936 5.13137 0
      vertex 66.11 5.23682 12
      vertex 65.9936 5.13137 12
    endloop
  endfacet
  facet normal 0.671388 -0.741106 0
    outer loop
      vertex 66.11 5.23682 12
      vertex 65.9936 5.13137 0
      vertex 66.11 5.23682 0
    endloop
  endfacet
  facet normal 0.242835 0.970068 -0
    outer loop
      vertex 66.8129 2.43074 0
      vertex 66.6605 2.46889 12
      vertex 66.8129 2.43074 12
    endloop
  endfacet
  facet normal 0.242835 0.970068 0
    outer loop
      vertex 66.6605 2.46889 12
      vertex 66.8129 2.43074 0
      vertex 66.6605 2.46889 0
    endloop
  endfacet
  facet normal 0.741106 0.671388 0
    outer loop
      vertex 2.86863 37.7686 12
      vertex 2.76318 37.885 0
      vertex 2.76318 37.885 12
    endloop
  endfacet
  facet normal 0.741106 0.671388 0
    outer loop
      vertex 2.76318 37.885 0
      vertex 2.86863 37.7686 12
      vertex 2.86863 37.7686 0
    endloop
  endfacet
  facet normal -0.998793 0.0491116 0
    outer loop
      vertex 5.59229 38.7432 0
      vertex 5.6 38.9 12
      vertex 5.6 38.9 0
    endloop
  endfacet
  facet normal -0.998793 0.0491116 0
    outer loop
      vertex 5.6 38.9 12
      vertex 5.59229 38.7432 0
      vertex 5.59229 38.7432 12
    endloop
  endfacet
  facet normal -0.0490387 0.998797 0
    outer loop
      vertex 4.15683 37.3077 0
      vertex 4 37.3 12
      vertex 4.15683 37.3077 12
    endloop
  endfacet
  facet normal -0.0490387 0.998797 0
    outer loop
      vertex 4 37.3 12
      vertex 4.15683 37.3077 0
      vertex 4 37.3 0
    endloop
  endfacet
  facet normal 0.0490387 -0.998797 0
    outer loop
      vertex 3.84317 40.4923 0
      vertex 4 40.5 12
      vertex 3.84317 40.4923 12
    endloop
  endfacet
  facet normal 0.0490387 -0.998797 0
    outer loop
      vertex 4 40.5 12
      vertex 3.84317 40.4923 0
      vertex 4 40.5 0
    endloop
  endfacet
  facet normal 0.998796 0.049048 0
    outer loop
      vertex 2.4077 38.7432 12
      vertex 2.4 38.9 0
      vertex 2.4 38.9 12
    endloop
  endfacet
  facet normal 0.998796 0.049048 0
    outer loop
      vertex 2.4 38.9 0
      vertex 2.4077 38.7432 12
      vertex 2.4077 38.7432 0
    endloop
  endfacet
  facet normal -0.741106 0.671388 0
    outer loop
      vertex 5.13137 37.7686 0
      vertex 5.23682 37.885 12
      vertex 5.23682 37.885 0
    endloop
  endfacet
  facet normal -0.741106 0.671388 0
    outer loop
      vertex 5.23682 37.885 12
      vertex 5.13137 37.7686 0
      vertex 5.13137 37.7686 12
    endloop
  endfacet
  facet normal 0.427361 0.904081 -0
    outer loop
      vertex 3.38771 37.4218 0
      vertex 3.24576 37.4889 12
      vertex 3.38771 37.4218 12
    endloop
  endfacet
  facet normal 0.427361 0.904081 0
    outer loop
      vertex 3.24576 37.4889 12
      vertex 3.38771 37.4218 0
      vertex 3.24576 37.4889 0
    endloop
  endfacet
  facet normal -0.595958 0.803015 0
    outer loop
      vertex 5.01503 37.6632 0
      vertex 4.88891 37.5696 12
      vertex 5.01503 37.6632 12
    endloop
  endfacet
  facet normal -0.595958 0.803015 0
    outer loop
      vertex 4.88891 37.5696 12
      vertex 5.01503 37.6632 0
      vertex 4.88891 37.5696 0
    endloop
  endfacet
  facet normal 0.336921 0.941533 -0
    outer loop
      vertex 3.53554 37.3689 0
      vertex 3.38771 37.4218 12
      vertex 3.53554 37.3689 12
    endloop
  endfacet
  facet normal 0.336921 0.941533 0
    outer loop
      vertex 3.38771 37.4218 12
      vertex 3.53554 37.3689 0
      vertex 3.38771 37.4218 0
    endloop
  endfacet
  facet normal 0.970068 -0.242835 0
    outer loop
      vertex 2.43074 39.2121 12
      vertex 2.46889 39.3645 0
      vertex 2.46889 39.3645 12
    endloop
  endfacet
  facet normal 0.970068 -0.242835 0
    outer loop
      vertex 2.46889 39.3645 0
      vertex 2.43074 39.2121 12
      vertex 2.43074 39.2121 0
    endloop
  endfacet
  facet normal -0.671404 -0.741092 0
    outer loop
      vertex 5.01503 40.1368 0
      vertex 5.13137 40.0314 12
      vertex 5.01503 40.1368 12
    endloop
  endfacet
  facet normal -0.671404 -0.741092 -0
    outer loop
      vertex 5.13137 40.0314 12
      vertex 5.01503 40.1368 0
      vertex 5.13137 40.0314 0
    endloop
  endfacet
  facet normal 0.857774 0.514027 0
    outer loop
      vertex 2.66965 38.0111 12
      vertex 2.58893 38.1458 0
      vertex 2.58893 38.1458 12
    endloop
  endfacet
  facet normal 0.857774 0.514027 0
    outer loop
      vertex 2.58893 38.1458 0
      vertex 2.66965 38.0111 12
      vertex 2.66965 38.0111 0
    endloop
  endfacet
  facet normal -0.941531 0.336926 0
    outer loop
      vertex 5.47821 38.2877 0
      vertex 5.5311 38.4355 12
      vertex 5.5311 38.4355 0
    endloop
  endfacet
  facet normal -0.941531 0.336926 0
    outer loop
      vertex 5.5311 38.4355 12
      vertex 5.47821 38.2877 0
      vertex 5.47821 38.2877 12
    endloop
  endfacet
  facet normal 0.595958 0.803015 -0
    outer loop
      vertex 3.11109 37.5696 0
      vertex 2.98497 37.6632 12
      vertex 3.11109 37.5696 12
    endloop
  endfacet
  facet normal 0.595958 0.803015 0
    outer loop
      vertex 2.98497 37.6632 12
      vertex 3.11109 37.5696 0
      vertex 2.98497 37.6632 0
    endloop
  endfacet
  facet normal 0.146484 -0.989213 0
    outer loop
      vertex 3.68785 40.4693 0
      vertex 3.84317 40.4923 12
      vertex 3.68785 40.4693 12
    endloop
  endfacet
  facet normal 0.146484 -0.989213 0
    outer loop
      vertex 3.84317 40.4923 12
      vertex 3.68785 40.4693 0
      vertex 3.84317 40.4923 0
    endloop
  endfacet
  facet normal 0.514018 0.857779 -0
    outer loop
      vertex 3.24576 37.4889 0
      vertex 3.11109 37.5696 12
      vertex 3.24576 37.4889 12
    endloop
  endfacet
  facet normal 0.514018 0.857779 0
    outer loop
      vertex 3.11109 37.5696 12
      vertex 3.24576 37.4889 0
      vertex 3.11109 37.5696 0
    endloop
  endfacet
  facet normal 0.595958 -0.803015 0
    outer loop
      vertex 2.98497 40.1368 0
      vertex 3.11109 40.2304 12
      vertex 2.98497 40.1368 12
    endloop
  endfacet
  facet normal 0.595958 -0.803015 0
    outer loop
      vertex 3.11109 40.2304 12
      vertex 2.98497 40.1368 0
      vertex 3.11109 40.2304 0
    endloop
  endfacet
  facet normal -0.803184 0.595732 0
    outer loop
      vertex 5.23682 37.885 0
      vertex 5.33035 38.0111 12
      vertex 5.33035 38.0111 0
    endloop
  endfacet
  facet normal -0.803184 0.595732 0
    outer loop
      vertex 5.33035 38.0111 12
      vertex 5.23682 37.885 0
      vertex 5.23682 37.885 12
    endloop
  endfacet
  facet normal -0.24327 0.969959 0
    outer loop
      vertex 4.46445 37.3689 0
      vertex 4.31214 37.3307 12
      vertex 4.46445 37.3689 12
    endloop
  endfacet
  facet normal -0.24327 0.969959 0
    outer loop
      vertex 4.31214 37.3307 12
      vertex 4.46445 37.3689 0
      vertex 4.31214 37.3307 0
    endloop
  endfacet
  facet normal 0.803184 0.595732 0
    outer loop
      vertex 2.76318 37.885 12
      vertex 2.66965 38.0111 0
      vertex 2.66965 38.0111 12
    endloop
  endfacet
  facet normal 0.803184 0.595732 0
    outer loop
      vertex 2.66965 38.0111 0
      vertex 2.76318 37.885 12
      vertex 2.76318 37.885 0
    endloop
  endfacet
  facet normal -0.970053 -0.242895 0
    outer loop
      vertex 5.56926 39.2121 0
      vertex 5.5311 39.3645 12
      vertex 5.5311 39.3645 0
    endloop
  endfacet
  facet normal -0.970053 -0.242895 0
    outer loop
      vertex 5.5311 39.3645 12
      vertex 5.56926 39.2121 0
      vertex 5.56926 39.2121 12
    endloop
  endfacet
  facet normal -0.146493 0.989212 0
    outer loop
      vertex 4.31214 37.3307 0
      vertex 4.15683 37.3077 12
      vertex 4.31214 37.3307 12
    endloop
  endfacet
  facet normal -0.146493 0.989212 0
    outer loop
      vertex 4.15683 37.3077 12
      vertex 4.31214 37.3307 0
      vertex 4.15683 37.3077 0
    endloop
  endfacet
  facet normal -0.51399 0.857796 0
    outer loop
      vertex 4.88891 37.5696 0
      vertex 4.75423 37.4889 12
      vertex 4.88891 37.5696 12
    endloop
  endfacet
  facet normal -0.51399 0.857796 0
    outer loop
      vertex 4.75423 37.4889 12
      vertex 4.88891 37.5696 0
      vertex 4.75423 37.4889 0
    endloop
  endfacet
  facet normal -0.903925 -0.427692 0
    outer loop
      vertex 5.47821 39.5123 0
      vertex 5.41107 39.6542 12
      vertex 5.41107 39.6542 0
    endloop
  endfacet
  facet normal -0.903925 -0.427692 0
    outer loop
      vertex 5.41107 39.6542 12
      vertex 5.47821 39.5123 0
      vertex 5.47821 39.5123 12
    endloop
  endfacet
  facet normal 0.24327 -0.969959 0
    outer loop
      vertex 3.53554 40.4311 0
      vertex 3.68785 40.4693 12
      vertex 3.53554 40.4311 12
    endloop
  endfacet
  facet normal 0.24327 -0.969959 0
    outer loop
      vertex 3.68785 40.4693 12
      vertex 3.53554 40.4311 0
      vertex 3.68785 40.4693 0
    endloop
  endfacet
  facet normal -0.741106 -0.671388 0
    outer loop
      vertex 5.23682 39.915 0
      vertex 5.13137 40.0314 12
      vertex 5.13137 40.0314 0
    endloop
  endfacet
  facet normal -0.741106 -0.671388 0
    outer loop
      vertex 5.13137 40.0314 12
      vertex 5.23682 39.915 0
      vertex 5.23682 39.915 12
    endloop
  endfacet
  facet normal 0.989173 0.146752 0
    outer loop
      vertex 2.43074 38.5879 12
      vertex 2.4077 38.7432 0
      vertex 2.4077 38.7432 12
    endloop
  endfacet
  facet normal 0.989173 0.146752 0
    outer loop
      vertex 2.4077 38.7432 0
      vertex 2.43074 38.5879 12
      vertex 2.43074 38.5879 0
    endloop
  endfacet
  facet normal -0.903925 0.427692 0
    outer loop
      vertex 5.41107 38.1458 0
      vertex 5.47821 38.2877 12
      vertex 5.47821 38.2877 0
    endloop
  endfacet
  facet normal -0.903925 0.427692 0
    outer loop
      vertex 5.47821 38.2877 12
      vertex 5.41107 38.1458 0
      vertex 5.41107 38.1458 12
    endloop
  endfacet
  facet normal -0.803184 -0.595732 0
    outer loop
      vertex 5.33035 39.7889 0
      vertex 5.23682 39.915 12
      vertex 5.23682 39.915 0
    endloop
  endfacet
  facet normal -0.803184 -0.595732 0
    outer loop
      vertex 5.23682 39.915 12
      vertex 5.33035 39.7889 0
      vertex 5.33035 39.7889 12
    endloop
  endfacet
  facet normal -0.427385 0.90407 0
    outer loop
      vertex 4.75423 37.4889 0
      vertex 4.61229 37.4218 12
      vertex 4.75423 37.4889 12
    endloop
  endfacet
  facet normal -0.427385 0.90407 0
    outer loop
      vertex 4.61229 37.4218 12
      vertex 4.75423 37.4889 0
      vertex 4.61229 37.4218 0
    endloop
  endfacet
  facet normal -0.998793 -0.0491116 0
    outer loop
      vertex 5.6 38.9 0
      vertex 5.59229 39.0568 12
      vertex 5.59229 39.0568 0
    endloop
  endfacet
  facet normal -0.998793 -0.0491116 0
    outer loop
      vertex 5.59229 39.0568 12
      vertex 5.6 38.9 0
      vertex 5.6 38.9 12
    endloop
  endfacet
  facet normal -0.970053 0.242895 0
    outer loop
      vertex 5.5311 38.4355 0
      vertex 5.56926 38.5879 12
      vertex 5.56926 38.5879 0
    endloop
  endfacet
  facet normal -0.970053 0.242895 0
    outer loop
      vertex 5.56926 38.5879 12
      vertex 5.5311 38.4355 0
      vertex 5.5311 38.4355 12
    endloop
  endfacet
  facet normal -0.146493 -0.989212 0
    outer loop
      vertex 4.15683 40.4923 0
      vertex 4.31214 40.4693 12
      vertex 4.15683 40.4923 12
    endloop
  endfacet
  facet normal -0.146493 -0.989212 -0
    outer loop
      vertex 4.31214 40.4693 12
      vertex 4.15683 40.4923 0
      vertex 4.31214 40.4693 0
    endloop
  endfacet
  facet normal 0.998796 -0.049048 0
    outer loop
      vertex 2.4 38.9 12
      vertex 2.4077 39.0568 0
      vertex 2.4077 39.0568 12
    endloop
  endfacet
  facet normal 0.998796 -0.049048 0
    outer loop
      vertex 2.4077 39.0568 0
      vertex 2.4 38.9 12
      vertex 2.4 38.9 0
    endloop
  endfacet
  facet normal -0.941531 -0.336926 0
    outer loop
      vertex 5.5311 39.3645 0
      vertex 5.47821 39.5123 12
      vertex 5.47821 39.5123 0
    endloop
  endfacet
  facet normal -0.941531 -0.336926 0
    outer loop
      vertex 5.47821 39.5123 12
      vertex 5.5311 39.3645 0
      vertex 5.5311 39.3645 12
    endloop
  endfacet
  facet normal 0.671404 0.741092 -0
    outer loop
      vertex 2.98497 37.6632 0
      vertex 2.86863 37.7686 12
      vertex 2.98497 37.6632 12
    endloop
  endfacet
  facet normal 0.671404 0.741092 0
    outer loop
      vertex 2.86863 37.7686 12
      vertex 2.98497 37.6632 0
      vertex 2.86863 37.7686 0
    endloop
  endfacet
  facet normal -0.989183 0.146689 0
    outer loop
      vertex 5.56926 38.5879 0
      vertex 5.59229 38.7432 12
      vertex 5.59229 38.7432 0
    endloop
  endfacet
  facet normal -0.989183 0.146689 0
    outer loop
      vertex 5.59229 38.7432 12
      vertex 5.56926 38.5879 0
      vertex 5.56926 38.5879 12
    endloop
  endfacet
  facet normal -0.427385 -0.90407 0
    outer loop
      vertex 4.61229 40.3782 0
      vertex 4.75423 40.3111 12
      vertex 4.61229 40.3782 12
    endloop
  endfacet
  facet normal -0.427385 -0.90407 -0
    outer loop
      vertex 4.75423 40.3111 12
      vertex 4.61229 40.3782 0
      vertex 4.75423 40.3111 0
    endloop
  endfacet
  facet normal -0.336901 0.94154 0
    outer loop
      vertex 4.61229 37.4218 0
      vertex 4.46445 37.3689 12
      vertex 4.61229 37.4218 12
    endloop
  endfacet
  facet normal -0.336901 0.94154 0
    outer loop
      vertex 4.46445 37.3689 12
      vertex 4.61229 37.4218 0
      vertex 4.46445 37.3689 0
    endloop
  endfacet
  facet normal 0.970068 0.242835 0
    outer loop
      vertex 2.46889 38.4355 12
      vertex 2.43074 38.5879 0
      vertex 2.43074 38.5879 12
    endloop
  endfacet
  facet normal 0.970068 0.242835 0
    outer loop
      vertex 2.43074 38.5879 0
      vertex 2.46889 38.4355 12
      vertex 2.46889 38.4355 0
    endloop
  endfacet
  facet normal 0.941511 0.336982 0
    outer loop
      vertex 2.52179 38.2877 12
      vertex 2.46889 38.4355 0
      vertex 2.46889 38.4355 12
    endloop
  endfacet
  facet normal 0.941511 0.336982 0
    outer loop
      vertex 2.46889 38.4355 0
      vertex 2.52179 38.2877 12
      vertex 2.52179 38.2877 0
    endloop
  endfacet
  facet normal 0.857774 -0.514027 0
    outer loop
      vertex 2.58893 39.6542 12
      vertex 2.66965 39.7889 0
      vertex 2.66965 39.7889 12
    endloop
  endfacet
  facet normal 0.857774 -0.514027 0
    outer loop
      vertex 2.66965 39.7889 0
      vertex 2.58893 39.6542 12
      vertex 2.58893 39.6542 0
    endloop
  endfacet
  facet normal -0.671404 0.741092 0
    outer loop
      vertex 5.13137 37.7686 0
      vertex 5.01503 37.6632 12
      vertex 5.13137 37.7686 12
    endloop
  endfacet
  facet normal -0.671404 0.741092 0
    outer loop
      vertex 5.01503 37.6632 12
      vertex 5.13137 37.7686 0
      vertex 5.01503 37.6632 0
    endloop
  endfacet
  facet normal 0.903925 0.427692 0
    outer loop
      vertex 2.58893 38.1458 12
      vertex 2.52179 38.2877 0
      vertex 2.52179 38.2877 12
    endloop
  endfacet
  facet normal 0.903925 0.427692 0
    outer loop
      vertex 2.52179 38.2877 0
      vertex 2.58893 38.1458 12
      vertex 2.58893 38.1458 0
    endloop
  endfacet
  facet normal 0.941511 -0.336982 0
    outer loop
      vertex 2.46889 39.3645 12
      vertex 2.52179 39.5123 0
      vertex 2.52179 39.5123 12
    endloop
  endfacet
  facet normal 0.941511 -0.336982 0
    outer loop
      vertex 2.52179 39.5123 0
      vertex 2.46889 39.3645 12
      vertex 2.46889 39.3645 0
    endloop
  endfacet
  facet normal -0.857774 -0.514027 0
    outer loop
      vertex 5.41107 39.6542 0
      vertex 5.33035 39.7889 12
      vertex 5.33035 39.7889 0
    endloop
  endfacet
  facet normal -0.857774 -0.514027 0
    outer loop
      vertex 5.33035 39.7889 12
      vertex 5.41107 39.6542 0
      vertex 5.41107 39.6542 12
    endloop
  endfacet
  facet normal 0.741106 -0.671388 0
    outer loop
      vertex 2.76318 39.915 12
      vertex 2.86863 40.0314 0
      vertex 2.86863 40.0314 12
    endloop
  endfacet
  facet normal 0.741106 -0.671388 0
    outer loop
      vertex 2.86863 40.0314 0
      vertex 2.76318 39.915 12
      vertex 2.76318 39.915 0
    endloop
  endfacet
  facet normal -0.989183 -0.146689 0
    outer loop
      vertex 5.59229 39.0568 0
      vertex 5.56926 39.2121 12
      vertex 5.56926 39.2121 0
    endloop
  endfacet
  facet normal -0.989183 -0.146689 0
    outer loop
      vertex 5.56926 39.2121 12
      vertex 5.59229 39.0568 0
      vertex 5.59229 39.0568 12
    endloop
  endfacet
  facet normal -0.857774 0.514027 0
    outer loop
      vertex 5.33035 38.0111 0
      vertex 5.41107 38.1458 12
      vertex 5.41107 38.1458 0
    endloop
  endfacet
  facet normal -0.857774 0.514027 0
    outer loop
      vertex 5.41107 38.1458 12
      vertex 5.33035 38.0111 0
      vertex 5.33035 38.0111 12
    endloop
  endfacet
  facet normal 0.514018 -0.857779 0
    outer loop
      vertex 3.11109 40.2304 0
      vertex 3.24576 40.3111 12
      vertex 3.11109 40.2304 12
    endloop
  endfacet
  facet normal 0.514018 -0.857779 0
    outer loop
      vertex 3.24576 40.3111 12
      vertex 3.11109 40.2304 0
      vertex 3.24576 40.3111 0
    endloop
  endfacet
  facet normal 0.336921 -0.941533 0
    outer loop
      vertex 3.38771 40.3782 0
      vertex 3.53554 40.4311 12
      vertex 3.38771 40.3782 12
    endloop
  endfacet
  facet normal 0.336921 -0.941533 0
    outer loop
      vertex 3.53554 40.4311 12
      vertex 3.38771 40.3782 0
      vertex 3.53554 40.4311 0
    endloop
  endfacet
  facet normal 0.803184 -0.595732 0
    outer loop
      vertex 2.66965 39.7889 12
      vertex 2.76318 39.915 0
      vertex 2.76318 39.915 12
    endloop
  endfacet
  facet normal 0.803184 -0.595732 0
    outer loop
      vertex 2.76318 39.915 0
      vertex 2.66965 39.7889 12
      vertex 2.66965 39.7889 0
    endloop
  endfacet
  facet normal 0.989173 -0.146752 0
    outer loop
      vertex 2.4077 39.0568 12
      vertex 2.43074 39.2121 0
      vertex 2.43074 39.2121 12
    endloop
  endfacet
  facet normal 0.989173 -0.146752 0
    outer loop
      vertex 2.43074 39.2121 0
      vertex 2.4077 39.0568 12
      vertex 2.4077 39.0568 0
    endloop
  endfacet
  facet normal 0.903925 -0.427692 0
    outer loop
      vertex 2.52179 39.5123 12
      vertex 2.58893 39.6542 0
      vertex 2.58893 39.6542 12
    endloop
  endfacet
  facet normal 0.903925 -0.427692 0
    outer loop
      vertex 2.58893 39.6542 0
      vertex 2.52179 39.5123 12
      vertex 2.52179 39.5123 0
    endloop
  endfacet
  facet normal -0.0490387 -0.998797 0
    outer loop
      vertex 4 40.5 0
      vertex 4.15683 40.4923 12
      vertex 4 40.5 12
    endloop
  endfacet
  facet normal -0.0490387 -0.998797 -0
    outer loop
      vertex 4.15683 40.4923 12
      vertex 4 40.5 0
      vertex 4.15683 40.4923 0
    endloop
  endfacet
  facet normal 0.146484 0.989213 -0
    outer loop
      vertex 3.84317 37.3077 0
      vertex 3.68785 37.3307 12
      vertex 3.84317 37.3077 12
    endloop
  endfacet
  facet normal 0.146484 0.989213 0
    outer loop
      vertex 3.68785 37.3307 12
      vertex 3.84317 37.3077 0
      vertex 3.68785 37.3307 0
    endloop
  endfacet
  facet normal 0.0490387 0.998797 -0
    outer loop
      vertex 4 37.3 0
      vertex 3.84317 37.3077 12
      vertex 4 37.3 12
    endloop
  endfacet
  facet normal 0.0490387 0.998797 0
    outer loop
      vertex 3.84317 37.3077 12
      vertex 4 37.3 0
      vertex 3.84317 37.3077 0
    endloop
  endfacet
  facet normal -0.24327 -0.969959 0
    outer loop
      vertex 4.31214 40.4693 0
      vertex 4.46445 40.4311 12
      vertex 4.31214 40.4693 12
    endloop
  endfacet
  facet normal -0.24327 -0.969959 -0
    outer loop
      vertex 4.46445 40.4311 12
      vertex 4.31214 40.4693 0
      vertex 4.46445 40.4311 0
    endloop
  endfacet
  facet normal -0.336901 -0.94154 0
    outer loop
      vertex 4.46445 40.4311 0
      vertex 4.61229 40.3782 12
      vertex 4.46445 40.4311 12
    endloop
  endfacet
  facet normal -0.336901 -0.94154 -0
    outer loop
      vertex 4.61229 40.3782 12
      vertex 4.46445 40.4311 0
      vertex 4.61229 40.3782 0
    endloop
  endfacet
  facet normal -0.595958 -0.803015 0
    outer loop
      vertex 4.88891 40.2304 0
      vertex 5.01503 40.1368 12
      vertex 4.88891 40.2304 12
    endloop
  endfacet
  facet normal -0.595958 -0.803015 -0
    outer loop
      vertex 5.01503 40.1368 12
      vertex 4.88891 40.2304 0
      vertex 5.01503 40.1368 0
    endloop
  endfacet
  facet normal 0.427361 -0.904081 0
    outer loop
      vertex 3.24576 40.3111 0
      vertex 3.38771 40.3782 12
      vertex 3.24576 40.3111 12
    endloop
  endfacet
  facet normal 0.427361 -0.904081 0
    outer loop
      vertex 3.38771 40.3782 12
      vertex 3.24576 40.3111 0
      vertex 3.38771 40.3782 0
    endloop
  endfacet
  facet normal -0.51399 -0.857796 0
    outer loop
      vertex 4.75423 40.3111 0
      vertex 4.88891 40.2304 12
      vertex 4.75423 40.3111 12
    endloop
  endfacet
  facet normal -0.51399 -0.857796 -0
    outer loop
      vertex 4.88891 40.2304 12
      vertex 4.75423 40.3111 0
      vertex 4.88891 40.2304 0
    endloop
  endfacet
  facet normal 0.671404 -0.741092 0
    outer loop
      vertex 2.86863 40.0314 0
      vertex 2.98497 40.1368 12
      vertex 2.86863 40.0314 12
    endloop
  endfacet
  facet normal 0.671404 -0.741092 0
    outer loop
      vertex 2.98497 40.1368 12
      vertex 2.86863 40.0314 0
      vertex 2.98497 40.1368 0
    endloop
  endfacet
  facet normal 0.24327 0.969959 -0
    outer loop
      vertex 3.68785 37.3307 0
      vertex 3.53554 37.3689 12
      vertex 3.68785 37.3307 12
    endloop
  endfacet
  facet normal 0.24327 0.969959 0
    outer loop
      vertex 3.53554 37.3689 12
      vertex 3.68785 37.3307 0
      vertex 3.53554 37.3689 0
    endloop
  endfacet
  facet normal 0.741264 0.671213 0
    outer loop
      vertex 65.9936 37.7686 12
      vertex 65.8882 37.885 0
      vertex 65.8882 37.885 12
    endloop
  endfacet
  facet normal 0.741264 0.671213 0
    outer loop
      vertex 65.8882 37.885 0
      vertex 65.9936 37.7686 12
      vertex 65.9936 37.7686 0
    endloop
  endfacet
  facet normal -0.998796 0.049048 0
    outer loop
      vertex 68.7173 38.7432 0
      vertex 68.725 38.9 12
      vertex 68.725 38.9 0
    endloop
  endfacet
  facet normal -0.998796 0.049048 0
    outer loop
      vertex 68.725 38.9 12
      vertex 68.7173 38.7432 0
      vertex 68.7173 38.7432 12
    endloop
  endfacet
  facet normal -0.049048 0.998796 0
    outer loop
      vertex 67.2818 37.3077 0
      vertex 67.125 37.3 12
      vertex 67.2818 37.3077 12
    endloop
  endfacet
  facet normal -0.049048 0.998796 0
    outer loop
      vertex 67.125 37.3 12
      vertex 67.2818 37.3077 0
      vertex 67.125 37.3 0
    endloop
  endfacet
  facet normal 0.049048 -0.998796 0
    outer loop
      vertex 66.9682 40.4923 0
      vertex 67.125 40.5 12
      vertex 66.9682 40.4923 12
    endloop
  endfacet
  facet normal 0.049048 -0.998796 0
    outer loop
      vertex 67.125 40.5 12
      vertex 66.9682 40.4923 0
      vertex 67.125 40.5 0
    endloop
  endfacet
  facet normal 0.998796 0.049048 0
    outer loop
      vertex 65.5327 38.7432 12
      vertex 65.525 38.9 0
      vertex 65.525 38.9 12
    endloop
  endfacet
  facet normal 0.998796 0.049048 0
    outer loop
      vertex 65.525 38.9 0
      vertex 65.5327 38.7432 12
      vertex 65.5327 38.7432 0
    endloop
  endfacet
  facet normal -0.741264 0.671213 0
    outer loop
      vertex 68.2564 37.7686 0
      vertex 68.3618 37.885 12
      vertex 68.3618 37.885 0
    endloop
  endfacet
  facet normal -0.741264 0.671213 0
    outer loop
      vertex 68.3618 37.885 12
      vertex 68.2564 37.7686 0
      vertex 68.2564 37.7686 12
    endloop
  endfacet
  facet normal 0.427484 0.904023 -0
    outer loop
      vertex 66.5127 37.4218 0
      vertex 66.3708 37.4889 12
      vertex 66.5127 37.4218 12
    endloop
  endfacet
  facet normal 0.427484 0.904023 0
    outer loop
      vertex 66.3708 37.4889 12
      vertex 66.5127 37.4218 0
      vertex 66.3708 37.4889 0
    endloop
  endfacet
  facet normal -0.596019 0.80297 0
    outer loop
      vertex 68.14 37.6632 0
      vertex 68.0139 37.5696 12
      vertex 68.14 37.6632 12
    endloop
  endfacet
  facet normal -0.596019 0.80297 0
    outer loop
      vertex 68.0139 37.5696 12
      vertex 68.14 37.6632 0
      vertex 68.0139 37.5696 0
    endloop
  endfacet
  facet normal 0.336982 0.941511 -0
    outer loop
      vertex 66.6605 37.3689 0
      vertex 66.5127 37.4218 12
      vertex 66.6605 37.3689 12
    endloop
  endfacet
  facet normal 0.336982 0.941511 0
    outer loop
      vertex 66.5127 37.4218 12
      vertex 66.6605 37.3689 0
      vertex 66.5127 37.4218 0
    endloop
  endfacet
  facet normal 0.969993 -0.243135 0
    outer loop
      vertex 65.5557 39.2121 12
      vertex 65.5939 39.3645 0
      vertex 65.5939 39.3645 12
    endloop
  endfacet
  facet normal 0.969993 -0.243135 0
    outer loop
      vertex 65.5939 39.3645 0
      vertex 65.5557 39.2121 12
      vertex 65.5557 39.2121 0
    endloop
  endfacet
  facet normal -0.671213 -0.741264 0
    outer loop
      vertex 68.14 40.1368 0
      vertex 68.2564 40.0314 12
      vertex 68.14 40.1368 12
    endloop
  endfacet
  facet normal -0.671213 -0.741264 -0
    outer loop
      vertex 68.2564 40.0314 12
      vertex 68.14 40.1368 0
      vertex 68.2564 40.0314 0
    endloop
  endfacet
  facet normal 0.85783 0.513934 0
    outer loop
      vertex 65.7946 38.0111 12
      vertex 65.7139 38.1458 0
      vertex 65.7139 38.1458 12
    endloop
  endfacet
  facet normal 0.85783 0.513934 0
    outer loop
      vertex 65.7139 38.1458 0
      vertex 65.7946 38.0111 12
      vertex 65.7946 38.0111 0
    endloop
  endfacet
  facet normal -0.941511 0.336982 0
    outer loop
      vertex 68.6032 38.2877 0
      vertex 68.6561 38.4355 12
      vertex 68.6561 38.4355 0
    endloop
  endfacet
  facet normal -0.941511 0.336982 0
    outer loop
      vertex 68.6561 38.4355 12
      vertex 68.6032 38.2877 0
      vertex 68.6032 38.2877 12
    endloop
  endfacet
  facet normal 0.146502 -0.98921 0
    outer loop
      vertex 66.8129 40.4693 0
      vertex 66.9682 40.4923 12
      vertex 66.8129 40.4693 12
    endloop
  endfacet
  facet normal 0.146502 -0.98921 0
    outer loop
      vertex 66.9682 40.4923 12
      vertex 66.8129 40.4693 0
      vertex 66.9682 40.4923 0
    endloop
  endfacet
  facet normal 0.513934 0.85783 -0
    outer loop
      vertex 66.3708 37.4889 0
      vertex 66.2361 37.5696 12
      vertex 66.3708 37.4889 12
    endloop
  endfacet
  facet normal 0.513934 0.85783 0
    outer loop
      vertex 66.2361 37.5696 12
      vertex 66.3708 37.4889 0
      vertex 66.2361 37.5696 0
    endloop
  endfacet
  facet normal 0.596019 -0.80297 0
    outer loop
      vertex 66.11 40.1368 0
      vertex 66.2361 40.2304 12
      vertex 66.11 40.1368 12
    endloop
  endfacet
  facet normal 0.596019 -0.80297 0
    outer loop
      vertex 66.2361 40.2304 12
      vertex 66.11 40.1368 0
      vertex 66.2361 40.2304 0
    endloop
  endfacet
  facet normal -0.80297 0.596019 0
    outer loop
      vertex 68.3618 37.885 0
      vertex 68.4554 38.0111 12
      vertex 68.4554 38.0111 0
    endloop
  endfacet
  facet normal -0.80297 0.596019 0
    outer loop
      vertex 68.4554 38.0111 12
      vertex 68.3618 37.885 0
      vertex 68.3618 37.885 12
    endloop
  endfacet
  facet normal -0.243135 0.969993 0
    outer loop
      vertex 67.5895 37.3689 0
      vertex 67.4371 37.3307 12
      vertex 67.5895 37.3689 12
    endloop
  endfacet
  facet normal -0.243135 0.969993 0
    outer loop
      vertex 67.4371 37.3307 12
      vertex 67.5895 37.3689 0
      vertex 67.4371 37.3307 0
    endloop
  endfacet
  facet normal 0.80297 0.596019 0
    outer loop
      vertex 65.8882 37.885 12
      vertex 65.7946 38.0111 0
      vertex 65.7946 38.0111 12
    endloop
  endfacet
  facet normal 0.80297 0.596019 0
    outer loop
      vertex 65.7946 38.0111 0
      vertex 65.8882 37.885 12
      vertex 65.8882 37.885 0
    endloop
  endfacet
  facet normal -0.969993 -0.243135 0
    outer loop
      vertex 68.6943 39.2121 0
      vertex 68.6561 39.3645 12
      vertex 68.6561 39.3645 0
    endloop
  endfacet
  facet normal -0.969993 -0.243135 0
    outer loop
      vertex 68.6561 39.3645 12
      vertex 68.6943 39.2121 0
      vertex 68.6943 39.2121 12
    endloop
  endfacet
  facet normal -0.146502 0.98921 0
    outer loop
      vertex 67.4371 37.3307 0
      vertex 67.2818 37.3077 12
      vertex 67.4371 37.3307 12
    endloop
  endfacet
  facet normal -0.146502 0.98921 0
    outer loop
      vertex 67.2818 37.3077 12
      vertex 67.4371 37.3307 0
      vertex 67.2818 37.3077 0
    endloop
  endfacet
  facet normal -0.513934 0.85783 0
    outer loop
      vertex 68.0139 37.5696 0
      vertex 67.8792 37.4889 12
      vertex 68.0139 37.5696 12
    endloop
  endfacet
  facet normal -0.513934 0.85783 0
    outer loop
      vertex 67.8792 37.4889 12
      vertex 68.0139 37.5696 0
      vertex 67.8792 37.4889 0
    endloop
  endfacet
  facet normal 0.596019 0.80297 -0
    outer loop
      vertex 66.2361 37.5696 0
      vertex 66.11 37.6632 12
      vertex 66.2361 37.5696 12
    endloop
  endfacet
  facet normal 0.596019 0.80297 0
    outer loop
      vertex 66.11 37.6632 12
      vertex 66.2361 37.5696 0
      vertex 66.11 37.6632 0
    endloop
  endfacet
  facet normal -0.904023 -0.427484 0
    outer loop
      vertex 68.6032 39.5123 0
      vertex 68.5361 39.6542 12
      vertex 68.5361 39.6542 0
    endloop
  endfacet
  facet normal -0.904023 -0.427484 0
    outer loop
      vertex 68.5361 39.6542 12
      vertex 68.6032 39.5123 0
      vertex 68.6032 39.5123 12
    endloop
  endfacet
  facet normal 0.243135 -0.969993 0
    outer loop
      vertex 66.6605 40.4311 0
      vertex 66.8129 40.4693 12
      vertex 66.6605 40.4311 12
    endloop
  endfacet
  facet normal 0.243135 -0.969993 0
    outer loop
      vertex 66.8129 40.4693 12
      vertex 66.6605 40.4311 0
      vertex 66.8129 40.4693 0
    endloop
  endfacet
  facet normal -0.741264 -0.671213 0
    outer loop
      vertex 68.3618 39.915 0
      vertex 68.2564 40.0314 12
      vertex 68.2564 40.0314 0
    endloop
  endfacet
  facet normal -0.741264 -0.671213 0
    outer loop
      vertex 68.2564 40.0314 12
      vertex 68.3618 39.915 0
      vertex 68.3618 39.915 12
    endloop
  endfacet
  facet normal 0.98921 0.146502 0
    outer loop
      vertex 65.5557 38.5879 12
      vertex 65.5327 38.7432 0
      vertex 65.5327 38.7432 12
    endloop
  endfacet
  facet normal 0.98921 0.146502 0
    outer loop
      vertex 65.5327 38.7432 0
      vertex 65.5557 38.5879 12
      vertex 65.5557 38.5879 0
    endloop
  endfacet
  facet normal -0.904023 0.427484 0
    outer loop
      vertex 68.5361 38.1458 0
      vertex 68.6032 38.2877 12
      vertex 68.6032 38.2877 0
    endloop
  endfacet
  facet normal -0.904023 0.427484 0
    outer loop
      vertex 68.6032 38.2877 12
      vertex 68.5361 38.1458 0
      vertex 68.5361 38.1458 12
    endloop
  endfacet
  facet normal -0.80297 -0.596019 0
    outer loop
      vertex 68.4554 39.7889 0
      vertex 68.3618 39.915 12
      vertex 68.3618 39.915 0
    endloop
  endfacet
  facet normal -0.80297 -0.596019 0
    outer loop
      vertex 68.3618 39.915 12
      vertex 68.4554 39.7889 0
      vertex 68.4554 39.7889 12
    endloop
  endfacet
  facet normal -0.427484 0.904023 0
    outer loop
      vertex 67.8792 37.4889 0
      vertex 67.7373 37.4218 12
      vertex 67.8792 37.4889 12
    endloop
  endfacet
  facet normal -0.427484 0.904023 0
    outer loop
      vertex 67.7373 37.4218 12
      vertex 67.8792 37.4889 0
      vertex 67.7373 37.4218 0
    endloop
  endfacet
  facet normal -0.998796 -0.049048 0
    outer loop
      vertex 68.725 38.9 0
      vertex 68.7173 39.0568 12
      vertex 68.7173 39.0568 0
    endloop
  endfacet
  facet normal -0.998796 -0.049048 0
    outer loop
      vertex 68.7173 39.0568 12
      vertex 68.725 38.9 0
      vertex 68.725 38.9 12
    endloop
  endfacet
  facet normal -0.969993 0.243135 0
    outer loop
      vertex 68.6561 38.4355 0
      vertex 68.6943 38.5879 12
      vertex 68.6943 38.5879 0
    endloop
  endfacet
  facet normal -0.969993 0.243135 0
    outer loop
      vertex 68.6943 38.5879 12
      vertex 68.6561 38.4355 0
      vertex 68.6561 38.4355 12
    endloop
  endfacet
  facet normal -0.146502 -0.98921 0
    outer loop
      vertex 67.2818 40.4923 0
      vertex 67.4371 40.4693 12
      vertex 67.2818 40.4923 12
    endloop
  endfacet
  facet normal -0.146502 -0.98921 -0
    outer loop
      vertex 67.4371 40.4693 12
      vertex 67.2818 40.4923 0
      vertex 67.4371 40.4693 0
    endloop
  endfacet
  facet normal 0.998796 -0.049048 0
    outer loop
      vertex 65.525 38.9 12
      vertex 65.5327 39.0568 0
      vertex 65.5327 39.0568 12
    endloop
  endfacet
  facet normal 0.998796 -0.049048 0
    outer loop
      vertex 65.5327 39.0568 0
      vertex 65.525 38.9 12
      vertex 65.525 38.9 0
    endloop
  endfacet
  facet normal 0.671213 0.741264 -0
    outer loop
      vertex 66.11 37.6632 0
      vertex 65.9936 37.7686 12
      vertex 66.11 37.6632 12
    endloop
  endfacet
  facet normal 0.671213 0.741264 0
    outer loop
      vertex 65.9936 37.7686 12
      vertex 66.11 37.6632 0
      vertex 65.9936 37.7686 0
    endloop
  endfacet
  facet normal -0.98921 0.146502 0
    outer loop
      vertex 68.6943 38.5879 0
      vertex 68.7173 38.7432 12
      vertex 68.7173 38.7432 0
    endloop
  endfacet
  facet normal -0.98921 0.146502 0
    outer loop
      vertex 68.7173 38.7432 12
      vertex 68.6943 38.5879 0
      vertex 68.6943 38.5879 12
    endloop
  endfacet
  facet normal -0.941511 -0.336982 0
    outer loop
      vertex 68.6561 39.3645 0
      vertex 68.6032 39.5123 12
      vertex 68.6032 39.5123 0
    endloop
  endfacet
  facet normal -0.941511 -0.336982 0
    outer loop
      vertex 68.6032 39.5123 12
      vertex 68.6561 39.3645 0
      vertex 68.6561 39.3645 12
    endloop
  endfacet
  facet normal -0.427484 -0.904023 0
    outer loop
      vertex 67.7373 40.3782 0
      vertex 67.8792 40.3111 12
      vertex 67.7373 40.3782 12
    endloop
  endfacet
  facet normal -0.427484 -0.904023 -0
    outer loop
      vertex 67.8792 40.3111 12
      vertex 67.7373 40.3782 0
      vertex 67.8792 40.3111 0
    endloop
  endfacet
  facet normal -0.336982 0.941511 0
    outer loop
      vertex 67.7373 37.4218 0
      vertex 67.5895 37.3689 12
      vertex 67.7373 37.4218 12
    endloop
  endfacet
  facet normal -0.336982 0.941511 0
    outer loop
      vertex 67.5895 37.3689 12
      vertex 67.7373 37.4218 0
      vertex 67.5895 37.3689 0
    endloop
  endfacet
  facet normal 0.969993 0.243135 0
    outer loop
      vertex 65.5939 38.4355 12
      vertex 65.5557 38.5879 0
      vertex 65.5557 38.5879 12
    endloop
  endfacet
  facet normal 0.969993 0.243135 0
    outer loop
      vertex 65.5557 38.5879 0
      vertex 65.5939 38.4355 12
      vertex 65.5939 38.4355 0
    endloop
  endfacet
  facet normal 0.941511 0.336982 0
    outer loop
      vertex 65.6468 38.2877 12
      vertex 65.5939 38.4355 0
      vertex 65.5939 38.4355 12
    endloop
  endfacet
  facet normal 0.941511 0.336982 0
    outer loop
      vertex 65.5939 38.4355 0
      vertex 65.6468 38.2877 12
      vertex 65.6468 38.2877 0
    endloop
  endfacet
  facet normal 0.85783 -0.513934 0
    outer loop
      vertex 65.7139 39.6542 12
      vertex 65.7946 39.7889 0
      vertex 65.7946 39.7889 12
    endloop
  endfacet
  facet normal 0.85783 -0.513934 0
    outer loop
      vertex 65.7946 39.7889 0
      vertex 65.7139 39.6542 12
      vertex 65.7139 39.6542 0
    endloop
  endfacet
  facet normal -0.671213 0.741264 0
    outer loop
      vertex 68.2564 37.7686 0
      vertex 68.14 37.6632 12
      vertex 68.2564 37.7686 12
    endloop
  endfacet
  facet normal -0.671213 0.741264 0
    outer loop
      vertex 68.14 37.6632 12
      vertex 68.2564 37.7686 0
      vertex 68.14 37.6632 0
    endloop
  endfacet
  facet normal 0.904023 0.427484 0
    outer loop
      vertex 65.7139 38.1458 12
      vertex 65.6468 38.2877 0
      vertex 65.6468 38.2877 12
    endloop
  endfacet
  facet normal 0.904023 0.427484 0
    outer loop
      vertex 65.6468 38.2877 0
      vertex 65.7139 38.1458 12
      vertex 65.7139 38.1458 0
    endloop
  endfacet
  facet normal 0.941511 -0.336982 0
    outer loop
      vertex 65.5939 39.3645 12
      vertex 65.6468 39.5123 0
      vertex 65.6468 39.5123 12
    endloop
  endfacet
  facet normal 0.941511 -0.336982 0
    outer loop
      vertex 65.6468 39.5123 0
      vertex 65.5939 39.3645 12
      vertex 65.5939 39.3645 0
    endloop
  endfacet
  facet normal -0.85783 -0.513934 0
    outer loop
      vertex 68.5361 39.6542 0
      vertex 68.4554 39.7889 12
      vertex 68.4554 39.7889 0
    endloop
  endfacet
  facet normal -0.85783 -0.513934 0
    outer loop
      vertex 68.4554 39.7889 12
      vertex 68.5361 39.6542 0
      vertex 68.5361 39.6542 12
    endloop
  endfacet
  facet normal 0.741264 -0.671213 0
    outer loop
      vertex 65.8882 39.915 12
      vertex 65.9936 40.0314 0
      vertex 65.9936 40.0314 12
    endloop
  endfacet
  facet normal 0.741264 -0.671213 0
    outer loop
      vertex 65.9936 40.0314 0
      vertex 65.8882 39.915 12
      vertex 65.8882 39.915 0
    endloop
  endfacet
  facet normal -0.98921 -0.146502 0
    outer loop
      vertex 68.7173 39.0568 0
      vertex 68.6943 39.2121 12
      vertex 68.6943 39.2121 0
    endloop
  endfacet
  facet normal -0.98921 -0.146502 0
    outer loop
      vertex 68.6943 39.2121 12
      vertex 68.7173 39.0568 0
      vertex 68.7173 39.0568 12
    endloop
  endfacet
  facet normal -0.85783 0.513934 0
    outer loop
      vertex 68.4554 38.0111 0
      vertex 68.5361 38.1458 12
      vertex 68.5361 38.1458 0
    endloop
  endfacet
  facet normal -0.85783 0.513934 0
    outer loop
      vertex 68.5361 38.1458 12
      vertex 68.4554 38.0111 0
      vertex 68.4554 38.0111 12
    endloop
  endfacet
  facet normal 0.513934 -0.85783 0
    outer loop
      vertex 66.2361 40.2304 0
      vertex 66.3708 40.3111 12
      vertex 66.2361 40.2304 12
    endloop
  endfacet
  facet normal 0.513934 -0.85783 0
    outer loop
      vertex 66.3708 40.3111 12
      vertex 66.2361 40.2304 0
      vertex 66.3708 40.3111 0
    endloop
  endfacet
  facet normal 0.336982 -0.941511 0
    outer loop
      vertex 66.5127 40.3782 0
      vertex 66.6605 40.4311 12
      vertex 66.5127 40.3782 12
    endloop
  endfacet
  facet normal 0.336982 -0.941511 0
    outer loop
      vertex 66.6605 40.4311 12
      vertex 66.5127 40.3782 0
      vertex 66.6605 40.4311 0
    endloop
  endfacet
  facet normal 0.80297 -0.596019 0
    outer loop
      vertex 65.7946 39.7889 12
      vertex 65.8882 39.915 0
      vertex 65.8882 39.915 12
    endloop
  endfacet
  facet normal 0.80297 -0.596019 0
    outer loop
      vertex 65.8882 39.915 0
      vertex 65.7946 39.7889 12
      vertex 65.7946 39.7889 0
    endloop
  endfacet
  facet normal 0.98921 -0.146502 0
    outer loop
      vertex 65.5327 39.0568 12
      vertex 65.5557 39.2121 0
      vertex 65.5557 39.2121 12
    endloop
  endfacet
  facet normal 0.98921 -0.146502 0
    outer loop
      vertex 65.5557 39.2121 0
      vertex 65.5327 39.0568 12
      vertex 65.5327 39.0568 0
    endloop
  endfacet
  facet normal 0.904023 -0.427484 0
    outer loop
      vertex 65.6468 39.5123 12
      vertex 65.7139 39.6542 0
      vertex 65.7139 39.6542 12
    endloop
  endfacet
  facet normal 0.904023 -0.427484 0
    outer loop
      vertex 65.7139 39.6542 0
      vertex 65.6468 39.5123 12
      vertex 65.6468 39.5123 0
    endloop
  endfacet
  facet normal -0.049048 -0.998796 0
    outer loop
      vertex 67.125 40.5 0
      vertex 67.2818 40.4923 12
      vertex 67.125 40.5 12
    endloop
  endfacet
  facet normal -0.049048 -0.998796 -0
    outer loop
      vertex 67.2818 40.4923 12
      vertex 67.125 40.5 0
      vertex 67.2818 40.4923 0
    endloop
  endfacet
  facet normal 0.146502 0.98921 -0
    outer loop
      vertex 66.9682 37.3077 0
      vertex 66.8129 37.3307 12
      vertex 66.9682 37.3077 12
    endloop
  endfacet
  facet normal 0.146502 0.98921 0
    outer loop
      vertex 66.8129 37.3307 12
      vertex 66.9682 37.3077 0
      vertex 66.8129 37.3307 0
    endloop
  endfacet
  facet normal 0.049048 0.998796 -0
    outer loop
      vertex 67.125 37.3 0
      vertex 66.9682 37.3077 12
      vertex 67.125 37.3 12
    endloop
  endfacet
  facet normal 0.049048 0.998796 0
    outer loop
      vertex 66.9682 37.3077 12
      vertex 67.125 37.3 0
      vertex 66.9682 37.3077 0
    endloop
  endfacet
  facet normal -0.243135 -0.969993 0
    outer loop
      vertex 67.4371 40.4693 0
      vertex 67.5895 40.4311 12
      vertex 67.4371 40.4693 12
    endloop
  endfacet
  facet normal -0.243135 -0.969993 -0
    outer loop
      vertex 67.5895 40.4311 12
      vertex 67.4371 40.4693 0
      vertex 67.5895 40.4311 0
    endloop
  endfacet
  facet normal -0.336982 -0.941511 0
    outer loop
      vertex 67.5895 40.4311 0
      vertex 67.7373 40.3782 12
      vertex 67.5895 40.4311 12
    endloop
  endfacet
  facet normal -0.336982 -0.941511 -0
    outer loop
      vertex 67.7373 40.3782 12
      vertex 67.5895 40.4311 0
      vertex 67.7373 40.3782 0
    endloop
  endfacet
  facet normal -0.596019 -0.80297 0
    outer loop
      vertex 68.0139 40.2304 0
      vertex 68.14 40.1368 12
      vertex 68.0139 40.2304 12
    endloop
  endfacet
  facet normal -0.596019 -0.80297 -0
    outer loop
      vertex 68.14 40.1368 12
      vertex 68.0139 40.2304 0
      vertex 68.14 40.1368 0
    endloop
  endfacet
  facet normal 0.427484 -0.904023 0
    outer loop
      vertex 66.3708 40.3111 0
      vertex 66.5127 40.3782 12
      vertex 66.3708 40.3111 12
    endloop
  endfacet
  facet normal 0.427484 -0.904023 0
    outer loop
      vertex 66.5127 40.3782 12
      vertex 66.3708 40.3111 0
      vertex 66.5127 40.3782 0
    endloop
  endfacet
  facet normal -0.513934 -0.85783 0
    outer loop
      vertex 67.8792 40.3111 0
      vertex 68.0139 40.2304 12
      vertex 67.8792 40.3111 12
    endloop
  endfacet
  facet normal -0.513934 -0.85783 -0
    outer loop
      vertex 68.0139 40.2304 12
      vertex 67.8792 40.3111 0
      vertex 68.0139 40.2304 0
    endloop
  endfacet
  facet normal 0.671213 -0.741264 0
    outer loop
      vertex 65.9936 40.0314 0
      vertex 66.11 40.1368 12
      vertex 65.9936 40.0314 12
    endloop
  endfacet
  facet normal 0.671213 -0.741264 0
    outer loop
      vertex 66.11 40.1368 12
      vertex 65.9936 40.0314 0
      vertex 66.11 40.1368 0
    endloop
  endfacet
  facet normal 0.243135 0.969993 -0
    outer loop
      vertex 66.8129 37.3307 0
      vertex 66.6605 37.3689 12
      vertex 66.8129 37.3307 12
    endloop
  endfacet
  facet normal 0.243135 0.969993 0
    outer loop
      vertex 66.6605 37.3689 12
      vertex 66.8129 37.3307 0
      vertex 66.6605 37.3689 0
    endloop
  endfacet
  facet normal 0.903837 0.427876 0
    outer loop
      vertex 12.7386 4.04645 0.799999
      vertex 12.7071 4.11299 0
      vertex 12.7071 4.11299 0.799999
    endloop
  endfacet
  facet normal 0.903837 0.427876 0
    outer loop
      vertex 12.7071 4.11299 0
      vertex 12.7386 4.04645 0.799999
      vertex 12.7386 4.04645 0
    endloop
  endfacet
  facet normal -0.989177 -0.146726 0
    outer loop
      vertex 14.1464 4.47351 0
      vertex 14.1356 4.54632 0.799999
      vertex 14.1356 4.54632 0
    endloop
  endfacet
  facet normal -0.989177 -0.146726 0
    outer loop
      vertex 14.1356 4.54632 0.799999
      vertex 14.1464 4.47351 0
      vertex 14.1464 4.47351 0.799999
    endloop
  endfacet
  facet normal -0.998803 -0.0489143 0
    outer loop
      vertex 14.15 4.4 0
      vertex 14.1464 4.47351 0.799999
      vertex 14.1464 4.47351 0
    endloop
  endfacet
  facet normal -0.998803 -0.0489143 0
    outer loop
      vertex 14.1464 4.47351 0.799999
      vertex 14.15 4.4 0
      vertex 14.15 4.4 0.799999
    endloop
  endfacet
  facet normal -0.969974 -0.243207 0
    outer loop
      vertex 14.1356 4.54632 0
      vertex 14.1177 4.61771 0.799999
      vertex 14.1177 4.61771 0
    endloop
  endfacet
  facet normal -0.969974 -0.243207 0
    outer loop
      vertex 14.1177 4.61771 0.799999
      vertex 14.1356 4.54632 0
      vertex 14.1356 4.54632 0.799999
    endloop
  endfacet
  facet normal 0.427753 -0.903896 0
    outer loop
      vertex 13.0465 5.06144 0
      vertex 13.113 5.09291 0.799999
      vertex 13.0465 5.06144 0.799999
    endloop
  endfacet
  facet normal 0.427753 -0.903896 0
    outer loop
      vertex 13.113 5.09291 0.799999
      vertex 13.0465 5.06144 0
      vertex 13.113 5.09291 0
    endloop
  endfacet
  facet normal 0.85796 0.513716 0
    outer loop
      vertex 12.7764 3.98332 0.799999
      vertex 12.7386 4.04645 0
      vertex 12.7386 4.04645 0.799999
    endloop
  endfacet
  facet normal 0.85796 0.513716 0
    outer loop
      vertex 12.7386 4.04645 0
      vertex 12.7764 3.98332 0.799999
      vertex 12.7764 3.98332 0
    endloop
  endfacet
  facet normal 0.242919 0.970047 -0
    outer loop
      vertex 13.2537 3.66441 0
      vertex 13.1823 3.68229 0.799999
      vertex 13.2537 3.66441 0.799999
    endloop
  endfacet
  facet normal 0.242919 0.970047 0
    outer loop
      vertex 13.1823 3.68229 0.799999
      vertex 13.2537 3.66441 0
      vertex 13.1823 3.68229 0
    endloop
  endfacet
  facet normal 0.513697 -0.857972 0
    outer loop
      vertex 12.9833 5.0236 0
      vertex 13.0465 5.06144 0.799999
      vertex 12.9833 5.0236 0.799999
    endloop
  endfacet
  facet normal 0.513697 -0.857972 0
    outer loop
      vertex 13.0465 5.06144 0.799999
      vertex 12.9833 5.0236 0
      vertex 13.0465 5.06144 0
    endloop
  endfacet
  facet normal 0.427753 0.903896 -0
    outer loop
      vertex 13.113 3.70709 0
      vertex 13.0465 3.73856 0.799999
      vertex 13.113 3.70709 0.799999
    endloop
  endfacet
  facet normal 0.427753 0.903896 0
    outer loop
      vertex 13.0465 3.73856 0.799999
      vertex 13.113 3.70709 0
      vertex 13.0465 3.73856 0
    endloop
  endfacet
  facet normal 0.243047 -0.970015 0
    outer loop
      vertex 13.1823 5.1177 0
      vertex 13.2537 5.13559 0.799999
      vertex 13.1823 5.1177 0.799999
    endloop
  endfacet
  facet normal 0.243047 -0.970015 0
    outer loop
      vertex 13.2537 5.13559 0.799999
      vertex 13.1823 5.1177 0
      vertex 13.2537 5.13559 0
    endloop
  endfacet
  facet normal -0.146746 0.989174 0
    outer loop
      vertex 13.5463 3.66441 0
      vertex 13.4735 3.65361 0.799999
      vertex 13.5463 3.66441 0.799999
    endloop
  endfacet
  facet normal -0.146746 0.989174 0
    outer loop
      vertex 13.4735 3.65361 0.799999
      vertex 13.5463 3.66441 0
      vertex 13.4735 3.65361 0
    endloop
  endfacet
  facet normal -0.0490565 -0.998796 0
    outer loop
      vertex 13.4 5.15 0
      vertex 13.4735 5.14639 0.799999
      vertex 13.4 5.15 0.799999
    endloop
  endfacet
  facet normal -0.0490565 -0.998796 -0
    outer loop
      vertex 13.4735 5.14639 0.799999
      vertex 13.4 5.15 0
      vertex 13.4735 5.14639 0
    endloop
  endfacet
  facet normal 0.941527 0.336939 0
    outer loop
      vertex 12.7071 4.11299 0.799999
      vertex 12.6823 4.18229 0
      vertex 12.6823 4.18229 0.799999
    endloop
  endfacet
  facet normal 0.941527 0.336939 0
    outer loop
      vertex 12.6823 4.18229 0
      vertex 12.7071 4.11299 0.799999
      vertex 12.7071 4.11299 0
    endloop
  endfacet
  facet normal -0.740431 0.672132 0
    outer loop
      vertex 13.9303 3.86967 0
      vertex 13.9798 3.9242 0.799999
      vertex 13.9798 3.9242 0
    endloop
  endfacet
  facet normal -0.740431 0.672132 0
    outer loop
      vertex 13.9798 3.9242 0.799999
      vertex 13.9303 3.86967 0
      vertex 13.9303 3.86967 0.799999
    endloop
  endfacet
  facet normal -0.803461 -0.595358 0
    outer loop
      vertex 14.0236 4.81668 0
      vertex 13.9798 4.87579 0.799999
      vertex 13.9798 4.87579 0
    endloop
  endfacet
  facet normal -0.803461 -0.595358 0
    outer loop
      vertex 13.9798 4.87579 0.799999
      vertex 14.0236 4.81668 0
      vertex 14.0236 4.81668 0.799999
    endloop
  endfacet
  facet normal -0.969974 0.243207 0
    outer loop
      vertex 14.1177 4.18229 0
      vertex 14.1356 4.25368 0.799999
      vertex 14.1356 4.25368 0
    endloop
  endfacet
  facet normal -0.969974 0.243207 0
    outer loop
      vertex 14.1356 4.25368 0.799999
      vertex 14.1177 4.18229 0
      vertex 14.1177 4.18229 0.799999
    endloop
  endfacet
  facet normal 0.146746 0.989174 -0
    outer loop
      vertex 13.3265 3.65361 0
      vertex 13.2537 3.66441 0.799999
      vertex 13.3265 3.65361 0.799999
    endloop
  endfacet
  facet normal 0.146746 0.989174 0
    outer loop
      vertex 13.2537 3.66441 0.799999
      vertex 13.3265 3.65361 0
      vertex 13.2537 3.66441 0
    endloop
  endfacet
  facet normal 0.803509 0.595293 0
    outer loop
      vertex 12.8202 3.9242 0.799999
      vertex 12.7764 3.98332 0
      vertex 12.7764 3.98332 0.799999
    endloop
  endfacet
  facet normal 0.803509 0.595293 0
    outer loop
      vertex 12.7764 3.98332 0
      vertex 12.8202 3.9242 0.799999
      vertex 12.8202 3.9242 0
    endloop
  endfacet
  facet normal -0.427753 -0.903896 0
    outer loop
      vertex 13.687 5.09291 0
      vertex 13.7535 5.06144 0.799999
      vertex 13.687 5.09291 0.799999
    endloop
  endfacet
  facet normal -0.427753 -0.903896 -0
    outer loop
      vertex 13.7535 5.06144 0.799999
      vertex 13.687 5.09291 0
      vertex 13.7535 5.06144 0
    endloop
  endfacet
  facet normal -0.671813 -0.740721 0
    outer loop
      vertex 13.8758 4.97976 0
      vertex 13.9303 4.93033 0.799999
      vertex 13.8758 4.97976 0.799999
    endloop
  endfacet
  facet normal -0.671813 -0.740721 -0
    outer loop
      vertex 13.9303 4.93033 0.799999
      vertex 13.8758 4.97976 0
      vertex 13.9303 4.93033 0
    endloop
  endfacet
  facet normal -0.513697 -0.857972 0
    outer loop
      vertex 13.7535 5.06144 0
      vertex 13.8167 5.0236 0.799999
      vertex 13.7535 5.06144 0.799999
    endloop
  endfacet
  facet normal -0.513697 -0.857972 -0
    outer loop
      vertex 13.8167 5.0236 0.799999
      vertex 13.7535 5.06144 0
      vertex 13.8167 5.0236 0
    endloop
  endfacet
  facet normal 0.595773 -0.803153 0
    outer loop
      vertex 12.9242 4.97976 0
      vertex 12.9833 5.0236 0.799999
      vertex 12.9242 4.97976 0.799999
    endloop
  endfacet
  facet normal 0.595773 -0.803153 0
    outer loop
      vertex 12.9833 5.0236 0.799999
      vertex 12.9242 4.97976 0
      vertex 12.9833 5.0236 0
    endloop
  endfacet
  facet normal -0.941527 -0.336939 0
    outer loop
      vertex 14.1177 4.61771 0
      vertex 14.0929 4.68701 0.799999
      vertex 14.0929 4.68701 0
    endloop
  endfacet
  facet normal -0.941527 -0.336939 0
    outer loop
      vertex 14.0929 4.68701 0.799999
      vertex 14.1177 4.61771 0
      vertex 14.1177 4.61771 0.799999
    endloop
  endfacet
  facet normal -0.903837 0.427876 0
    outer loop
      vertex 14.0614 4.04645 0
      vertex 14.0929 4.11299 0.799999
      vertex 14.0929 4.11299 0
    endloop
  endfacet
  facet normal -0.903837 0.427876 0
    outer loop
      vertex 14.0929 4.11299 0.799999
      vertex 14.0614 4.04645 0
      vertex 14.0614 4.04645 0.799999
    endloop
  endfacet
  facet normal -0.336818 -0.94157 0
    outer loop
      vertex 13.6177 5.1177 0
      vertex 13.687 5.09291 0.799999
      vertex 13.6177 5.1177 0.799999
    endloop
  endfacet
  facet normal -0.336818 -0.94157 -0
    outer loop
      vertex 13.687 5.09291 0.799999
      vertex 13.6177 5.1177 0
      vertex 13.687 5.09291 0
    endloop
  endfacet
  facet normal 0.595773 0.803153 -0
    outer loop
      vertex 12.9833 3.7764 0
      vertex 12.9242 3.82024 0.799999
      vertex 12.9833 3.7764 0.799999
    endloop
  endfacet
  facet normal 0.595773 0.803153 0
    outer loop
      vertex 12.9242 3.82024 0.799999
      vertex 12.9833 3.7764 0
      vertex 12.9242 3.82024 0
    endloop
  endfacet
  facet normal -0.513697 0.857972 0
    outer loop
      vertex 13.8167 3.7764 0
      vertex 13.7535 3.73856 0.799999
      vertex 13.8167 3.7764 0.799999
    endloop
  endfacet
  facet normal -0.513697 0.857972 0
    outer loop
      vertex 13.7535 3.73856 0.799999
      vertex 13.8167 3.7764 0
      vertex 13.7535 3.73856 0
    endloop
  endfacet
  facet normal -0.243047 -0.970015 0
    outer loop
      vertex 13.5463 5.13559 0
      vertex 13.6177 5.1177 0.799999
      vertex 13.5463 5.13559 0.799999
    endloop
  endfacet
  facet normal -0.243047 -0.970015 -0
    outer loop
      vertex 13.6177 5.1177 0.799999
      vertex 13.5463 5.13559 0
      vertex 13.6177 5.1177 0
    endloop
  endfacet
  facet normal -0.427753 0.903896 0
    outer loop
      vertex 13.7535 3.73856 0
      vertex 13.687 3.70709 0.799999
      vertex 13.7535 3.73856 0.799999
    endloop
  endfacet
  facet normal -0.427753 0.903896 0
    outer loop
      vertex 13.687 3.70709 0.799999
      vertex 13.7535 3.73856 0
      vertex 13.687 3.70709 0
    endloop
  endfacet
  facet normal 0.740493 -0.672064 0
    outer loop
      vertex 12.8202 4.87579 0.799999
      vertex 12.8697 4.93033 0
      vertex 12.8697 4.93033 0.799999
    endloop
  endfacet
  facet normal 0.740493 -0.672064 0
    outer loop
      vertex 12.8697 4.93033 0
      vertex 12.8202 4.87579 0.799999
      vertex 12.8202 4.87579 0
    endloop
  endfacet
  facet normal -0.595773 -0.803153 0
    outer loop
      vertex 13.8167 5.0236 0
      vertex 13.8758 4.97976 0.799999
      vertex 13.8167 5.0236 0.799999
    endloop
  endfacet
  facet normal -0.595773 -0.803153 -0
    outer loop
      vertex 13.8758 4.97976 0.799999
      vertex 13.8167 5.0236 0
      vertex 13.8758 4.97976 0
    endloop
  endfacet
  facet normal -0.0490565 0.998796 0
    outer loop
      vertex 13.4735 3.65361 0
      vertex 13.4 3.65 0.799999
      vertex 13.4735 3.65361 0.799999
    endloop
  endfacet
  facet normal -0.0490565 0.998796 0
    outer loop
      vertex 13.4 3.65 0.799999
      vertex 13.4735 3.65361 0
      vertex 13.4 3.65 0
    endloop
  endfacet
  facet normal -0.941527 0.336939 0
    outer loop
      vertex 14.0929 4.11299 0
      vertex 14.1177 4.18229 0.799999
      vertex 14.1177 4.18229 0
    endloop
  endfacet
  facet normal -0.941527 0.336939 0
    outer loop
      vertex 14.1177 4.18229 0.799999
      vertex 14.0929 4.11299 0
      vertex 14.0929 4.11299 0.799999
    endloop
  endfacet
  facet normal -0.803509 0.595293 0
    outer loop
      vertex 13.9798 3.9242 0
      vertex 14.0236 3.98332 0.799999
      vertex 14.0236 3.98332 0
    endloop
  endfacet
  facet normal -0.803509 0.595293 0
    outer loop
      vertex 14.0236 3.98332 0.799999
      vertex 13.9798 3.9242 0
      vertex 13.9798 3.9242 0.799999
    endloop
  endfacet
  facet normal 0.146746 -0.989174 0
    outer loop
      vertex 13.2537 5.13559 0
      vertex 13.3265 5.14639 0.799999
      vertex 13.2537 5.13559 0.799999
    endloop
  endfacet
  facet normal 0.146746 -0.989174 0
    outer loop
      vertex 13.3265 5.14639 0.799999
      vertex 13.2537 5.13559 0
      vertex 13.3265 5.14639 0
    endloop
  endfacet
  facet normal 0.941527 -0.336939 0
    outer loop
      vertex 12.6823 4.61771 0.799999
      vertex 12.7071 4.68701 0
      vertex 12.7071 4.68701 0.799999
    endloop
  endfacet
  facet normal 0.941527 -0.336939 0
    outer loop
      vertex 12.7071 4.68701 0
      vertex 12.6823 4.61771 0.799999
      vertex 12.6823 4.61771 0
    endloop
  endfacet
  facet normal -0.989177 0.146726 0
    outer loop
      vertex 14.1356 4.25368 0
      vertex 14.1464 4.32649 0.799999
      vertex 14.1464 4.32649 0
    endloop
  endfacet
  facet normal -0.989177 0.146726 0
    outer loop
      vertex 14.1464 4.32649 0.799999
      vertex 14.1356 4.25368 0
      vertex 14.1356 4.25368 0.799999
    endloop
  endfacet
  facet normal 0.989177 -0.146726 0
    outer loop
      vertex 12.6536 4.47351 0.799999
      vertex 12.6644 4.54632 0
      vertex 12.6644 4.54632 0.799999
    endloop
  endfacet
  facet normal 0.989177 -0.146726 0
    outer loop
      vertex 12.6644 4.54632 0
      vertex 12.6536 4.47351 0.799999
      vertex 12.6536 4.47351 0
    endloop
  endfacet
  facet normal 0.969974 0.243207 0
    outer loop
      vertex 12.6823 4.18229 0.799999
      vertex 12.6644 4.25368 0
      vertex 12.6644 4.25368 0.799999
    endloop
  endfacet
  facet normal 0.969974 0.243207 0
    outer loop
      vertex 12.6644 4.25368 0
      vertex 12.6823 4.18229 0.799999
      vertex 12.6823 4.18229 0
    endloop
  endfacet
  facet normal -0.903837 -0.427876 0
    outer loop
      vertex 14.0929 4.68701 0
      vertex 14.0614 4.75355 0.799999
      vertex 14.0614 4.75355 0
    endloop
  endfacet
  facet normal -0.903837 -0.427876 0
    outer loop
      vertex 14.0614 4.75355 0.799999
      vertex 14.0929 4.68701 0
      vertex 14.0929 4.68701 0.799999
    endloop
  endfacet
  facet normal -0.595773 0.803153 0
    outer loop
      vertex 13.8758 3.82024 0
      vertex 13.8167 3.7764 0.799999
      vertex 13.8758 3.82024 0.799999
    endloop
  endfacet
  facet normal -0.595773 0.803153 0
    outer loop
      vertex 13.8167 3.7764 0.799999
      vertex 13.8758 3.82024 0
      vertex 13.8167 3.7764 0
    endloop
  endfacet
  facet normal -0.85796 -0.513716 0
    outer loop
      vertex 14.0614 4.75355 0
      vertex 14.0236 4.81668 0.799999
      vertex 14.0236 4.81668 0
    endloop
  endfacet
  facet normal -0.85796 -0.513716 0
    outer loop
      vertex 14.0236 4.81668 0.799999
      vertex 14.0614 4.75355 0
      vertex 14.0614 4.75355 0.799999
    endloop
  endfacet
  facet normal -0.998803 0.0489143 0
    outer loop
      vertex 14.1464 4.32649 0
      vertex 14.15 4.4 0.799999
      vertex 14.15 4.4 0
    endloop
  endfacet
  facet normal -0.998803 0.0489143 0
    outer loop
      vertex 14.15 4.4 0.799999
      vertex 14.1464 4.32649 0
      vertex 14.1464 4.32649 0.799999
    endloop
  endfacet
  facet normal 0.671813 -0.740721 0
    outer loop
      vertex 12.8697 4.93033 0
      vertex 12.9242 4.97976 0.799999
      vertex 12.8697 4.93033 0.799999
    endloop
  endfacet
  facet normal 0.671813 -0.740721 0
    outer loop
      vertex 12.9242 4.97976 0.799999
      vertex 12.8697 4.93033 0
      vertex 12.9242 4.97976 0
    endloop
  endfacet
  facet normal 0.336818 -0.94157 0
    outer loop
      vertex 13.113 5.09291 0
      vertex 13.1823 5.1177 0.799999
      vertex 13.113 5.09291 0.799999
    endloop
  endfacet
  facet normal 0.336818 -0.94157 0
    outer loop
      vertex 13.1823 5.1177 0.799999
      vertex 13.113 5.09291 0
      vertex 13.1823 5.1177 0
    endloop
  endfacet
  facet normal 0.998803 0.0489143 0
    outer loop
      vertex 12.6536 4.32649 0.799999
      vertex 12.65 4.4 0
      vertex 12.65 4.4 0.799999
    endloop
  endfacet
  facet normal 0.998803 0.0489143 0
    outer loop
      vertex 12.65 4.4 0
      vertex 12.6536 4.32649 0.799999
      vertex 12.6536 4.32649 0
    endloop
  endfacet
  facet normal 0.0490565 -0.998796 0
    outer loop
      vertex 13.3265 5.14639 0
      vertex 13.4 5.15 0.799999
      vertex 13.3265 5.14639 0.799999
    endloop
  endfacet
  facet normal 0.0490565 -0.998796 0
    outer loop
      vertex 13.4 5.15 0.799999
      vertex 13.3265 5.14639 0
      vertex 13.4 5.15 0
    endloop
  endfacet
  facet normal -0.146746 -0.989174 0
    outer loop
      vertex 13.4735 5.14639 0
      vertex 13.5463 5.13559 0.799999
      vertex 13.4735 5.14639 0.799999
    endloop
  endfacet
  facet normal -0.146746 -0.989174 -0
    outer loop
      vertex 13.5463 5.13559 0.799999
      vertex 13.4735 5.14639 0
      vertex 13.5463 5.13559 0
    endloop
  endfacet
  facet normal 0.969974 -0.243207 0
    outer loop
      vertex 12.6644 4.54632 0.799999
      vertex 12.6823 4.61771 0
      vertex 12.6823 4.61771 0.799999
    endloop
  endfacet
  facet normal 0.969974 -0.243207 0
    outer loop
      vertex 12.6823 4.61771 0
      vertex 12.6644 4.54632 0.799999
      vertex 12.6644 4.54632 0
    endloop
  endfacet
  facet normal -0.336939 0.941527 0
    outer loop
      vertex 13.687 3.70709 0
      vertex 13.6177 3.68229 0.799999
      vertex 13.687 3.70709 0.799999
    endloop
  endfacet
  facet normal -0.336939 0.941527 0
    outer loop
      vertex 13.6177 3.68229 0.799999
      vertex 13.687 3.70709 0
      vertex 13.6177 3.68229 0
    endloop
  endfacet
  facet normal -0.242919 0.970047 0
    outer loop
      vertex 13.6177 3.68229 0
      vertex 13.5463 3.66441 0.799999
      vertex 13.6177 3.68229 0.799999
    endloop
  endfacet
  facet normal -0.242919 0.970047 0
    outer loop
      vertex 13.5463 3.66441 0.799999
      vertex 13.6177 3.68229 0
      vertex 13.5463 3.66441 0
    endloop
  endfacet
  facet normal 0.740431 0.672132 0
    outer loop
      vertex 12.8697 3.86967 0.799999
      vertex 12.8202 3.9242 0
      vertex 12.8202 3.9242 0.799999
    endloop
  endfacet
  facet normal 0.740431 0.672132 0
    outer loop
      vertex 12.8202 3.9242 0
      vertex 12.8697 3.86967 0.799999
      vertex 12.8697 3.86967 0
    endloop
  endfacet
  facet normal 0.85796 -0.513716 0
    outer loop
      vertex 12.7386 4.75355 0.799999
      vertex 12.7764 4.81668 0
      vertex 12.7764 4.81668 0.799999
    endloop
  endfacet
  facet normal 0.85796 -0.513716 0
    outer loop
      vertex 12.7764 4.81668 0
      vertex 12.7386 4.75355 0.799999
      vertex 12.7386 4.75355 0
    endloop
  endfacet
  facet normal 0.989177 0.146726 0
    outer loop
      vertex 12.6644 4.25368 0.799999
      vertex 12.6536 4.32649 0
      vertex 12.6536 4.32649 0.799999
    endloop
  endfacet
  facet normal 0.989177 0.146726 0
    outer loop
      vertex 12.6536 4.32649 0
      vertex 12.6644 4.25368 0.799999
      vertex 12.6644 4.25368 0
    endloop
  endfacet
  facet normal -0.740493 -0.672064 0
    outer loop
      vertex 13.9798 4.87579 0
      vertex 13.9303 4.93033 0.799999
      vertex 13.9303 4.93033 0
    endloop
  endfacet
  facet normal -0.740493 -0.672064 0
    outer loop
      vertex 13.9303 4.93033 0.799999
      vertex 13.9798 4.87579 0
      vertex 13.9798 4.87579 0.799999
    endloop
  endfacet
  facet normal 0.513697 0.857972 -0
    outer loop
      vertex 13.0465 3.73856 0
      vertex 12.9833 3.7764 0.799999
      vertex 13.0465 3.73856 0.799999
    endloop
  endfacet
  facet normal 0.513697 0.857972 0
    outer loop
      vertex 12.9833 3.7764 0.799999
      vertex 13.0465 3.73856 0
      vertex 12.9833 3.7764 0
    endloop
  endfacet
  facet normal -0.85796 0.513716 0
    outer loop
      vertex 14.0236 3.98332 0
      vertex 14.0614 4.04645 0.799999
      vertex 14.0614 4.04645 0
    endloop
  endfacet
  facet normal -0.85796 0.513716 0
    outer loop
      vertex 14.0614 4.04645 0.799999
      vertex 14.0236 3.98332 0
      vertex 14.0236 3.98332 0.799999
    endloop
  endfacet
  facet normal 0.803461 -0.595358 0
    outer loop
      vertex 12.7764 4.81668 0.799999
      vertex 12.8202 4.87579 0
      vertex 12.8202 4.87579 0.799999
    endloop
  endfacet
  facet normal 0.803461 -0.595358 0
    outer loop
      vertex 12.8202 4.87579 0
      vertex 12.7764 4.81668 0.799999
      vertex 12.7764 4.81668 0
    endloop
  endfacet
  facet normal 0.671813 0.740721 -0
    outer loop
      vertex 12.9242 3.82024 0
      vertex 12.8697 3.86967 0.799999
      vertex 12.9242 3.82024 0.799999
    endloop
  endfacet
  facet normal 0.671813 0.740721 0
    outer loop
      vertex 12.8697 3.86967 0.799999
      vertex 12.9242 3.82024 0
      vertex 12.8697 3.86967 0
    endloop
  endfacet
  facet normal 0.336939 0.941527 -0
    outer loop
      vertex 13.1823 3.68229 0
      vertex 13.113 3.70709 0.799999
      vertex 13.1823 3.68229 0.799999
    endloop
  endfacet
  facet normal 0.336939 0.941527 0
    outer loop
      vertex 13.113 3.70709 0.799999
      vertex 13.1823 3.68229 0
      vertex 13.113 3.70709 0
    endloop
  endfacet
  facet normal 0.903837 -0.427876 0
    outer loop
      vertex 12.7071 4.68701 0.799999
      vertex 12.7386 4.75355 0
      vertex 12.7386 4.75355 0.799999
    endloop
  endfacet
  facet normal 0.903837 -0.427876 0
    outer loop
      vertex 12.7386 4.75355 0
      vertex 12.7071 4.68701 0.799999
      vertex 12.7071 4.68701 0
    endloop
  endfacet
  facet normal 0.0490565 0.998796 -0
    outer loop
      vertex 13.4 3.65 0
      vertex 13.3265 3.65361 0.799999
      vertex 13.4 3.65 0.799999
    endloop
  endfacet
  facet normal 0.0490565 0.998796 0
    outer loop
      vertex 13.3265 3.65361 0.799999
      vertex 13.4 3.65 0
      vertex 13.3265 3.65361 0
    endloop
  endfacet
  facet normal 0.998803 -0.0489143 0
    outer loop
      vertex 12.65 4.4 0.799999
      vertex 12.6536 4.47351 0
      vertex 12.6536 4.47351 0.799999
    endloop
  endfacet
  facet normal 0.998803 -0.0489143 0
    outer loop
      vertex 12.6536 4.47351 0
      vertex 12.65 4.4 0.799999
      vertex 12.65 4.4 0
    endloop
  endfacet
  facet normal -0.671813 0.740721 0
    outer loop
      vertex 13.9303 3.86967 0
      vertex 13.8758 3.82024 0.799999
      vertex 13.9303 3.86967 0.799999
    endloop
  endfacet
  facet normal -0.671813 0.740721 0
    outer loop
      vertex 13.8758 3.82024 0.799999
      vertex 13.9303 3.86967 0
      vertex 13.8758 3.82024 0
    endloop
  endfacet
  facet normal -0.989177 -0.146726 0
    outer loop
      vertex 29.3464 4.47351 0
      vertex 29.3356 4.54632 0.799999
      vertex 29.3356 4.54632 0
    endloop
  endfacet
  facet normal -0.989177 -0.146726 0
    outer loop
      vertex 29.3356 4.54632 0.799999
      vertex 29.3464 4.47351 0
      vertex 29.3464 4.47351 0.799999
    endloop
  endfacet
  facet normal -0.998803 -0.0489143 0
    outer loop
      vertex 29.35 4.4 0
      vertex 29.3464 4.47351 0.799999
      vertex 29.3464 4.47351 0
    endloop
  endfacet
  facet normal -0.998803 -0.0489143 0
    outer loop
      vertex 29.3464 4.47351 0.799999
      vertex 29.35 4.4 0
      vertex 29.35 4.4 0.799999
    endloop
  endfacet
  facet normal -0.969974 -0.243207 0
    outer loop
      vertex 29.3356 4.54632 0
      vertex 29.3177 4.61771 0.799999
      vertex 29.3177 4.61771 0
    endloop
  endfacet
  facet normal -0.969974 -0.243207 0
    outer loop
      vertex 29.3177 4.61771 0.799999
      vertex 29.3356 4.54632 0
      vertex 29.3356 4.54632 0.799999
    endloop
  endfacet
  facet normal -0.336939 0.941527 0
    outer loop
      vertex 28.887 3.70709 0
      vertex 28.8177 3.68229 0.799999
      vertex 28.887 3.70709 0.799999
    endloop
  endfacet
  facet normal -0.336939 0.941527 0
    outer loop
      vertex 28.8177 3.68229 0.799999
      vertex 28.887 3.70709 0
      vertex 28.8177 3.68229 0
    endloop
  endfacet
  facet normal -0.671813 -0.740721 0
    outer loop
      vertex 29.0758 4.97976 0
      vertex 29.1303 4.93033 0.799999
      vertex 29.0758 4.97976 0.799999
    endloop
  endfacet
  facet normal -0.671813 -0.740721 -0
    outer loop
      vertex 29.1303 4.93033 0.799999
      vertex 29.0758 4.97976 0
      vertex 29.1303 4.93033 0
    endloop
  endfacet
  facet normal 0.85796 -0.513716 0
    outer loop
      vertex 27.9386 4.75355 0.799999
      vertex 27.9764 4.81668 0
      vertex 27.9764 4.81668 0.799999
    endloop
  endfacet
  facet normal 0.85796 -0.513716 0
    outer loop
      vertex 27.9764 4.81668 0
      vertex 27.9386 4.75355 0.799999
      vertex 27.9386 4.75355 0
    endloop
  endfacet
  facet normal 0.146746 0.989174 -0
    outer loop
      vertex 28.5265 3.65361 0
      vertex 28.4537 3.66441 0.799999
      vertex 28.5265 3.65361 0.799999
    endloop
  endfacet
  facet normal 0.146746 0.989174 0
    outer loop
      vertex 28.4537 3.66441 0.799999
      vertex 28.5265 3.65361 0
      vertex 28.4537 3.66441 0
    endloop
  endfacet
  facet normal -0.941527 -0.336939 0
    outer loop
      vertex 29.3177 4.61771 0
      vertex 29.2929 4.68701 0.799999
      vertex 29.2929 4.68701 0
    endloop
  endfacet
  facet normal -0.941527 -0.336939 0
    outer loop
      vertex 29.2929 4.68701 0.799999
      vertex 29.3177 4.61771 0
      vertex 29.3177 4.61771 0.799999
    endloop
  endfacet
  facet normal 0.0490565 -0.998796 0
    outer loop
      vertex 28.5265 5.14639 0
      vertex 28.6 5.15 0.799999
      vertex 28.5265 5.14639 0.799999
    endloop
  endfacet
  facet normal 0.0490565 -0.998796 0
    outer loop
      vertex 28.6 5.15 0.799999
      vertex 28.5265 5.14639 0
      vertex 28.6 5.15 0
    endloop
  endfacet
  facet normal -0.0490565 0.998796 0
    outer loop
      vertex 28.6735 3.65361 0
      vertex 28.6 3.65 0.799999
      vertex 28.6735 3.65361 0.799999
    endloop
  endfacet
  facet normal -0.0490565 0.998796 0
    outer loop
      vertex 28.6 3.65 0.799999
      vertex 28.6735 3.65361 0
      vertex 28.6 3.65 0
    endloop
  endfacet
  facet normal 0.903837 0.427876 0
    outer loop
      vertex 27.9386 4.04645 0.799999
      vertex 27.9071 4.11299 0
      vertex 27.9071 4.11299 0.799999
    endloop
  endfacet
  facet normal 0.903837 0.427876 0
    outer loop
      vertex 27.9071 4.11299 0
      vertex 27.9386 4.04645 0.799999
      vertex 27.9386 4.04645 0
    endloop
  endfacet
  facet normal 0.595773 0.803153 -0
    outer loop
      vertex 28.1833 3.7764 0
      vertex 28.1242 3.82024 0.799999
      vertex 28.1833 3.7764 0.799999
    endloop
  endfacet
  facet normal 0.595773 0.803153 0
    outer loop
      vertex 28.1242 3.82024 0.799999
      vertex 28.1833 3.7764 0
      vertex 28.1242 3.82024 0
    endloop
  endfacet
  facet normal 0.803461 -0.595358 0
    outer loop
      vertex 27.9764 4.81668 0.799999
      vertex 28.0202 4.87579 0
      vertex 28.0202 4.87579 0.799999
    endloop
  endfacet
  facet normal 0.803461 -0.595358 0
    outer loop
      vertex 28.0202 4.87579 0
      vertex 27.9764 4.81668 0.799999
      vertex 27.9764 4.81668 0
    endloop
  endfacet
  facet normal -0.969974 0.243207 0
    outer loop
      vertex 29.3177 4.18229 0
      vertex 29.3356 4.25368 0.799999
      vertex 29.3356 4.25368 0
    endloop
  endfacet
  facet normal -0.969974 0.243207 0
    outer loop
      vertex 29.3356 4.25368 0.799999
      vertex 29.3177 4.18229 0
      vertex 29.3177 4.18229 0.799999
    endloop
  endfacet
  facet normal -0.513697 0.857972 0
    outer loop
      vertex 29.0167 3.7764 0
      vertex 28.9535 3.73856 0.799999
      vertex 29.0167 3.7764 0.799999
    endloop
  endfacet
  facet normal -0.513697 0.857972 0
    outer loop
      vertex 28.9535 3.73856 0.799999
      vertex 29.0167 3.7764 0
      vertex 28.9535 3.73856 0
    endloop
  endfacet
  facet normal -0.85796 -0.513716 0
    outer loop
      vertex 29.2614 4.75355 0
      vertex 29.2236 4.81668 0.799999
      vertex 29.2236 4.81668 0
    endloop
  endfacet
  facet normal -0.85796 -0.513716 0
    outer loop
      vertex 29.2236 4.81668 0.799999
      vertex 29.2614 4.75355 0
      vertex 29.2614 4.75355 0.799999
    endloop
  endfacet
  facet normal 0.998803 0.0489143 0
    outer loop
      vertex 27.8536 4.32649 0.799999
      vertex 27.85 4.4 0
      vertex 27.85 4.4 0.799999
    endloop
  endfacet
  facet normal 0.998803 0.0489143 0
    outer loop
      vertex 27.85 4.4 0
      vertex 27.8536 4.32649 0.799999
      vertex 27.8536 4.32649 0
    endloop
  endfacet
  facet normal -0.903837 -0.427876 0
    outer loop
      vertex 29.2929 4.68701 0
      vertex 29.2614 4.75355 0.799999
      vertex 29.2614 4.75355 0
    endloop
  endfacet
  facet normal -0.903837 -0.427876 0
    outer loop
      vertex 29.2614 4.75355 0.799999
      vertex 29.2929 4.68701 0
      vertex 29.2929 4.68701 0.799999
    endloop
  endfacet
  facet normal -0.941527 0.336939 0
    outer loop
      vertex 29.2929 4.11299 0
      vertex 29.3177 4.18229 0.799999
      vertex 29.3177 4.18229 0
    endloop
  endfacet
  facet normal -0.941527 0.336939 0
    outer loop
      vertex 29.3177 4.18229 0.799999
      vertex 29.2929 4.11299 0
      vertex 29.2929 4.11299 0.799999
    endloop
  endfacet
  facet normal 0.427753 0.903896 -0
    outer loop
      vertex 28.313 3.70709 0
      vertex 28.2465 3.73856 0.799999
      vertex 28.313 3.70709 0.799999
    endloop
  endfacet
  facet normal 0.427753 0.903896 0
    outer loop
      vertex 28.2465 3.73856 0.799999
      vertex 28.313 3.70709 0
      vertex 28.2465 3.73856 0
    endloop
  endfacet
  facet normal 0.969974 0.243207 0
    outer loop
      vertex 27.8823 4.18229 0.799999
      vertex 27.8644 4.25368 0
      vertex 27.8644 4.25368 0.799999
    endloop
  endfacet
  facet normal 0.969974 0.243207 0
    outer loop
      vertex 27.8644 4.25368 0
      vertex 27.8823 4.18229 0.799999
      vertex 27.8823 4.18229 0
    endloop
  endfacet
  facet normal 0.740493 -0.672064 0
    outer loop
      vertex 28.0202 4.87579 0.799999
      vertex 28.0697 4.93033 0
      vertex 28.0697 4.93033 0.799999
    endloop
  endfacet
  facet normal 0.740493 -0.672064 0
    outer loop
      vertex 28.0697 4.93033 0
      vertex 28.0202 4.87579 0.799999
      vertex 28.0202 4.87579 0
    endloop
  endfacet
  facet normal 0.242919 0.970047 -0
    outer loop
      vertex 28.4537 3.66441 0
      vertex 28.3823 3.68229 0.799999
      vertex 28.4537 3.66441 0.799999
    endloop
  endfacet
  facet normal 0.242919 0.970047 0
    outer loop
      vertex 28.3823 3.68229 0.799999
      vertex 28.4537 3.66441 0
      vertex 28.3823 3.68229 0
    endloop
  endfacet
  facet normal 0.513697 -0.857972 0
    outer loop
      vertex 28.1833 5.0236 0
      vertex 28.2465 5.06144 0.799999
      vertex 28.1833 5.0236 0.799999
    endloop
  endfacet
  facet normal 0.513697 -0.857972 0
    outer loop
      vertex 28.2465 5.06144 0.799999
      vertex 28.1833 5.0236 0
      vertex 28.2465 5.06144 0
    endloop
  endfacet
  facet normal -0.803461 -0.595358 0
    outer loop
      vertex 29.2236 4.81668 0
      vertex 29.1798 4.87579 0.799999
      vertex 29.1798 4.87579 0
    endloop
  endfacet
  facet normal -0.803461 -0.595358 0
    outer loop
      vertex 29.1798 4.87579 0.799999
      vertex 29.2236 4.81668 0
      vertex 29.2236 4.81668 0.799999
    endloop
  endfacet
  facet normal 0.146746 -0.989174 0
    outer loop
      vertex 28.4537 5.13559 0
      vertex 28.5265 5.14639 0.799999
      vertex 28.4537 5.13559 0.799999
    endloop
  endfacet
  facet normal 0.146746 -0.989174 0
    outer loop
      vertex 28.5265 5.14639 0.799999
      vertex 28.4537 5.13559 0
      vertex 28.5265 5.14639 0
    endloop
  endfacet
  facet normal -0.427753 0.903896 0
    outer loop
      vertex 28.9535 3.73856 0
      vertex 28.887 3.70709 0.799999
      vertex 28.9535 3.73856 0.799999
    endloop
  endfacet
  facet normal -0.427753 0.903896 0
    outer loop
      vertex 28.887 3.70709 0.799999
      vertex 28.9535 3.73856 0
      vertex 28.887 3.70709 0
    endloop
  endfacet
  facet normal 0.671813 -0.740721 0
    outer loop
      vertex 28.0697 4.93033 0
      vertex 28.1242 4.97976 0.799999
      vertex 28.0697 4.93033 0.799999
    endloop
  endfacet
  facet normal 0.671813 -0.740721 0
    outer loop
      vertex 28.1242 4.97976 0.799999
      vertex 28.0697 4.93033 0
      vertex 28.1242 4.97976 0
    endloop
  endfacet
  facet normal -0.85796 0.513716 0
    outer loop
      vertex 29.2236 3.98332 0
      vertex 29.2614 4.04645 0.799999
      vertex 29.2614 4.04645 0
    endloop
  endfacet
  facet normal -0.85796 0.513716 0
    outer loop
      vertex 29.2614 4.04645 0.799999
      vertex 29.2236 3.98332 0
      vertex 29.2236 3.98332 0.799999
    endloop
  endfacet
  facet normal 0.595773 -0.803153 0
    outer loop
      vertex 28.1242 4.97976 0
      vertex 28.1833 5.0236 0.799999
      vertex 28.1242 4.97976 0.799999
    endloop
  endfacet
  facet normal 0.595773 -0.803153 0
    outer loop
      vertex 28.1833 5.0236 0.799999
      vertex 28.1242 4.97976 0
      vertex 28.1833 5.0236 0
    endloop
  endfacet
  facet normal -0.336818 -0.94157 0
    outer loop
      vertex 28.8177 5.1177 0
      vertex 28.887 5.09291 0.799999
      vertex 28.8177 5.1177 0.799999
    endloop
  endfacet
  facet normal -0.336818 -0.94157 -0
    outer loop
      vertex 28.887 5.09291 0.799999
      vertex 28.8177 5.1177 0
      vertex 28.887 5.09291 0
    endloop
  endfacet
  facet normal -0.998803 0.0489143 0
    outer loop
      vertex 29.3464 4.32649 0
      vertex 29.35 4.4 0.799999
      vertex 29.35 4.4 0
    endloop
  endfacet
  facet normal -0.998803 0.0489143 0
    outer loop
      vertex 29.35 4.4 0.799999
      vertex 29.3464 4.32649 0
      vertex 29.3464 4.32649 0.799999
    endloop
  endfacet
  facet normal 0.941527 0.336939 0
    outer loop
      vertex 27.9071 4.11299 0.799999
      vertex 27.8823 4.18229 0
      vertex 27.8823 4.18229 0.799999
    endloop
  endfacet
  facet normal 0.941527 0.336939 0
    outer loop
      vertex 27.8823 4.18229 0
      vertex 27.9071 4.11299 0.799999
      vertex 27.9071 4.11299 0
    endloop
  endfacet
  facet normal -0.513697 -0.857972 0
    outer loop
      vertex 28.9535 5.06144 0
      vertex 29.0167 5.0236 0.799999
      vertex 28.9535 5.06144 0.799999
    endloop
  endfacet
  facet normal -0.513697 -0.857972 -0
    outer loop
      vertex 29.0167 5.0236 0.799999
      vertex 28.9535 5.06144 0
      vertex 29.0167 5.0236 0
    endloop
  endfacet
  facet normal -0.595773 -0.803153 0
    outer loop
      vertex 29.0167 5.0236 0
      vertex 29.0758 4.97976 0.799999
      vertex 29.0167 5.0236 0.799999
    endloop
  endfacet
  facet normal -0.595773 -0.803153 -0
    outer loop
      vertex 29.0758 4.97976 0.799999
      vertex 29.0167 5.0236 0
      vertex 29.0758 4.97976 0
    endloop
  endfacet
  facet normal -0.146746 0.989174 0
    outer loop
      vertex 28.7463 3.66441 0
      vertex 28.6735 3.65361 0.799999
      vertex 28.7463 3.66441 0.799999
    endloop
  endfacet
  facet normal -0.146746 0.989174 0
    outer loop
      vertex 28.6735 3.65361 0.799999
      vertex 28.7463 3.66441 0
      vertex 28.6735 3.65361 0
    endloop
  endfacet
  facet normal -0.740431 0.672132 0
    outer loop
      vertex 29.1303 3.86967 0
      vertex 29.1798 3.9242 0.799999
      vertex 29.1798 3.9242 0
    endloop
  endfacet
  facet normal -0.740431 0.672132 0
    outer loop
      vertex 29.1798 3.9242 0.799999
      vertex 29.1303 3.86967 0
      vertex 29.1303 3.86967 0.799999
    endloop
  endfacet
  facet normal -0.803509 0.595293 0
    outer loop
      vertex 29.1798 3.9242 0
      vertex 29.2236 3.98332 0.799999
      vertex 29.2236 3.98332 0
    endloop
  endfacet
  facet normal -0.803509 0.595293 0
    outer loop
      vertex 29.2236 3.98332 0.799999
      vertex 29.1798 3.9242 0
      vertex 29.1798 3.9242 0.799999
    endloop
  endfacet
  facet normal -0.242919 0.970047 0
    outer loop
      vertex 28.8177 3.68229 0
      vertex 28.7463 3.66441 0.799999
      vertex 28.8177 3.68229 0.799999
    endloop
  endfacet
  facet normal -0.242919 0.970047 0
    outer loop
      vertex 28.7463 3.66441 0.799999
      vertex 28.8177 3.68229 0
      vertex 28.7463 3.66441 0
    endloop
  endfacet
  facet normal -0.903837 0.427876 0
    outer loop
      vertex 29.2614 4.04645 0
      vertex 29.2929 4.11299 0.799999
      vertex 29.2929 4.11299 0
    endloop
  endfacet
  facet normal -0.903837 0.427876 0
    outer loop
      vertex 29.2929 4.11299 0.799999
      vertex 29.2614 4.04645 0
      vertex 29.2614 4.04645 0.799999
    endloop
  endfacet
  facet normal 0.243047 -0.970015 0
    outer loop
      vertex 28.3823 5.1177 0
      vertex 28.4537 5.13559 0.799999
      vertex 28.3823 5.1177 0.799999
    endloop
  endfacet
  facet normal 0.243047 -0.970015 0
    outer loop
      vertex 28.4537 5.13559 0.799999
      vertex 28.3823 5.1177 0
      vertex 28.4537 5.13559 0
    endloop
  endfacet
  facet normal 0.941527 -0.336939 0
    outer loop
      vertex 27.8823 4.61771 0.799999
      vertex 27.9071 4.68701 0
      vertex 27.9071 4.68701 0.799999
    endloop
  endfacet
  facet normal 0.941527 -0.336939 0
    outer loop
      vertex 27.9071 4.68701 0
      vertex 27.8823 4.61771 0.799999
      vertex 27.8823 4.61771 0
    endloop
  endfacet
  facet normal 0.427753 -0.903896 0
    outer loop
      vertex 28.2465 5.06144 0
      vertex 28.313 5.09291 0.799999
      vertex 28.2465 5.06144 0.799999
    endloop
  endfacet
  facet normal 0.427753 -0.903896 0
    outer loop
      vertex 28.313 5.09291 0.799999
      vertex 28.2465 5.06144 0
      vertex 28.313 5.09291 0
    endloop
  endfacet
  facet normal 0.989177 -0.146726 0
    outer loop
      vertex 27.8536 4.47351 0.799999
      vertex 27.8644 4.54632 0
      vertex 27.8644 4.54632 0.799999
    endloop
  endfacet
  facet normal 0.989177 -0.146726 0
    outer loop
      vertex 27.8644 4.54632 0
      vertex 27.8536 4.47351 0.799999
      vertex 27.8536 4.47351 0
    endloop
  endfacet
  facet normal 0.969974 -0.243207 0
    outer loop
      vertex 27.8644 4.54632 0.799999
      vertex 27.8823 4.61771 0
      vertex 27.8823 4.61771 0.799999
    endloop
  endfacet
  facet normal 0.969974 -0.243207 0
    outer loop
      vertex 27.8823 4.61771 0
      vertex 27.8644 4.54632 0.799999
      vertex 27.8644 4.54632 0
    endloop
  endfacet
  facet normal -0.427753 -0.903896 0
    outer loop
      vertex 28.887 5.09291 0
      vertex 28.9535 5.06144 0.799999
      vertex 28.887 5.09291 0.799999
    endloop
  endfacet
  facet normal -0.427753 -0.903896 -0
    outer loop
      vertex 28.9535 5.06144 0.799999
      vertex 28.887 5.09291 0
      vertex 28.9535 5.06144 0
    endloop
  endfacet
  facet normal -0.989177 0.146726 0
    outer loop
      vertex 29.3356 4.25368 0
      vertex 29.3464 4.32649 0.799999
      vertex 29.3464 4.32649 0
    endloop
  endfacet
  facet normal -0.989177 0.146726 0
    outer loop
      vertex 29.3464 4.32649 0.799999
      vertex 29.3356 4.25368 0
      vertex 29.3356 4.25368 0.799999
    endloop
  endfacet
  facet normal -0.146746 -0.989174 0
    outer loop
      vertex 28.6735 5.14639 0
      vertex 28.7463 5.13559 0.799999
      vertex 28.6735 5.14639 0.799999
    endloop
  endfacet
  facet normal -0.146746 -0.989174 -0
    outer loop
      vertex 28.7463 5.13559 0.799999
      vertex 28.6735 5.14639 0
      vertex 28.7463 5.13559 0
    endloop
  endfacet
  facet normal -0.0490565 -0.998796 0
    outer loop
      vertex 28.6 5.15 0
      vertex 28.6735 5.14639 0.799999
      vertex 28.6 5.15 0.799999
    endloop
  endfacet
  facet normal -0.0490565 -0.998796 -0
    outer loop
      vertex 28.6735 5.14639 0.799999
      vertex 28.6 5.15 0
      vertex 28.6735 5.14639 0
    endloop
  endfacet
  facet normal 0.740431 0.672132 0
    outer loop
      vertex 28.0697 3.86967 0.799999
      vertex 28.0202 3.9242 0
      vertex 28.0202 3.9242 0.799999
    endloop
  endfacet
  facet normal 0.740431 0.672132 0
    outer loop
      vertex 28.0202 3.9242 0
      vertex 28.0697 3.86967 0.799999
      vertex 28.0697 3.86967 0
    endloop
  endfacet
  facet normal 0.85796 0.513716 0
    outer loop
      vertex 27.9764 3.98332 0.799999
      vertex 27.9386 4.04645 0
      vertex 27.9386 4.04645 0.799999
    endloop
  endfacet
  facet normal 0.85796 0.513716 0
    outer loop
      vertex 27.9386 4.04645 0
      vertex 27.9764 3.98332 0.799999
      vertex 27.9764 3.98332 0
    endloop
  endfacet
  facet normal 0.336818 -0.94157 0
    outer loop
      vertex 28.313 5.09291 0
      vertex 28.3823 5.1177 0.799999
      vertex 28.313 5.09291 0.799999
    endloop
  endfacet
  facet normal 0.336818 -0.94157 0
    outer loop
      vertex 28.3823 5.1177 0.799999
      vertex 28.313 5.09291 0
      vertex 28.3823 5.1177 0
    endloop
  endfacet
  facet normal 0.513697 0.857972 -0
    outer loop
      vertex 28.2465 3.73856 0
      vertex 28.1833 3.7764 0.799999
      vertex 28.2465 3.73856 0.799999
    endloop
  endfacet
  facet normal 0.513697 0.857972 0
    outer loop
      vertex 28.1833 3.7764 0.799999
      vertex 28.2465 3.73856 0
      vertex 28.1833 3.7764 0
    endloop
  endfacet
  facet normal -0.595773 0.803153 0
    outer loop
      vertex 29.0758 3.82024 0
      vertex 29.0167 3.7764 0.799999
      vertex 29.0758 3.82024 0.799999
    endloop
  endfacet
  facet normal -0.595773 0.803153 0
    outer loop
      vertex 29.0167 3.7764 0.799999
      vertex 29.0758 3.82024 0
      vertex 29.0167 3.7764 0
    endloop
  endfacet
  facet normal 0.903837 -0.427876 0
    outer loop
      vertex 27.9071 4.68701 0.799999
      vertex 27.9386 4.75355 0
      vertex 27.9386 4.75355 0.799999
    endloop
  endfacet
  facet normal 0.903837 -0.427876 0
    outer loop
      vertex 27.9386 4.75355 0
      vertex 27.9071 4.68701 0.799999
      vertex 27.9071 4.68701 0
    endloop
  endfacet
  facet normal 0.336939 0.941527 -0
    outer loop
      vertex 28.3823 3.68229 0
      vertex 28.313 3.70709 0.799999
      vertex 28.3823 3.68229 0.799999
    endloop
  endfacet
  facet normal 0.336939 0.941527 0
    outer loop
      vertex 28.313 3.70709 0.799999
      vertex 28.3823 3.68229 0
      vertex 28.313 3.70709 0
    endloop
  endfacet
  facet normal 0.803509 0.595293 0
    outer loop
      vertex 28.0202 3.9242 0.799999
      vertex 27.9764 3.98332 0
      vertex 27.9764 3.98332 0.799999
    endloop
  endfacet
  facet normal 0.803509 0.595293 0
    outer loop
      vertex 27.9764 3.98332 0
      vertex 28.0202 3.9242 0.799999
      vertex 28.0202 3.9242 0
    endloop
  endfacet
  facet normal 0.989177 0.146726 0
    outer loop
      vertex 27.8644 4.25368 0.799999
      vertex 27.8536 4.32649 0
      vertex 27.8536 4.32649 0.799999
    endloop
  endfacet
  facet normal 0.989177 0.146726 0
    outer loop
      vertex 27.8536 4.32649 0
      vertex 27.8644 4.25368 0.799999
      vertex 27.8644 4.25368 0
    endloop
  endfacet
  facet normal -0.740493 -0.672064 0
    outer loop
      vertex 29.1798 4.87579 0
      vertex 29.1303 4.93033 0.799999
      vertex 29.1303 4.93033 0
    endloop
  endfacet
  facet normal -0.740493 -0.672064 0
    outer loop
      vertex 29.1303 4.93033 0.799999
      vertex 29.1798 4.87579 0
      vertex 29.1798 4.87579 0.799999
    endloop
  endfacet
  facet normal -0.243047 -0.970015 0
    outer loop
      vertex 28.7463 5.13559 0
      vertex 28.8177 5.1177 0.799999
      vertex 28.7463 5.13559 0.799999
    endloop
  endfacet
  facet normal -0.243047 -0.970015 -0
    outer loop
      vertex 28.8177 5.1177 0.799999
      vertex 28.7463 5.13559 0
      vertex 28.8177 5.1177 0
    endloop
  endfacet
  facet normal 0.671813 0.740721 -0
    outer loop
      vertex 28.1242 3.82024 0
      vertex 28.0697 3.86967 0.799999
      vertex 28.1242 3.82024 0.799999
    endloop
  endfacet
  facet normal 0.671813 0.740721 0
    outer loop
      vertex 28.0697 3.86967 0.799999
      vertex 28.1242 3.82024 0
      vertex 28.0697 3.86967 0
    endloop
  endfacet
  facet normal 0.0490565 0.998796 -0
    outer loop
      vertex 28.6 3.65 0
      vertex 28.5265 3.65361 0.799999
      vertex 28.6 3.65 0.799999
    endloop
  endfacet
  facet normal 0.0490565 0.998796 0
    outer loop
      vertex 28.5265 3.65361 0.799999
      vertex 28.6 3.65 0
      vertex 28.5265 3.65361 0
    endloop
  endfacet
  facet normal 0.998803 -0.0489143 0
    outer loop
      vertex 27.85 4.4 0.799999
      vertex 27.8536 4.47351 0
      vertex 27.8536 4.47351 0.799999
    endloop
  endfacet
  facet normal 0.998803 -0.0489143 0
    outer loop
      vertex 27.8536 4.47351 0
      vertex 27.85 4.4 0.799999
      vertex 27.85 4.4 0
    endloop
  endfacet
  facet normal -0.671813 0.740721 0
    outer loop
      vertex 29.1303 3.86967 0
      vertex 29.0758 3.82024 0.799999
      vertex 29.1303 3.86967 0.799999
    endloop
  endfacet
  facet normal -0.671813 0.740721 0
    outer loop
      vertex 29.0758 3.82024 0.799999
      vertex 29.1303 3.86967 0
      vertex 29.0758 3.82024 0
    endloop
  endfacet
  facet normal -1 0 0
    outer loop
      vertex 31.6 2.4 0.799999
      vertex 31.6 20.1 2
      vertex 31.6 20.1 0.799999
    endloop
  endfacet
  facet normal -1 -0 0
    outer loop
      vertex 31.6 20.1 2
      vertex 31.6 2.4 0.799999
      vertex 31.6 2.4 2
    endloop
  endfacet
  facet normal -0 0 1
    outer loop
      vertex 29.2236 4.81668 0.799999
      vertex 31.6 2.4 0.799999
      vertex 31.6 20.1 0.799999
    endloop
  endfacet
  facet normal 0 0 1
    outer loop
      vertex 31.6 2.4 0.799999
      vertex 29.3464 4.47351 0.799999
      vertex 29.35 4.4 0.799999
    endloop
  endfacet
  facet normal 0 0 1
    outer loop
      vertex 31.6 2.4 0.799999
      vertex 29.3356 4.54632 0.799999
      vertex 29.3464 4.47351 0.799999
    endloop
  endfacet
  facet normal 0 0 1
    outer loop
      vertex 31.6 2.4 0.799999
      vertex 29.3177 4.61771 0.799999
      vertex 29.3356 4.54632 0.799999
    endloop
  endfacet
  facet normal 0 0 1
    outer loop
      vertex 31.6 2.4 0.799999
      vertex 29.2929 4.68701 0.799999
      vertex 29.3177 4.61771 0.799999
    endloop
  endfacet
  facet normal 0 0 1
    outer loop
      vertex 31.6 2.4 0.799999
      vertex 29.2614 4.75355 0.799999
      vertex 29.2929 4.68701 0.799999
    endloop
  endfacet
  facet normal 0 0 1
    outer loop
      vertex 31.6 2.4 0.799999
      vertex 29.2236 4.81668 0.799999
      vertex 29.2614 4.75355 0.799999
    endloop
  endfacet
  facet normal 0 0 1
    outer loop
      vertex 31.6 20.1 0.799999
      vertex 29.1798 4.87579 0.799999
      vertex 29.2236 4.81668 0.799999
    endloop
  endfacet
  facet normal 0 0 1
    outer loop
      vertex 31.6 20.1 0.799999
      vertex 29.1303 4.93033 0.799999
      vertex 29.1798 4.87579 0.799999
    endloop
  endfacet
  facet normal 0 0 1
    outer loop
      vertex 31.6 20.1 0.799999
      vertex 29.0758 4.97976 0.799999
      vertex 29.1303 4.93033 0.799999
    endloop
  endfacet
  facet normal 0 0 1
    outer loop
      vertex 31.6 20.1 0.799999
      vertex 29.0167 5.0236 0.799999
      vertex 29.0758 4.97976 0.799999
    endloop
  endfacet
  facet normal 0 0 1
    outer loop
      vertex 31.6 20.1 0.799999
      vertex 28.9535 5.06144 0.799999
      vertex 29.0167 5.0236 0.799999
    endloop
  endfacet
  facet normal 0 0 1
    outer loop
      vertex 31.6 20.1 0.799999
      vertex 28.887 5.09291 0.799999
      vertex 28.9535 5.06144 0.799999
    endloop
  endfacet
  facet normal 0 0 1
    outer loop
      vertex 31.6 20.1 0.799999
      vertex 28.8177 5.1177 0.799999
      vertex 28.887 5.09291 0.799999
    endloop
  endfacet
  facet normal 0 0 1
    outer loop
      vertex 31.6 20.1 0.799999
      vertex 28.7463 5.13559 0.799999
      vertex 28.8177 5.1177 0.799999
    endloop
  endfacet
  facet normal 0 0 1
    outer loop
      vertex 31.6 20.1 0.799999
      vertex 28.6735 5.14639 0.799999
      vertex 28.7463 5.13559 0.799999
    endloop
  endfacet
  facet normal 0 0 1
    outer loop
      vertex 31.6 20.1 0.799999
      vertex 28.6 5.15 0.799999
      vertex 28.6735 5.14639 0.799999
    endloop
  endfacet
  facet normal 0 0 1
    outer loop
      vertex 31.6 20.1 0.799999
      vertex 28.5265 5.14639 0.799999
      vertex 28.6 5.15 0.799999
    endloop
  endfacet
  facet normal 0 0 1
    outer loop
      vertex 31.6 20.1 0.799999
      vertex 28.4537 5.13559 0.799999
      vertex 28.5265 5.14639 0.799999
    endloop
  endfacet
  facet normal 0 0 1
    outer loop
      vertex 31.6 20.1 0.799999
      vertex 28.3823 5.1177 0.799999
      vertex 28.4537 5.13559 0.799999
    endloop
  endfacet
  facet normal 0 0 1
    outer loop
      vertex 31.6 20.1 0.799999
      vertex 28.313 5.09291 0.799999
      vertex 28.3823 5.1177 0.799999
    endloop
  endfacet
  facet normal 0 0 1
    outer loop
      vertex 31.6 20.1 0.799999
      vertex 28.2465 5.06144 0.799999
      vertex 28.313 5.09291 0.799999
    endloop
  endfacet
  facet normal 0 0 1
    outer loop
      vertex 31.6 20.1 0.799999
      vertex 28.1833 5.0236 0.799999
      vertex 28.2465 5.06144 0.799999
    endloop
  endfacet
  facet normal 0 0 1
    outer loop
      vertex 31.6 20.1 0.799999
      vertex 28.1242 4.97976 0.799999
      vertex 28.1833 5.0236 0.799999
    endloop
  endfacet
  facet normal 0 0 1
    outer loop
      vertex 13.8758 4.97976 0.799999
      vertex 28.1242 4.97976 0.799999
      vertex 31.6 20.1 0.799999
    endloop
  endfacet
  facet normal 0 0 1
    outer loop
      vertex 28.1242 4.97976 0.799999
      vertex 13.8758 4.97976 0.799999
      vertex 28.0697 4.93033 0.799999
    endloop
  endfacet
  facet normal 0 -0 1
    outer loop
      vertex 13.9303 4.93033 0.799999
      vertex 28.0697 4.93033 0.799999
      vertex 13.8758 4.97976 0.799999
    endloop
  endfacet
  facet normal 0 0 1
    outer loop
      vertex 28.0697 4.93033 0.799999
      vertex 13.9303 4.93033 0.799999
      vertex 28.0202 4.87579 0.799999
    endloop
  endfacet
  facet normal 0 -0 1
    outer loop
      vertex 13.9798 4.87579 0.799999
      vertex 28.0202 4.87579 0.799999
      vertex 13.9303 4.93033 0.799999
    endloop
  endfacet
  facet normal 0 0 1
    outer loop
      vertex 28.0202 4.87579 0.799999
      vertex 13.9798 4.87579 0.799999
      vertex 27.9764 4.81668 0.799999
    endloop
  endfacet
  facet normal 0 -0 1
    outer loop
      vertex 14.0236 4.81668 0.799999
      vertex 27.9764 4.81668 0.799999
      vertex 13.9798 4.87579 0.799999
    endloop
  endfacet
  facet normal 0 0 1
    outer loop
      vertex 27.8536 4.47351 0.799999
      vertex 26 2.4 0.799999
      vertex 27.85 4.4 0.799999
    endloop
  endfacet
  facet normal 0 0 1
    outer loop
      vertex 27.8644 4.54632 0.799999
      vertex 26 2.4 0.799999
      vertex 27.8536 4.47351 0.799999
    endloop
  endfacet
  facet normal 0 0 1
    outer loop
      vertex 27.9764 4.81668 0.799999
      vertex 14.0236 4.81668 0.799999
      vertex 27.9386 4.75355 0.799999
    endloop
  endfacet
  facet normal 0 0 1
    outer loop
      vertex 26 2.4 0.799999
      vertex 16 2.4 0.799999
      vertex 26 0 0.799999
    endloop
  endfacet
  facet normal 0 -0 1
    outer loop
      vertex 26 2.4 0.799999
      vertex 27.9386 4.75355 0.799999
      vertex 14.0614 4.75355 0.799999
    endloop
  endfacet
  facet normal 0 0 1
    outer loop
      vertex 27.8823 4.61771 0.799999
      vertex 26 2.4 0.799999
      vertex 27.8644 4.54632 0.799999
    endloop
  endfacet
  facet normal 0 0 1
    outer loop
      vertex 16 2.4 0.799999
      vertex 14.1464 4.47351 0.799999
      vertex 14.15 4.4 0.799999
    endloop
  endfacet
  facet normal 0 0 1
    outer loop
      vertex 16 2.4 0.799999
      vertex 14.1356 4.54632 0.799999
      vertex 14.1464 4.47351 0.799999
    endloop
  endfacet
  facet normal 0 0 1
    outer loop
      vertex 16 2.4 0.799999
      vertex 14.1177 4.61771 0.799999
      vertex 14.1356 4.54632 0.799999
    endloop
  endfacet
  facet normal 0 0 1
    outer loop
      vertex 16 2.4 0.799999
      vertex 14.0929 4.68701 0.799999
      vertex 14.1177 4.61771 0.799999
    endloop
  endfacet
  facet normal 0 0 1
    outer loop
      vertex 16 2.4 0.799999
      vertex 14.0614 4.75355 0.799999
      vertex 14.0929 4.68701 0.799999
    endloop
  endfacet
  facet normal 0 0 1
    outer loop
      vertex 26 2.4 0.799999
      vertex 14.0614 4.75355 0.799999
      vertex 16 2.4 0.799999
    endloop
  endfacet
  facet normal 0 0 1
    outer loop
      vertex 27.9071 4.68701 0.799999
      vertex 26 2.4 0.799999
      vertex 27.8823 4.61771 0.799999
    endloop
  endfacet
  facet normal 0 0 1
    outer loop
      vertex 27.9386 4.75355 0.799999
      vertex 26 2.4 0.799999
      vertex 27.9071 4.68701 0.799999
    endloop
  endfacet
  facet normal 0 -0 1
    outer loop
      vertex 14.0614 4.75355 0.799999
      vertex 27.9386 4.75355 0.799999
      vertex 14.0236 4.81668 0.799999
    endloop
  endfacet
  facet normal 0 0 1
    outer loop
      vertex 31.6 20.1 0.799999
      vertex 13.8167 5.0236 0.799999
      vertex 13.8758 4.97976 0.799999
    endloop
  endfacet
  facet normal -0 0 1
    outer loop
      vertex 10.4 20.1 0.799999
      vertex 13.8167 5.0236 0.799999
      vertex 31.6 20.1 0.799999
    endloop
  endfacet
  facet normal 0 0 1
    outer loop
      vertex 13.8167 5.0236 0.799999
      vertex 10.4 20.1 0.799999
      vertex 13.7535 5.06144 0.799999
    endloop
  endfacet
  facet normal 0 0 1
    outer loop
      vertex 13.7535 5.06144 0.799999
      vertex 10.4 20.1 0.799999
      vertex 13.687 5.09291 0.799999
    endloop
  endfacet
  facet normal 0 0 1
    outer loop
      vertex 13.687 5.09291 0.799999
      vertex 10.4 20.1 0.799999
      vertex 13.6177 5.1177 0.799999
    endloop
  endfacet
  facet normal 0 0 1
    outer loop
      vertex 13.6177 5.1177 0.799999
      vertex 10.4 20.1 0.799999
      vertex 13.5463 5.13559 0.799999
    endloop
  endfacet
  facet normal 0 0 1
    outer loop
      vertex 13.5463 5.13559 0.799999
      vertex 10.4 20.1 0.799999
      vertex 13.4735 5.14639 0.799999
    endloop
  endfacet
  facet normal 0 0 1
    outer loop
      vertex 13.4735 5.14639 0.799999
      vertex 10.4 20.1 0.799999
      vertex 13.4 5.15 0.799999
    endloop
  endfacet
  facet normal 0 0 1
    outer loop
      vertex 13.4 5.15 0.799999
      vertex 10.4 20.1 0.799999
      vertex 13.3265 5.14639 0.799999
    endloop
  endfacet
  facet normal 0 0 1
    outer loop
      vertex 13.3265 5.14639 0.799999
      vertex 10.4 20.1 0.799999
      vertex 13.2537 5.13559 0.799999
    endloop
  endfacet
  facet normal 0 0 1
    outer loop
      vertex 13.2537 5.13559 0.799999
      vertex 10.4 20.1 0.799999
      vertex 13.1823 5.1177 0.799999
    endloop
  endfacet
  facet normal 0 0 1
    outer loop
      vertex 13.1823 5.1177 0.799999
      vertex 10.4 20.1 0.799999
      vertex 13.113 5.09291 0.799999
    endloop
  endfacet
  facet normal 0 0 1
    outer loop
      vertex 13.113 5.09291 0.799999
      vertex 10.4 20.1 0.799999
      vertex 13.0465 5.06144 0.799999
    endloop
  endfacet
  facet normal 0 0 1
    outer loop
      vertex 13.0465 5.06144 0.799999
      vertex 10.4 20.1 0.799999
      vertex 12.9833 5.0236 0.799999
    endloop
  endfacet
  facet normal 0 0 1
    outer loop
      vertex 12.6644 4.54632 0.799999
      vertex 10.4 2.4 0.799999
      vertex 12.6536 4.47351 0.799999
    endloop
  endfacet
  facet normal 0 0 1
    outer loop
      vertex 12.6823 4.61771 0.799999
      vertex 10.4 2.4 0.799999
      vertex 12.6644 4.54632 0.799999
    endloop
  endfacet
  facet normal 0 0 1
    outer loop
      vertex 12.7071 4.68701 0.799999
      vertex 10.4 2.4 0.799999
      vertex 12.6823 4.61771 0.799999
    endloop
  endfacet
  facet normal 0 0 1
    outer loop
      vertex 12.7386 4.75355 0.799999
      vertex 10.4 2.4 0.799999
      vertex 12.7071 4.68701 0.799999
    endloop
  endfacet
  facet normal 0 0 1
    outer loop
      vertex 12.7764 4.81668 0.799999
      vertex 10.4 2.4 0.799999
      vertex 12.7386 4.75355 0.799999
    endloop
  endfacet
  facet normal 0 0 1
    outer loop
      vertex 10.4 2.4 0.799999
      vertex 12.7764 4.81668 0.799999
      vertex 10.4 20.1 0.799999
    endloop
  endfacet
  facet normal 0 0 1
    outer loop
      vertex 12.8202 4.87579 0.799999
      vertex 10.4 20.1 0.799999
      vertex 12.7764 4.81668 0.799999
    endloop
  endfacet
  facet normal 0 0 1
    outer loop
      vertex 12.8697 4.93033 0.799999
      vertex 10.4 20.1 0.799999
      vertex 12.8202 4.87579 0.799999
    endloop
  endfacet
  facet normal 0 0 1
    outer loop
      vertex 12.9242 4.97976 0.799999
      vertex 10.4 20.1 0.799999
      vertex 12.8697 4.93033 0.799999
    endloop
  endfacet
  facet normal 0 0 1
    outer loop
      vertex 12.9833 5.0236 0.799999
      vertex 10.4 20.1 0.799999
      vertex 12.9242 4.97976 0.799999
    endloop
  endfacet
  facet normal -0 0 1
    outer loop
      vertex 29.3464 4.32649 0.799999
      vertex 31.6 2.4 0.799999
      vertex 29.35 4.4 0.799999
    endloop
  endfacet
  facet normal -0 0 1
    outer loop
      vertex 29.3356 4.25368 0.799999
      vertex 31.6 2.4 0.799999
      vertex 29.3464 4.32649 0.799999
    endloop
  endfacet
  facet normal -0 0 1
    outer loop
      vertex 29.3177 4.18229 0.799999
      vertex 31.6 2.4 0.799999
      vertex 29.3356 4.25368 0.799999
    endloop
  endfacet
  facet normal -0 0 1
    outer loop
      vertex 29.2929 4.11299 0.799999
      vertex 31.6 2.4 0.799999
      vertex 29.3177 4.18229 0.799999
    endloop
  endfacet
  facet normal -0 0 1
    outer loop
      vertex 29.2614 4.04645 0.799999
      vertex 31.6 2.4 0.799999
      vertex 29.2929 4.11299 0.799999
    endloop
  endfacet
  facet normal -0 0 1
    outer loop
      vertex 29.2236 3.98332 0.799999
      vertex 31.6 2.4 0.799999
      vertex 29.2614 4.04645 0.799999
    endloop
  endfacet
  facet normal -0 0 1
    outer loop
      vertex 29.1798 3.9242 0.799999
      vertex 31.6 2.4 0.799999
      vertex 29.2236 3.98332 0.799999
    endloop
  endfacet
  facet normal -0 0 1
    outer loop
      vertex 29.1303 3.86967 0.799999
      vertex 31.6 2.4 0.799999
      vertex 29.1798 3.9242 0.799999
    endloop
  endfacet
  facet normal -0 0 1
    outer loop
      vertex 29.0758 3.82024 0.799999
      vertex 31.6 2.4 0.799999
      vertex 29.1303 3.86967 0.799999
    endloop
  endfacet
  facet normal -0 0 1
    outer loop
      vertex 29.0167 3.7764 0.799999
      vertex 31.6 2.4 0.799999
      vertex 29.0758 3.82024 0.799999
    endloop
  endfacet
  facet normal -0 0 1
    outer loop
      vertex 28.9535 3.73856 0.799999
      vertex 31.6 2.4 0.799999
      vertex 29.0167 3.7764 0.799999
    endloop
  endfacet
  facet normal -0 0 1
    outer loop
      vertex 28.887 3.70709 0.799999
      vertex 31.6 2.4 0.799999
      vertex 28.9535 3.73856 0.799999
    endloop
  endfacet
  facet normal -0 0 1
    outer loop
      vertex 28.8177 3.68229 0.799999
      vertex 31.6 2.4 0.799999
      vertex 28.887 3.70709 0.799999
    endloop
  endfacet
  facet normal -0 0 1
    outer loop
      vertex 28.7463 3.66441 0.799999
      vertex 31.6 2.4 0.799999
      vertex 28.8177 3.68229 0.799999
    endloop
  endfacet
  facet normal -0 0 1
    outer loop
      vertex 28.6735 3.65361 0.799999
      vertex 31.6 2.4 0.799999
      vertex 28.7463 3.66441 0.799999
    endloop
  endfacet
  facet normal -0 0 1
    outer loop
      vertex 28.6 3.65 0.799999
      vertex 31.6 2.4 0.799999
      vertex 28.6735 3.65361 0.799999
    endloop
  endfacet
  facet normal 0 0 1
    outer loop
      vertex 26 2.4 0.799999
      vertex 28.6 3.65 0.799999
      vertex 28.5265 3.65361 0.799999
    endloop
  endfacet
  facet normal 0 0 1
    outer loop
      vertex 26 2.4 0.799999
      vertex 28.5265 3.65361 0.799999
      vertex 28.4537 3.66441 0.799999
    endloop
  endfacet
  facet normal 0 0 1
    outer loop
      vertex 26 2.4 0.799999
      vertex 28.4537 3.66441 0.799999
      vertex 28.3823 3.68229 0.799999
    endloop
  endfacet
  facet normal 0 0 1
    outer loop
      vertex 26 2.4 0.799999
      vertex 28.3823 3.68229 0.799999
      vertex 28.313 3.70709 0.799999
    endloop
  endfacet
  facet normal 0 0 1
    outer loop
      vertex 28.6 3.65 0.799999
      vertex 26 2.4 0.799999
      vertex 31.6 2.4 0.799999
    endloop
  endfacet
  facet normal 0 0 1
    outer loop
      vertex 28.2465 3.73856 0.799999
      vertex 26 2.4 0.799999
      vertex 28.313 3.70709 0.799999
    endloop
  endfacet
  facet normal 0 0 1
    outer loop
      vertex 28.1833 3.7764 0.799999
      vertex 26 2.4 0.799999
      vertex 28.2465 3.73856 0.799999
    endloop
  endfacet
  facet normal 0 0 1
    outer loop
      vertex 28.1242 3.82024 0.799999
      vertex 26 2.4 0.799999
      vertex 28.1833 3.7764 0.799999
    endloop
  endfacet
  facet normal 0 0 1
    outer loop
      vertex 28.0697 3.86967 0.799999
      vertex 26 2.4 0.799999
      vertex 28.1242 3.82024 0.799999
    endloop
  endfacet
  facet normal 0 0 1
    outer loop
      vertex 28.0202 3.9242 0.799999
      vertex 26 2.4 0.799999
      vertex 28.0697 3.86967 0.799999
    endloop
  endfacet
  facet normal 0 0 1
    outer loop
      vertex 27.9764 3.98332 0.799999
      vertex 26 2.4 0.799999
      vertex 28.0202 3.9242 0.799999
    endloop
  endfacet
  facet normal 0 0 1
    outer loop
      vertex 27.9386 4.04645 0.799999
      vertex 26 2.4 0.799999
      vertex 27.9764 3.98332 0.799999
    endloop
  endfacet
  facet normal 0 0 1
    outer loop
      vertex 27.9071 4.11299 0.799999
      vertex 26 2.4 0.799999
      vertex 27.9386 4.04645 0.799999
    endloop
  endfacet
  facet normal 0 0 1
    outer loop
      vertex 27.8823 4.18229 0.799999
      vertex 26 2.4 0.799999
      vertex 27.9071 4.11299 0.799999
    endloop
  endfacet
  facet normal 0 0 1
    outer loop
      vertex 27.8644 4.25368 0.799999
      vertex 26 2.4 0.799999
      vertex 27.8823 4.18229 0.799999
    endloop
  endfacet
  facet normal 0 0 1
    outer loop
      vertex 27.8536 4.32649 0.799999
      vertex 26 2.4 0.799999
      vertex 27.8644 4.25368 0.799999
    endloop
  endfacet
  facet normal 0 0 1
    outer loop
      vertex 26 2.4 0.799999
      vertex 27.8536 4.32649 0.799999
      vertex 27.85 4.4 0.799999
    endloop
  endfacet
  facet normal 0 0 1
    outer loop
      vertex 26 0 0.799999
      vertex 16 2.4 0.799999
      vertex 16 0 0.799999
    endloop
  endfacet
  facet normal -0 0 1
    outer loop
      vertex 14.1464 4.32649 0.799999
      vertex 16 2.4 0.799999
      vertex 14.15 4.4 0.799999
    endloop
  endfacet
  facet normal -0 0 1
    outer loop
      vertex 14.1356 4.25368 0.799999
      vertex 16 2.4 0.799999
      vertex 14.1464 4.32649 0.799999
    endloop
  endfacet
  facet normal -0 0 1
    outer loop
      vertex 14.1177 4.18229 0.799999
      vertex 16 2.4 0.799999
      vertex 14.1356 4.25368 0.799999
    endloop
  endfacet
  facet normal -0 0 1
    outer loop
      vertex 14.0929 4.11299 0.799999
      vertex 16 2.4 0.799999
      vertex 14.1177 4.18229 0.799999
    endloop
  endfacet
  facet normal -0 0 1
    outer loop
      vertex 14.0614 4.04645 0.799999
      vertex 16 2.4 0.799999
      vertex 14.0929 4.11299 0.799999
    endloop
  endfacet
  facet normal -0 0 1
    outer loop
      vertex 14.0236 3.98332 0.799999
      vertex 16 2.4 0.799999
      vertex 14.0614 4.04645 0.799999
    endloop
  endfacet
  facet normal -0 0 1
    outer loop
      vertex 13.9798 3.9242 0.799999
      vertex 16 2.4 0.799999
      vertex 14.0236 3.98332 0.799999
    endloop
  endfacet
  facet normal -0 0 1
    outer loop
      vertex 13.9303 3.86967 0.799999
      vertex 16 2.4 0.799999
      vertex 13.9798 3.9242 0.799999
    endloop
  endfacet
  facet normal -0 0 1
    outer loop
      vertex 13.8758 3.82024 0.799999
      vertex 16 2.4 0.799999
      vertex 13.9303 3.86967 0.799999
    endloop
  endfacet
  facet normal -0 0 1
    outer loop
      vertex 13.8167 3.7764 0.799999
      vertex 16 2.4 0.799999
      vertex 13.8758 3.82024 0.799999
    endloop
  endfacet
  facet normal -0 0 1
    outer loop
      vertex 13.7535 3.73856 0.799999
      vertex 16 2.4 0.799999
      vertex 13.8167 3.7764 0.799999
    endloop
  endfacet
  facet normal -0 0 1
    outer loop
      vertex 13.687 3.70709 0.799999
      vertex 16 2.4 0.799999
      vertex 13.7535 3.73856 0.799999
    endloop
  endfacet
  facet normal -0 0 1
    outer loop
      vertex 13.6177 3.68229 0.799999
      vertex 16 2.4 0.799999
      vertex 13.687 3.70709 0.799999
    endloop
  endfacet
  facet normal -0 0 1
    outer loop
      vertex 13.5463 3.66441 0.799999
      vertex 16 2.4 0.799999
      vertex 13.6177 3.68229 0.799999
    endloop
  endfacet
  facet normal -0 0 1
    outer loop
      vertex 13.4735 3.65361 0.799999
      vertex 16 2.4 0.799999
      vertex 13.5463 3.66441 0.799999
    endloop
  endfacet
  facet normal -0 0 1
    outer loop
      vertex 13.4 3.65 0.799999
      vertex 16 2.4 0.799999
      vertex 13.4735 3.65361 0.799999
    endloop
  endfacet
  facet normal 0 0 1
    outer loop
      vertex 13.3265 3.65361 0.799999
      vertex 16 2.4 0.799999
      vertex 13.4 3.65 0.799999
    endloop
  endfacet
  facet normal 0 0 1
    outer loop
      vertex 10.4 2.4 0.799999
      vertex 13.3265 3.65361 0.799999
      vertex 13.2537 3.66441 0.799999
    endloop
  endfacet
  facet normal 0 0 1
    outer loop
      vertex 10.4 2.4 0.799999
      vertex 13.2537 3.66441 0.799999
      vertex 13.1823 3.68229 0.799999
    endloop
  endfacet
  facet normal 0 0 1
    outer loop
      vertex 10.4 2.4 0.799999
      vertex 13.1823 3.68229 0.799999
      vertex 13.113 3.70709 0.799999
    endloop
  endfacet
  facet normal 0 0 1
    outer loop
      vertex 12.6536 4.47351 0.799999
      vertex 10.4 2.4 0.799999
      vertex 12.65 4.4 0.799999
    endloop
  endfacet
  facet normal 0 0 1
    outer loop
      vertex 13.3265 3.65361 0.799999
      vertex 10.4 2.4 0.799999
      vertex 16 2.4 0.799999
    endloop
  endfacet
  facet normal 0 0 1
    outer loop
      vertex 13.0465 3.73856 0.799999
      vertex 10.4 2.4 0.799999
      vertex 13.113 3.70709 0.799999
    endloop
  endfacet
  facet normal 0 0 1
    outer loop
      vertex 12.9833 3.7764 0.799999
      vertex 10.4 2.4 0.799999
      vertex 13.0465 3.73856 0.799999
    endloop
  endfacet
  facet normal 0 0 1
    outer loop
      vertex 12.9242 3.82024 0.799999
      vertex 10.4 2.4 0.799999
      vertex 12.9833 3.7764 0.799999
    endloop
  endfacet
  facet normal 0 0 1
    outer loop
      vertex 12.8697 3.86967 0.799999
      vertex 10.4 2.4 0.799999
      vertex 12.9242 3.82024 0.799999
    endloop
  endfacet
  facet normal 0 0 1
    outer loop
      vertex 12.8202 3.9242 0.799999
      vertex 10.4 2.4 0.799999
      vertex 12.8697 3.86967 0.799999
    endloop
  endfacet
  facet normal 0 0 1
    outer loop
      vertex 12.7764 3.98332 0.799999
      vertex 10.4 2.4 0.799999
      vertex 12.8202 3.9242 0.799999
    endloop
  endfacet
  facet normal 0 0 1
    outer loop
      vertex 12.7386 4.04645 0.799999
      vertex 10.4 2.4 0.799999
      vertex 12.7764 3.98332 0.799999
    endloop
  endfacet
  facet normal 0 0 1
    outer loop
      vertex 12.7071 4.11299 0.799999
      vertex 10.4 2.4 0.799999
      vertex 12.7386 4.04645 0.799999
    endloop
  endfacet
  facet normal 0 0 1
    outer loop
      vertex 12.6823 4.18229 0.799999
      vertex 10.4 2.4 0.799999
      vertex 12.7071 4.11299 0.799999
    endloop
  endfacet
  facet normal 0 0 1
    outer loop
      vertex 12.6644 4.25368 0.799999
      vertex 10.4 2.4 0.799999
      vertex 12.6823 4.18229 0.799999
    endloop
  endfacet
  facet normal 0 0 1
    outer loop
      vertex 12.6536 4.32649 0.799999
      vertex 10.4 2.4 0.799999
      vertex 12.6644 4.25368 0.799999
    endloop
  endfacet
  facet normal 0 0 1
    outer loop
      vertex 12.65 4.4 0.799999
      vertex 10.4 2.4 0.799999
      vertex 12.6536 4.32649 0.799999
    endloop
  endfacet
  facet normal 1 -0 0
    outer loop
      vertex 10.4 2.4 2
      vertex 10.4 20.1 0.799999
      vertex 10.4 20.1 2
    endloop
  endfacet
  facet normal 1 0 0
    outer loop
      vertex 10.4 20.1 0.799999
      vertex 10.4 2.4 2
      vertex 10.4 2.4 0.799999
    endloop
  endfacet
  facet normal 0 -1 0
    outer loop
      vertex 10.4 20.1 0.799999
      vertex 31.6 20.1 2
      vertex 10.4 20.1 2
    endloop
  endfacet
  facet normal 0 -1 -0
    outer loop
      vertex 31.6 20.1 2
      vertex 10.4 20.1 0.799999
      vertex 31.6 20.1 0.799999
    endloop
  endfacet
  facet normal -1 0 0
    outer loop
      vertex 26 0 0.799999
      vertex 26 2.4 4.3
      vertex 26 2.4 0.799999
    endloop
  endfacet
  facet normal -1 -0 0
    outer loop
      vertex 26 2.4 4.3
      vertex 26 0 0.799999
      vertex 26 0 4.3
    endloop
  endfacet
  facet normal 0 0 -1
    outer loop
      vertex 16 0 4.3
      vertex 26 2.4 4.3
      vertex 26 0 4.3
    endloop
  endfacet
  facet normal -0 0 -1
    outer loop
      vertex 26 2.4 4.3
      vertex 16 0 4.3
      vertex 16 2.4 4.3
    endloop
  endfacet
  facet normal 1 -0 0
    outer loop
      vertex 16 0 4.3
      vertex 16 2.4 0.799999
      vertex 16 2.4 4.3
    endloop
  endfacet
  facet normal 1 0 0
    outer loop
      vertex 16 2.4 0.799999
      vertex 16 0 4.3
      vertex 16 0 0.799999
    endloop
  endfacet
  facet normal 0.336901 0.94154 -0
    outer loop
      vertex 60.8027 13.7945 0
      vertex 60.0635 14.059 2
      vertex 60.8027 13.7945 2
    endloop
  endfacet
  facet normal 0.336901 0.94154 0
    outer loop
      vertex 60.0635 14.059 2
      vertex 60.8027 13.7945 0
      vertex 60.0635 14.059 0
    endloop
  endfacet
  facet normal -0.989176 -0.146733 0
    outer loop
      vertex 71.0865 22.2341 0
      vertex 70.9713 23.0107 3
      vertex 70.9713 23.0107 0
    endloop
  endfacet
  facet normal -0.989176 -0.146733 0
    outer loop
      vertex 70.9713 23.0107 3
      vertex 71.0865 22.2341 0
      vertex 71.0865 22.2341 3
    endloop
  endfacet
  facet normal -0.998797 -0.0490418 0
    outer loop
      vertex 71.125 21.45 0
      vertex 71.0865 22.2341 3
      vertex 71.0865 22.2341 0
    endloop
  endfacet
  facet normal -0.998797 -0.0490418 0
    outer loop
      vertex 71.0865 22.2341 3
      vertex 71.125 21.45 0
      vertex 71.125 21.45 3
    endloop
  endfacet
  facet normal -0.970023 -0.243015 0
    outer loop
      vertex 70.9713 23.0107 0
      vertex 70.7805 23.7723 3
      vertex 70.7805 23.7723 0
    endloop
  endfacet
  facet normal -0.970023 -0.243015 0
    outer loop
      vertex 70.7805 23.7723 3
      vertex 70.9713 23.0107 0
      vertex 70.9713 23.0107 3
    endloop
  endfacet
  facet normal 0.989176 -0.146733 0
    outer loop
      vertex 55.1635 22.2341 2
      vertex 55.2787 23.0107 0
      vertex 55.2787 23.0107 2
    endloop
  endfacet
  facet normal 0.989176 -0.146733 0
    outer loop
      vertex 55.2787 23.0107 0
      vertex 55.1635 22.2341 2
      vertex 55.1635 22.2341 0
    endloop
  endfacet
  facet normal 0.243015 0.970023 -0
    outer loop
      vertex 61.5643 13.6037 0
      vertex 60.8027 13.7945 2
      vertex 61.5643 13.6037 2
    endloop
  endfacet
  facet normal 0.243015 0.970023 0
    outer loop
      vertex 60.8027 13.7945 2
      vertex 61.5643 13.6037 0
      vertex 60.8027 13.7945 0
    endloop
  endfacet
  facet normal -0.336901 -0.94154 0
    outer loop
      vertex 65.4473 29.1055 0
      vertex 66.1865 28.841 2
      vertex 65.4473 29.1055 2
    endloop
  endfacet
  facet normal -0.336901 -0.94154 -0
    outer loop
      vertex 66.1865 28.841 2
      vertex 65.4473 29.1055 0
      vertex 66.1865 28.841 0
    endloop
  endfacet
  facet normal 0.514084 -0.85774 0
    outer loop
      vertex 58.6804 28.1018 0
      vertex 59.3538 28.5054 2
      vertex 58.6804 28.1018 2
    endloop
  endfacet
  facet normal 0.514084 -0.85774 0
    outer loop
      vertex 59.3538 28.5054 2
      vertex 58.6804 28.1018 0
      vertex 59.3538 28.5054 0
    endloop
  endfacet
  facet normal 0.90402 0.427489 0
    outer loop
      vertex 56.0696 17.6788 2
      vertex 55.734 18.3885 0
      vertex 55.734 18.3885 2
    endloop
  endfacet
  facet normal 0.90402 0.427489 0
    outer loop
      vertex 55.734 18.3885 0
      vertex 56.0696 17.6788 2
      vertex 56.0696 17.6788 0
    endloop
  endfacet
  facet normal 0.243015 -0.970023 0
    outer loop
      vertex 60.8027 29.1055 0
      vertex 61.5643 29.2963 2
      vertex 60.8027 29.1055 2
    endloop
  endfacet
  facet normal 0.243015 -0.970023 0
    outer loop
      vertex 61.5643 29.2963 2
      vertex 60.8027 29.1055 0
      vertex 61.5643 29.2963 0
    endloop
  endfacet
  facet normal 0.85774 0.514084 0
    outer loop
      vertex 56.4732 17.0054 2
      vertex 56.0696 17.6788 0
      vertex 56.0696 17.6788 2
    endloop
  endfacet
  facet normal 0.85774 0.514084 0
    outer loop
      vertex 56.0696 17.6788 0
      vertex 56.4732 17.0054 2
      vertex 56.4732 17.0054 0
    endloop
  endfacet
  facet normal -0.243015 0.970023 0
    outer loop
      vertex 65.4473 13.7945 0
      vertex 64.6857 13.6037 2
      vertex 65.4473 13.7945 2
    endloop
  endfacet
  facet normal -0.243015 0.970023 0
    outer loop
      vertex 64.6857 13.6037 2
      vertex 65.4473 13.7945 0
      vertex 64.6857 13.6037 0
    endloop
  endfacet
  facet normal 0.595773 0.803153 -0
    outer loop
      vertex 58.6804 14.7982 0
      vertex 58.0499 15.2659 2
      vertex 58.6804 14.7982 2
    endloop
  endfacet
  facet normal 0.595773 0.803153 0
    outer loop
      vertex 58.0499 15.2659 2
      vertex 58.6804 14.7982 0
      vertex 58.0499 15.2659 0
    endloop
  endfacet
  facet normal -0.514084 0.85774 0
    outer loop
      vertex 67.5696 14.7982 0
      vertex 66.8962 14.3946 2
      vertex 67.5696 14.7982 2
    endloop
  endfacet
  facet normal -0.514084 0.85774 0
    outer loop
      vertex 66.8962 14.3946 2
      vertex 67.5696 14.7982 0
      vertex 66.8962 14.3946 0
    endloop
  endfacet
  facet normal -0.803153 0.595773 0
    outer loop
      vertex 69.3091 16.3749 0
      vertex 69.7768 17.0054 3
      vertex 69.7768 17.0054 0
    endloop
  endfacet
  facet normal -0.803153 0.595773 0
    outer loop
      vertex 69.7768 17.0054 3
      vertex 69.3091 16.3749 0
      vertex 69.3091 16.3749 3
    endloop
  endfacet
  facet normal -0.146733 -0.989176 0
    outer loop
      vertex 63.9091 29.4115 0
      vertex 64.6857 29.2963 2
      vertex 63.9091 29.4115 2
    endloop
  endfacet
  facet normal -0.146733 -0.989176 -0
    outer loop
      vertex 64.6857 29.2963 2
      vertex 63.9091 29.4115 0
      vertex 64.6857 29.2963 0
    endloop
  endfacet
  facet normal 0.595773 -0.803153 0
    outer loop
      vertex 58.0499 27.6341 0
      vertex 58.6804 28.1018 2
      vertex 58.0499 27.6341 2
    endloop
  endfacet
  facet normal 0.595773 -0.803153 0
    outer loop
      vertex 58.6804 28.1018 2
      vertex 58.0499 27.6341 0
      vertex 58.6804 28.1018 0
    endloop
  endfacet
  facet normal 0.803153 -0.595773 0
    outer loop
      vertex 56.4732 25.8946 2
      vertex 56.9409 26.5251 0
      vertex 56.9409 26.5251 2
    endloop
  endfacet
  facet normal 0.803153 -0.595773 0
    outer loop
      vertex 56.9409 26.5251 0
      vertex 56.4732 25.8946 2
      vertex 56.4732 25.8946 0
    endloop
  endfacet
  facet normal -0.989176 0.146733 0
    outer loop
      vertex 70.9713 19.8893 0
      vertex 71.0865 20.6659 3
      vertex 71.0865 20.6659 0
    endloop
  endfacet
  facet normal -0.989176 0.146733 0
    outer loop
      vertex 71.0865 20.6659 3
      vertex 70.9713 19.8893 0
      vertex 70.9713 19.8893 3
    endloop
  endfacet
  facet normal 0.94154 -0.336901 0
    outer loop
      vertex 55.4695 23.7723 2
      vertex 55.734 24.5115 0
      vertex 55.734 24.5115 2
    endloop
  endfacet
  facet normal 0.94154 -0.336901 0
    outer loop
      vertex 55.734 24.5115 0
      vertex 55.4695 23.7723 2
      vertex 55.4695 23.7723 0
    endloop
  endfacet
  facet normal -0.427489 -0.90402 0
    outer loop
      vertex 66.1865 28.841 0
      vertex 66.8962 28.5054 2
      vertex 66.1865 28.841 2
    endloop
  endfacet
  facet normal -0.427489 -0.90402 -0
    outer loop
      vertex 66.8962 28.5054 2
      vertex 66.1865 28.841 0
      vertex 66.8962 28.5054 0
    endloop
  endfacet
  facet normal 0.94154 0.336901 0
    outer loop
      vertex 55.734 18.3885 2
      vertex 55.4695 19.1277 0
      vertex 55.4695 19.1277 2
    endloop
  endfacet
  facet normal 0.94154 0.336901 0
    outer loop
      vertex 55.4695 19.1277 0
      vertex 55.734 18.3885 2
      vertex 55.734 18.3885 0
    endloop
  endfacet
  facet normal -0.970023 0.243015 0
    outer loop
      vertex 70.7805 19.1277 0
      vertex 70.9713 19.8893 3
      vertex 70.9713 19.8893 0
    endloop
  endfacet
  facet normal -0.970023 0.243015 0
    outer loop
      vertex 70.9713 19.8893 3
      vertex 70.7805 19.1277 0
      vertex 70.7805 19.1277 3
    endloop
  endfacet
  facet normal 0.0490418 -0.998797 0
    outer loop
      vertex 62.3409 29.4115 0
      vertex 63.125 29.45 2
      vertex 62.3409 29.4115 2
    endloop
  endfacet
  facet normal 0.0490418 -0.998797 0
    outer loop
      vertex 63.125 29.45 2
      vertex 62.3409 29.4115 0
      vertex 63.125 29.45 0
    endloop
  endfacet
  facet normal -0.671527 -0.74098 -0
    outer loop
      vertex 68.2001 27.6341 2
      vertex 68.2001 27.6341 0
      vertex 68.725 27.1584 2
    endloop
  endfacet
  facet normal -0.67105 -0.741412 0
    outer loop
      vertex 68.725 27.1584 2
      vertex 68.7819 27.1069 3
      vertex 68.725 27.1584 3
    endloop
  endfacet
  facet normal -0.67105 -0.741412 0
    outer loop
      vertex 68.725 27.1584 2
      vertex 68.7819 27.1069 0
      vertex 68.7819 27.1069 3
    endloop
  endfacet
  facet normal -0.67148 -0.741023 -2.22765e-05
    outer loop
      vertex 68.7819 27.1069 0
      vertex 68.725 27.1584 2
      vertex 68.2001 27.6341 0
    endloop
  endfacet
  facet normal 0.427489 -0.90402 0
    outer loop
      vertex 59.3538 28.5054 0
      vertex 60.0635 28.841 2
      vertex 59.3538 28.5054 2
    endloop
  endfacet
  facet normal 0.427489 -0.90402 0
    outer loop
      vertex 60.0635 28.841 2
      vertex 59.3538 28.5054 0
      vertex 60.0635 28.841 0
    endloop
  endfacet
  facet normal 0.67148 -0.741023 0
    outer loop
      vertex 57.4681 27.1069 0
      vertex 58.0499 27.6341 2
      vertex 57.4681 27.1069 2
    endloop
  endfacet
  facet normal 0.67148 -0.741023 0
    outer loop
      vertex 58.0499 27.6341 2
      vertex 57.4681 27.1069 0
      vertex 58.0499 27.6341 0
    endloop
  endfacet
  facet normal -0.336901 0.94154 0
    outer loop
      vertex 66.1865 14.059 0
      vertex 65.4473 13.7945 2
      vertex 66.1865 14.059 2
    endloop
  endfacet
  facet normal -0.336901 0.94154 0
    outer loop
      vertex 65.4473 13.7945 2
      vertex 66.1865 14.059 0
      vertex 65.4473 13.7945 0
    endloop
  endfacet
  facet normal 0.336901 -0.94154 0
    outer loop
      vertex 60.0635 28.841 0
      vertex 60.8027 29.1055 2
      vertex 60.0635 28.841 2
    endloop
  endfacet
  facet normal 0.336901 -0.94154 0
    outer loop
      vertex 60.8027 29.1055 2
      vertex 60.0635 28.841 0
      vertex 60.8027 29.1055 0
    endloop
  endfacet
  facet normal -0.803153 -0.595773 0
    outer loop
      vertex 69.7768 25.8946 0
      vertex 69.3091 26.5251 3
      vertex 69.3091 26.5251 0
    endloop
  endfacet
  facet normal -0.803153 -0.595773 0
    outer loop
      vertex 69.3091 26.5251 3
      vertex 69.7768 25.8946 0
      vertex 69.7768 25.8946 3
    endloop
  endfacet
  facet normal 0.85774 -0.514084 0
    outer loop
      vertex 56.0696 25.2212 2
      vertex 56.4732 25.8946 0
      vertex 56.4732 25.8946 2
    endloop
  endfacet
  facet normal 0.85774 -0.514084 0
    outer loop
      vertex 56.4732 25.8946 0
      vertex 56.0696 25.2212 2
      vertex 56.0696 25.2212 0
    endloop
  endfacet
  facet normal -0.998797 0.0490418 0
    outer loop
      vertex 71.0865 20.6659 0
      vertex 71.125 21.45 3
      vertex 71.125 21.45 0
    endloop
  endfacet
  facet normal -0.998797 0.0490418 0
    outer loop
      vertex 71.125 21.45 3
      vertex 71.0865 20.6659 0
      vertex 71.0865 20.6659 3
    endloop
  endfacet
  facet normal -0.90402 0.427489 0
    outer loop
      vertex 70.1804 17.6788 0
      vertex 70.516 18.3885 3
      vertex 70.516 18.3885 0
    endloop
  endfacet
  facet normal -0.90402 0.427489 0
    outer loop
      vertex 70.516 18.3885 3
      vertex 70.1804 17.6788 0
      vertex 70.1804 17.6788 3
    endloop
  endfacet
  facet normal 0 0 -1
    outer loop
      vertex 71.0865 20.6659 3
      vertex 71.0865 22.2341 3
      vertex 71.125 21.45 3
    endloop
  endfacet
  facet normal 0 0 -1
    outer loop
      vertex 70.9713 19.8893 3
      vertex 71.0865 22.2341 3
      vertex 71.0865 20.6659 3
    endloop
  endfacet
  facet normal 0 0 -1
    outer loop
      vertex 70.9713 19.8893 3
      vertex 70.9713 23.0107 3
      vertex 71.0865 22.2341 3
    endloop
  endfacet
  facet normal 0 0 -1
    outer loop
      vertex 70.7805 19.1277 3
      vertex 70.9713 23.0107 3
      vertex 70.9713 19.8893 3
    endloop
  endfacet
  facet normal 0 0 -1
    outer loop
      vertex 70.7805 19.1277 3
      vertex 70.7805 23.7723 3
      vertex 70.9713 23.0107 3
    endloop
  endfacet
  facet normal 0 0 -1
    outer loop
      vertex 70.516 18.3885 3
      vertex 70.7805 23.7723 3
      vertex 70.7805 19.1277 3
    endloop
  endfacet
  facet normal 0 0 -1
    outer loop
      vertex 70.516 18.3885 3
      vertex 70.516 24.5115 3
      vertex 70.7805 23.7723 3
    endloop
  endfacet
  facet normal 0 0 -1
    outer loop
      vertex 70.1804 17.6788 3
      vertex 70.516 24.5115 3
      vertex 70.516 18.3885 3
    endloop
  endfacet
  facet normal 0 0 -1
    outer loop
      vertex 70.1804 17.6788 3
      vertex 70.1804 25.2212 3
      vertex 70.516 24.5115 3
    endloop
  endfacet
  facet normal 0 0 -1
    outer loop
      vertex 69.7768 17.0054 3
      vertex 70.1804 25.2212 3
      vertex 70.1804 17.6788 3
    endloop
  endfacet
  facet normal 0 0 -1
    outer loop
      vertex 69.7768 17.0054 3
      vertex 69.7768 25.8946 3
      vertex 70.1804 25.2212 3
    endloop
  endfacet
  facet normal 0 0 -1
    outer loop
      vertex 69.3091 16.3749 3
      vertex 69.7768 25.8946 3
      vertex 69.7768 17.0054 3
    endloop
  endfacet
  facet normal 0 0 -1
    outer loop
      vertex 69.3091 16.3749 3
      vertex 69.3091 26.5251 3
      vertex 69.7768 25.8946 3
    endloop
  endfacet
  facet normal 0 0 -1
    outer loop
      vertex 68.725 15.7416 3
      vertex 69.3091 16.3749 3
      vertex 68.7819 15.7931 3
    endloop
  endfacet
  facet normal -0 0 -1
    outer loop
      vertex 69.3091 16.3749 3
      vertex 68.725 15.7416 3
      vertex 69.3091 26.5251 3
    endloop
  endfacet
  facet normal 0 0 -1
    outer loop
      vertex 68.725 27.1584 3
      vertex 69.3091 26.5251 3
      vertex 68.725 15.7416 3
    endloop
  endfacet
  facet normal 0 0 -1
    outer loop
      vertex 69.3091 26.5251 3
      vertex 68.725 27.1584 3
      vertex 68.7819 27.1069 3
    endloop
  endfacet
  facet normal 0.67148 0.741023 -0
    outer loop
      vertex 58.0499 15.2659 0
      vertex 57.4681 15.7931 2
      vertex 58.0499 15.2659 2
    endloop
  endfacet
  facet normal 0.67148 0.741023 0
    outer loop
      vertex 57.4681 15.7931 2
      vertex 58.0499 15.2659 0
      vertex 57.4681 15.7931 0
    endloop
  endfacet
  facet normal -0.595773 -0.803153 0
    outer loop
      vertex 67.5696 28.1018 0
      vertex 68.2001 27.6341 2
      vertex 67.5696 28.1018 2
    endloop
  endfacet
  facet normal -0.595773 -0.803153 -0
    outer loop
      vertex 68.2001 27.6341 2
      vertex 67.5696 28.1018 0
      vertex 68.2001 27.6341 0
    endloop
  endfacet
  facet normal 0.514084 0.85774 -0
    outer loop
      vertex 59.3538 14.3946 0
      vertex 58.6804 14.7982 2
      vertex 59.3538 14.3946 2
    endloop
  endfacet
  facet normal 0.514084 0.85774 0
    outer loop
      vertex 58.6804 14.7982 2
      vertex 59.3538 14.3946 0
      vertex 58.6804 14.7982 0
    endloop
  endfacet
  facet normal -0.514084 -0.85774 0
    outer loop
      vertex 66.8962 28.5054 0
      vertex 67.5696 28.1018 2
      vertex 66.8962 28.5054 2
    endloop
  endfacet
  facet normal -0.514084 -0.85774 -0
    outer loop
      vertex 67.5696 28.1018 2
      vertex 66.8962 28.5054 0
      vertex 67.5696 28.1018 0
    endloop
  endfacet
  facet normal -0.146733 0.989176 0
    outer loop
      vertex 64.6857 13.6037 0
      vertex 63.9091 13.4885 2
      vertex 64.6857 13.6037 2
    endloop
  endfacet
  facet normal -0.146733 0.989176 0
    outer loop
      vertex 63.9091 13.4885 2
      vertex 64.6857 13.6037 0
      vertex 63.9091 13.4885 0
    endloop
  endfacet
  facet normal -0.94154 -0.336901 0
    outer loop
      vertex 70.7805 23.7723 0
      vertex 70.516 24.5115 3
      vertex 70.516 24.5115 0
    endloop
  endfacet
  facet normal -0.94154 -0.336901 0
    outer loop
      vertex 70.516 24.5115 3
      vertex 70.7805 23.7723 0
      vertex 70.7805 23.7723 3
    endloop
  endfacet
  facet normal -0.85774 0.514084 0
    outer loop
      vertex 69.7768 17.0054 0
      vertex 70.1804 17.6788 3
      vertex 70.1804 17.6788 0
    endloop
  endfacet
  facet normal -0.85774 0.514084 0
    outer loop
      vertex 70.1804 17.6788 3
      vertex 69.7768 17.0054 0
      vertex 69.7768 17.0054 3
    endloop
  endfacet
  facet normal 0.998797 0.0490418 0
    outer loop
      vertex 55.1635 20.6659 2
      vertex 55.125 21.45 0
      vertex 55.125 21.45 2
    endloop
  endfacet
  facet normal 0.998797 0.0490418 0
    outer loop
      vertex 55.125 21.45 0
      vertex 55.1635 20.6659 2
      vertex 55.1635 20.6659 0
    endloop
  endfacet
  facet normal -0.94154 0.336901 0
    outer loop
      vertex 70.516 18.3885 0
      vertex 70.7805 19.1277 3
      vertex 70.7805 19.1277 0
    endloop
  endfacet
  facet normal -0.94154 0.336901 0
    outer loop
      vertex 70.7805 19.1277 3
      vertex 70.516 18.3885 0
      vertex 70.516 18.3885 3
    endloop
  endfacet
  facet normal -0.741023 -0.67148 0
    outer loop
      vertex 69.3091 26.5251 0
      vertex 68.7819 27.1069 3
      vertex 68.7819 27.1069 0
    endloop
  endfacet
  facet normal -0.741023 -0.67148 0
    outer loop
      vertex 68.7819 27.1069 3
      vertex 69.3091 26.5251 0
      vertex 69.3091 26.5251 3
    endloop
  endfacet
  facet normal -0.0490418 -0.998797 0
    outer loop
      vertex 63.125 29.45 0
      vertex 63.9091 29.4115 2
      vertex 63.125 29.45 2
    endloop
  endfacet
  facet normal -0.0490418 -0.998797 -0
    outer loop
      vertex 63.9091 29.4115 2
      vertex 63.125 29.45 0
      vertex 63.9091 29.4115 0
    endloop
  endfacet
  facet normal -0.90402 -0.427489 0
    outer loop
      vertex 70.516 24.5115 0
      vertex 70.1804 25.2212 3
      vertex 70.1804 25.2212 0
    endloop
  endfacet
  facet normal -0.90402 -0.427489 0
    outer loop
      vertex 70.1804 25.2212 3
      vertex 70.516 24.5115 0
      vertex 70.516 24.5115 3
    endloop
  endfacet
  facet normal 0.146733 0.989176 -0
    outer loop
      vertex 62.3409 13.4885 0
      vertex 61.5643 13.6037 2
      vertex 62.3409 13.4885 2
    endloop
  endfacet
  facet normal 0.146733 0.989176 0
    outer loop
      vertex 61.5643 13.6037 2
      vertex 62.3409 13.4885 0
      vertex 61.5643 13.6037 0
    endloop
  endfacet
  facet normal -0.67105 0.741412 0
    outer loop
      vertex 68.7819 15.7931 3
      vertex 68.725 15.7416 2
      vertex 68.725 15.7416 3
    endloop
  endfacet
  facet normal -0.67105 0.741412 0
    outer loop
      vertex 68.7819 15.7931 0
      vertex 68.725 15.7416 2
      vertex 68.7819 15.7931 3
    endloop
  endfacet
  facet normal -0.67148 0.741023 -2.22765e-05
    outer loop
      vertex 68.2001 15.2659 0
      vertex 68.725 15.7416 2
      vertex 68.7819 15.7931 0
    endloop
  endfacet
  facet normal -0.671527 0.74098 0
    outer loop
      vertex 68.725 15.7416 2
      vertex 68.2001 15.2659 0
      vertex 68.2001 15.2659 2
    endloop
  endfacet
  facet normal -0.85774 -0.514084 0
    outer loop
      vertex 70.1804 25.2212 0
      vertex 69.7768 25.8946 3
      vertex 69.7768 25.8946 0
    endloop
  endfacet
  facet normal -0.85774 -0.514084 0
    outer loop
      vertex 69.7768 25.8946 3
      vertex 70.1804 25.2212 0
      vertex 70.1804 25.2212 3
    endloop
  endfacet
  facet normal 0.0490418 0.998797 -0
    outer loop
      vertex 63.125 13.45 0
      vertex 62.3409 13.4885 2
      vertex 63.125 13.45 2
    endloop
  endfacet
  facet normal 0.0490418 0.998797 0
    outer loop
      vertex 62.3409 13.4885 2
      vertex 63.125 13.45 0
      vertex 62.3409 13.4885 0
    endloop
  endfacet
  facet normal 0.741023 -0.67148 0
    outer loop
      vertex 56.9409 26.5251 2
      vertex 57.4681 27.1069 0
      vertex 57.4681 27.1069 2
    endloop
  endfacet
  facet normal 0.741023 -0.67148 0
    outer loop
      vertex 57.4681 27.1069 0
      vertex 56.9409 26.5251 2
      vertex 56.9409 26.5251 0
    endloop
  endfacet
  facet normal 0.146733 -0.989176 0
    outer loop
      vertex 61.5643 29.2963 0
      vertex 62.3409 29.4115 2
      vertex 61.5643 29.2963 2
    endloop
  endfacet
  facet normal 0.146733 -0.989176 0
    outer loop
      vertex 62.3409 29.4115 2
      vertex 61.5643 29.2963 0
      vertex 62.3409 29.4115 0
    endloop
  endfacet
  facet normal 0.90402 -0.427489 0
    outer loop
      vertex 55.734 24.5115 2
      vertex 56.0696 25.2212 0
      vertex 56.0696 25.2212 2
    endloop
  endfacet
  facet normal 0.90402 -0.427489 0
    outer loop
      vertex 56.0696 25.2212 0
      vertex 55.734 24.5115 2
      vertex 55.734 24.5115 0
    endloop
  endfacet
  facet normal 0.970023 -0.243015 0
    outer loop
      vertex 55.2787 23.0107 2
      vertex 55.4695 23.7723 0
      vertex 55.4695 23.7723 2
    endloop
  endfacet
  facet normal 0.970023 -0.243015 0
    outer loop
      vertex 55.4695 23.7723 0
      vertex 55.2787 23.0107 2
      vertex 55.2787 23.0107 0
    endloop
  endfacet
  facet normal -0.243015 -0.970023 0
    outer loop
      vertex 64.6857 29.2963 0
      vertex 65.4473 29.1055 2
      vertex 64.6857 29.2963 2
    endloop
  endfacet
  facet normal -0.243015 -0.970023 -0
    outer loop
      vertex 65.4473 29.1055 2
      vertex 64.6857 29.2963 0
      vertex 65.4473 29.1055 0
    endloop
  endfacet
  facet normal 0.970023 0.243015 0
    outer loop
      vertex 55.4695 19.1277 2
      vertex 55.2787 19.8893 0
      vertex 55.2787 19.8893 2
    endloop
  endfacet
  facet normal 0.970023 0.243015 0
    outer loop
      vertex 55.2787 19.8893 0
      vertex 55.4695 19.1277 2
      vertex 55.4695 19.1277 0
    endloop
  endfacet
  facet normal 0.427489 0.90402 -0
    outer loop
      vertex 60.0635 14.059 0
      vertex 59.3538 14.3946 2
      vertex 60.0635 14.059 2
    endloop
  endfacet
  facet normal 0.427489 0.90402 0
    outer loop
      vertex 59.3538 14.3946 2
      vertex 60.0635 14.059 0
      vertex 59.3538 14.3946 0
    endloop
  endfacet
  facet normal 0.741023 0.67148 0
    outer loop
      vertex 57.4681 15.7931 2
      vertex 56.9409 16.3749 0
      vertex 56.9409 16.3749 2
    endloop
  endfacet
  facet normal 0.741023 0.67148 0
    outer loop
      vertex 56.9409 16.3749 0
      vertex 57.4681 15.7931 2
      vertex 57.4681 15.7931 0
    endloop
  endfacet
  facet normal -0.427489 0.90402 0
    outer loop
      vertex 66.8962 14.3946 0
      vertex 66.1865 14.059 2
      vertex 66.8962 14.3946 2
    endloop
  endfacet
  facet normal -0.427489 0.90402 0
    outer loop
      vertex 66.1865 14.059 2
      vertex 66.8962 14.3946 0
      vertex 66.1865 14.059 0
    endloop
  endfacet
  facet normal -0.0490418 0.998797 0
    outer loop
      vertex 63.9091 13.4885 0
      vertex 63.125 13.45 2
      vertex 63.9091 13.4885 2
    endloop
  endfacet
  facet normal -0.0490418 0.998797 0
    outer loop
      vertex 63.125 13.45 2
      vertex 63.9091 13.4885 0
      vertex 63.125 13.45 0
    endloop
  endfacet
  facet normal 0.989176 0.146733 0
    outer loop
      vertex 55.2787 19.8893 2
      vertex 55.1635 20.6659 0
      vertex 55.1635 20.6659 2
    endloop
  endfacet
  facet normal 0.989176 0.146733 0
    outer loop
      vertex 55.1635 20.6659 0
      vertex 55.2787 19.8893 2
      vertex 55.2787 19.8893 0
    endloop
  endfacet
  facet normal -0.595773 0.803153 0
    outer loop
      vertex 68.2001 15.2659 0
      vertex 67.5696 14.7982 2
      vertex 68.2001 15.2659 2
    endloop
  endfacet
  facet normal -0.595773 0.803153 0
    outer loop
      vertex 67.5696 14.7982 2
      vertex 68.2001 15.2659 0
      vertex 67.5696 14.7982 0
    endloop
  endfacet
  facet normal 0.803153 0.595773 0
    outer loop
      vertex 56.9409 16.3749 2
      vertex 56.4732 17.0054 0
      vertex 56.4732 17.0054 2
    endloop
  endfacet
  facet normal 0.803153 0.595773 0
    outer loop
      vertex 56.4732 17.0054 0
      vertex 56.9409 16.3749 2
      vertex 56.9409 16.3749 0
    endloop
  endfacet
  facet normal 0.998797 -0.0490418 0
    outer loop
      vertex 55.125 21.45 2
      vertex 55.1635 22.2341 0
      vertex 55.1635 22.2341 2
    endloop
  endfacet
  facet normal 0.998797 -0.0490418 0
    outer loop
      vertex 55.1635 22.2341 0
      vertex 55.125 21.45 2
      vertex 55.125 21.45 0
    endloop
  endfacet
  facet normal -0.741023 0.67148 0
    outer loop
      vertex 68.7819 15.7931 0
      vertex 69.3091 16.3749 3
      vertex 69.3091 16.3749 0
    endloop
  endfacet
  facet normal -0.741023 0.67148 0
    outer loop
      vertex 69.3091 16.3749 3
      vertex 68.7819 15.7931 0
      vertex 68.7819 15.7931 3
    endloop
  endfacet
endsolid OpenSCAD_Model
