solid OpenSCAD_Model
  facet normal 1 -0 0
    outer loop
      vertex 4.925 4.925 1.5
      vertex 4.925 18.925 0
      vertex 4.925 18.925 1.5
    endloop
  endfacet
  facet normal 1 0 0
    outer loop
      vertex 4.925 18.925 0
      vertex 4.925 4.925 1.5
      vertex 4.925 4.925 0
    endloop
  endfacet
  facet normal 0 -1 0
    outer loop
      vertex 4.925 18.925 0
      vertex 18.925 18.925 1.5
      vertex 4.925 18.925 1.5
    endloop
  endfacet
  facet normal 0 -1 -0
    outer loop
      vertex 18.925 18.925 1.5
      vertex 4.925 18.925 0
      vertex 18.925 18.925 0
    endloop
  endfacet
  facet normal -1 0 0
    outer loop
      vertex 18.925 4.925 0
      vertex 18.925 18.925 1.5
      vertex 18.925 18.925 0
    endloop
  endfacet
  facet normal -1 -0 0
    outer loop
      vertex 18.925 18.925 1.5
      vertex 18.925 4.925 0
      vertex 18.925 4.925 1.5
    endloop
  endfacet
  facet normal 0 1 -0
    outer loop
      vertex 18.925 4.925 0
      vertex 4.925 4.925 1.5
      vertex 18.925 4.925 1.5
    endloop
  endfacet
  facet normal 0 1 0
    outer loop
      vertex 4.925 4.925 1.5
      vertex 18.925 4.925 0
      vertex 4.925 4.925 0
    endloop
  endfacet
  facet normal 1 -0 0
    outer loop
      vertex 4.925 23.975 1.5
      vertex 4.925 37.975 0
      vertex 4.925 37.975 1.5
    endloop
  endfacet
  facet normal 1 0 0
    outer loop
      vertex 4.925 37.975 0
      vertex 4.925 23.975 1.5
      vertex 4.925 23.975 0
    endloop
  endfacet
  facet normal 0 -1 0
    outer loop
      vertex 4.925 37.975 0
      vertex 18.925 37.975 1.5
      vertex 4.925 37.975 1.5
    endloop
  endfacet
  facet normal 0 -1 -0
    outer loop
      vertex 18.925 37.975 1.5
      vertex 4.925 37.975 0
      vertex 18.925 37.975 0
    endloop
  endfacet
  facet normal -1 0 0
    outer loop
      vertex 18.925 23.975 0
      vertex 18.925 37.975 1.5
      vertex 18.925 37.975 0
    endloop
  endfacet
  facet normal -1 -0 0
    outer loop
      vertex 18.925 37.975 1.5
      vertex 18.925 23.975 0
      vertex 18.925 23.975 1.5
    endloop
  endfacet
  facet normal 0 1 -0
    outer loop
      vertex 18.925 23.975 0
      vertex 4.925 23.975 1.5
      vertex 18.925 23.975 1.5
    endloop
  endfacet
  facet normal 0 1 0
    outer loop
      vertex 4.925 23.975 1.5
      vertex 18.925 23.975 0
      vertex 4.925 23.975 0
    endloop
  endfacet
  facet normal 1 -0 0
    outer loop
      vertex 23.975 4.925 1.5
      vertex 23.975 18.925 0
      vertex 23.975 18.925 1.5
    endloop
  endfacet
  facet normal 1 0 0
    outer loop
      vertex 23.975 18.925 0
      vertex 23.975 4.925 1.5
      vertex 23.975 4.925 0
    endloop
  endfacet
  facet normal 0 -1 0
    outer loop
      vertex 23.975 18.925 0
      vertex 37.975 18.925 1.5
      vertex 23.975 18.925 1.5
    endloop
  endfacet
  facet normal 0 -1 -0
    outer loop
      vertex 37.975 18.925 1.5
      vertex 23.975 18.925 0
      vertex 37.975 18.925 0
    endloop
  endfacet
  facet normal -1 0 0
    outer loop
      vertex 37.975 4.925 0
      vertex 37.975 18.925 1.5
      vertex 37.975 18.925 0
    endloop
  endfacet
  facet normal -1 -0 0
    outer loop
      vertex 37.975 18.925 1.5
      vertex 37.975 4.925 0
      vertex 37.975 4.925 1.5
    endloop
  endfacet
  facet normal 0 1 -0
    outer loop
      vertex 37.975 4.925 0
      vertex 23.975 4.925 1.5
      vertex 37.975 4.925 1.5
    endloop
  endfacet
  facet normal 0 1 0
    outer loop
      vertex 23.975 4.925 1.5
      vertex 37.975 4.925 0
      vertex 23.975 4.925 0
    endloop
  endfacet
  facet normal 1 -0 0
    outer loop
      vertex 23.975 23.975 1.5
      vertex 23.975 37.975 0
      vertex 23.975 37.975 1.5
    endloop
  endfacet
  facet normal 1 0 0
    outer loop
      vertex 23.975 37.975 0
      vertex 23.975 23.975 1.5
      vertex 23.975 23.975 0
    endloop
  endfacet
  facet normal 0 -1 0
    outer loop
      vertex 23.975 37.975 0
      vertex 37.975 37.975 1.5
      vertex 23.975 37.975 1.5
    endloop
  endfacet
  facet normal 0 -1 -0
    outer loop
      vertex 37.975 37.975 1.5
      vertex 23.975 37.975 0
      vertex 37.975 37.975 0
    endloop
  endfacet
  facet normal -1 0 0
    outer loop
      vertex 37.975 23.975 0
      vertex 37.975 37.975 1.5
      vertex 37.975 37.975 0
    endloop
  endfacet
  facet normal -1 -0 0
    outer loop
      vertex 37.975 37.975 1.5
      vertex 37.975 23.975 0
      vertex 37.975 23.975 1.5
    endloop
  endfacet
  facet normal 0 1 -0
    outer loop
      vertex 37.975 23.975 0
      vertex 23.975 23.975 1.5
      vertex 37.975 23.975 1.5
    endloop
  endfacet
  facet normal 0 1 0
    outer loop
      vertex 23.975 23.975 1.5
      vertex 37.975 23.975 0
      vertex 23.975 23.975 0
    endloop
  endfacet
  facet normal 1 -0 0
    outer loop
      vertex 43.025 4.925 1.5
      vertex 43.025 18.925 0
      vertex 43.025 18.925 1.5
    endloop
  endfacet
  facet normal 1 0 0
    outer loop
      vertex 43.025 18.925 0
      vertex 43.025 4.925 1.5
      vertex 43.025 4.925 0
    endloop
  endfacet
  facet normal 0 -1 0
    outer loop
      vertex 43.025 18.925 0
      vertex 57.025 18.925 1.5
      vertex 43.025 18.925 1.5
    endloop
  endfacet
  facet normal 0 -1 -0
    outer loop
      vertex 57.025 18.925 1.5
      vertex 43.025 18.925 0
      vertex 57.025 18.925 0
    endloop
  endfacet
  facet normal -1 0 0
    outer loop
      vertex 57.025 4.925 0
      vertex 57.025 18.925 1.5
      vertex 57.025 18.925 0
    endloop
  endfacet
  facet normal -1 -0 0
    outer loop
      vertex 57.025 18.925 1.5
      vertex 57.025 4.925 0
      vertex 57.025 4.925 1.5
    endloop
  endfacet
  facet normal 0 1 -0
    outer loop
      vertex 57.025 4.925 0
      vertex 43.025 4.925 1.5
      vertex 57.025 4.925 1.5
    endloop
  endfacet
  facet normal 0 1 0
    outer loop
      vertex 43.025 4.925 1.5
      vertex 57.025 4.925 0
      vertex 43.025 4.925 0
    endloop
  endfacet
  facet normal 1 -0 0
    outer loop
      vertex 43.025 23.975 1.5
      vertex 43.025 37.975 0
      vertex 43.025 37.975 1.5
    endloop
  endfacet
  facet normal 1 0 0
    outer loop
      vertex 43.025 37.975 0
      vertex 43.025 23.975 1.5
      vertex 43.025 23.975 0
    endloop
  endfacet
  facet normal 0 -1 0
    outer loop
      vertex 43.025 37.975 0
      vertex 57.025 37.975 1.5
      vertex 43.025 37.975 1.5
    endloop
  endfacet
  facet normal 0 -1 -0
    outer loop
      vertex 57.025 37.975 1.5
      vertex 43.025 37.975 0
      vertex 57.025 37.975 0
    endloop
  endfacet
  facet normal -1 0 0
    outer loop
      vertex 57.025 23.975 0
      vertex 57.025 37.975 1.5
      vertex 57.025 37.975 0
    endloop
  endfacet
  facet normal -1 -0 0
    outer loop
      vertex 57.025 37.975 1.5
      vertex 57.025 23.975 0
      vertex 57.025 23.975 1.5
    endloop
  endfacet
  facet normal 0 1 -0
    outer loop
      vertex 57.025 23.975 0
      vertex 43.025 23.975 1.5
      vertex 57.025 23.975 1.5
    endloop
  endfacet
  facet normal 0 1 0
    outer loop
      vertex 43.025 23.975 1.5
      vertex 57.025 23.975 0
      vertex 43.025 23.975 0
    endloop
  endfacet
  facet normal -0.989176 -0.146737 0
    outer loop
      vertex 5.0947 4.10782 0
      vertex 5.07886 4.2146 1.5
      vertex 5.07886 4.2146 0
    endloop
  endfacet
  facet normal -0.989176 -0.146737 0
    outer loop
      vertex 5.07886 4.2146 1.5
      vertex 5.0947 4.10782 0
      vertex 5.0947 4.10782 1.5
    endloop
  endfacet
  facet normal -0.595752 -0.803168 0
    outer loop
      vertex 4.61113 4.91462 0
      vertex 4.69783 4.85031 1.5
      vertex 4.61113 4.91462 1.5
    endloop
  endfacet
  facet normal -0.595752 -0.803168 -0
    outer loop
      vertex 4.69783 4.85031 1.5
      vertex 4.61113 4.91462 0
      vertex 4.69783 4.85031 0
    endloop
  endfacet
  facet normal -0.998794 -0.0490967 0
    outer loop
      vertex 5.1 4 0
      vertex 5.0947 4.10782 1.5
      vertex 5.0947 4.10782 0
    endloop
  endfacet
  facet normal -0.998794 -0.0490967 0
    outer loop
      vertex 5.0947 4.10782 1.5
      vertex 5.1 4 0
      vertex 5.1 4 1.5
    endloop
  endfacet
  facet normal 0.97005 -0.242906 0
    outer loop
      vertex 2.92114 4.2146 1.5
      vertex 2.94736 4.31931 0
      vertex 2.94736 4.31931 1.5
    endloop
  endfacet
  facet normal 0.97005 -0.242906 0
    outer loop
      vertex 2.94736 4.31931 0
      vertex 2.92114 4.2146 1.5
      vertex 2.92114 4.2146 0
    endloop
  endfacet
  facet normal -0.998794 0.0490967 0
    outer loop
      vertex 5.0947 3.89218 0
      vertex 5.1 4 1.5
      vertex 5.1 4 0
    endloop
  endfacet
  facet normal -0.998794 0.0490967 0
    outer loop
      vertex 5.1 4 1.5
      vertex 5.0947 3.89218 0
      vertex 5.0947 3.89218 1.5
    endloop
  endfacet
  facet normal -0.595752 0.803168 0
    outer loop
      vertex 4.69783 3.14969 0
      vertex 4.61113 3.08538 1.5
      vertex 4.69783 3.14969 1.5
    endloop
  endfacet
  facet normal -0.595752 0.803168 0
    outer loop
      vertex 4.61113 3.08538 1.5
      vertex 4.69783 3.14969 0
      vertex 4.61113 3.08538 0
    endloop
  endfacet
  facet normal 0.998794 -0.0490967 0
    outer loop
      vertex 2.9 4 1.5
      vertex 2.9053 4.10782 0
      vertex 2.9053 4.10782 1.5
    endloop
  endfacet
  facet normal 0.998794 -0.0490967 0
    outer loop
      vertex 2.9053 4.10782 0
      vertex 2.9 4 1.5
      vertex 2.9 4 0
    endloop
  endfacet
  facet normal -0.941566 0.336829 0
    outer loop
      vertex 5.01627 3.57905 0
      vertex 5.05263 3.68069 1.5
      vertex 5.05263 3.68069 0
    endloop
  endfacet
  facet normal -0.941566 0.336829 0
    outer loop
      vertex 5.05263 3.68069 1.5
      vertex 5.01627 3.57905 0
      vertex 5.01627 3.57905 1.5
    endloop
  endfacet
  facet normal -0.51406 -0.857754 0
    outer loop
      vertex 4.51854 4.97011 0
      vertex 4.61113 4.91462 1.5
      vertex 4.51854 4.97011 1.5
    endloop
  endfacet
  facet normal -0.51406 -0.857754 -0
    outer loop
      vertex 4.61113 4.91462 1.5
      vertex 4.51854 4.97011 0
      vertex 4.61113 4.91462 0
    endloop
  endfacet
  facet normal 0.51406 -0.857754 0
    outer loop
      vertex 3.38887 4.91462 0
      vertex 3.48146 4.97011 1.5
      vertex 3.38887 4.91462 1.5
    endloop
  endfacet
  facet normal 0.51406 -0.857754 0
    outer loop
      vertex 3.48146 4.97011 1.5
      vertex 3.38887 4.91462 0
      vertex 3.48146 4.97011 0
    endloop
  endfacet
  facet normal 0.941536 -0.336911 0
    outer loop
      vertex 2.94736 4.31931 1.5
      vertex 2.98373 4.42095 0
      vertex 2.98373 4.42095 1.5
    endloop
  endfacet
  facet normal 0.941536 -0.336911 0
    outer loop
      vertex 2.98373 4.42095 0
      vertex 2.94736 4.31931 1.5
      vertex 2.94736 4.31931 0
    endloop
  endfacet
  facet normal 0.595752 -0.803168 0
    outer loop
      vertex 3.30217 4.85031 0
      vertex 3.38887 4.91462 1.5
      vertex 3.30217 4.85031 1.5
    endloop
  endfacet
  facet normal 0.595752 -0.803168 0
    outer loop
      vertex 3.38887 4.91462 1.5
      vertex 3.30217 4.85031 0
      vertex 3.38887 4.91462 0
    endloop
  endfacet
  facet normal 0.857754 0.51406 0
    outer loop
      vertex 3.08538 3.38887 1.5
      vertex 3.02989 3.48146 0
      vertex 3.02989 3.48146 1.5
    endloop
  endfacet
  facet normal 0.857754 0.51406 0
    outer loop
      vertex 3.02989 3.48146 0
      vertex 3.08538 3.38887 1.5
      vertex 3.08538 3.38887 0
    endloop
  endfacet
  facet normal 0.242993 -0.970028 0
    outer loop
      vertex 3.68069 5.05263 0
      vertex 3.7854 5.07886 1.5
      vertex 3.68069 5.05263 1.5
    endloop
  endfacet
  facet normal 0.242993 -0.970028 0
    outer loop
      vertex 3.7854 5.07886 1.5
      vertex 3.68069 5.05263 0
      vertex 3.7854 5.07886 0
    endloop
  endfacet
  facet normal 0.146737 -0.989176 0
    outer loop
      vertex 3.7854 5.07886 0
      vertex 3.89218 5.0947 1.5
      vertex 3.7854 5.07886 1.5
    endloop
  endfacet
  facet normal 0.146737 -0.989176 0
    outer loop
      vertex 3.89218 5.0947 1.5
      vertex 3.7854 5.07886 0
      vertex 3.89218 5.0947 0
    endloop
  endfacet
  facet normal -0.242906 0.97005 0
    outer loop
      vertex 4.31931 2.94736 0
      vertex 4.2146 2.92114 1.5
      vertex 4.31931 2.94736 1.5
    endloop
  endfacet
  facet normal -0.242906 0.97005 0
    outer loop
      vertex 4.2146 2.92114 1.5
      vertex 4.31931 2.94736 0
      vertex 4.2146 2.92114 0
    endloop
  endfacet
  facet normal 0.242906 0.97005 -0
    outer loop
      vertex 3.7854 2.92114 0
      vertex 3.68069 2.94736 1.5
      vertex 3.7854 2.92114 1.5
    endloop
  endfacet
  facet normal 0.242906 0.97005 0
    outer loop
      vertex 3.68069 2.94736 1.5
      vertex 3.7854 2.92114 0
      vertex 3.68069 2.94736 0
    endloop
  endfacet
  facet normal -0.427581 0.903977 0
    outer loop
      vertex 4.51854 3.02989 0
      vertex 4.42095 2.98373 1.5
      vertex 4.51854 3.02989 1.5
    endloop
  endfacet
  facet normal -0.427581 0.903977 0
    outer loop
      vertex 4.42095 2.98373 1.5
      vertex 4.51854 3.02989 0
      vertex 4.42095 2.98373 0
    endloop
  endfacet
  facet normal 0.97005 0.242906 0
    outer loop
      vertex 2.94736 3.68069 1.5
      vertex 2.92114 3.7854 0
      vertex 2.92114 3.7854 1.5
    endloop
  endfacet
  facet normal 0.97005 0.242906 0
    outer loop
      vertex 2.92114 3.7854 0
      vertex 2.94736 3.68069 1.5
      vertex 2.94736 3.68069 0
    endloop
  endfacet
  facet normal -0.146737 0.989176 0
    outer loop
      vertex 4.2146 2.92114 0
      vertex 4.10782 2.9053 1.5
      vertex 4.2146 2.92114 1.5
    endloop
  endfacet
  facet normal -0.146737 0.989176 0
    outer loop
      vertex 4.10782 2.9053 1.5
      vertex 4.2146 2.92114 0
      vertex 4.10782 2.9053 0
    endloop
  endfacet
  facet normal -0.51406 0.857754 0
    outer loop
      vertex 4.61113 3.08538 0
      vertex 4.51854 3.02989 1.5
      vertex 4.61113 3.08538 1.5
    endloop
  endfacet
  facet normal -0.51406 0.857754 0
    outer loop
      vertex 4.51854 3.02989 1.5
      vertex 4.61113 3.08538 0
      vertex 4.51854 3.02989 0
    endloop
  endfacet
  facet normal -0.989176 0.146737 0
    outer loop
      vertex 5.07886 3.7854 0
      vertex 5.0947 3.89218 1.5
      vertex 5.0947 3.89218 0
    endloop
  endfacet
  facet normal -0.989176 0.146737 0
    outer loop
      vertex 5.0947 3.89218 1.5
      vertex 5.07886 3.7854 0
      vertex 5.07886 3.7854 1.5
    endloop
  endfacet
  facet normal 0.51406 0.857754 -0
    outer loop
      vertex 3.48146 3.02989 0
      vertex 3.38887 3.08538 1.5
      vertex 3.48146 3.02989 1.5
    endloop
  endfacet
  facet normal 0.51406 0.857754 0
    outer loop
      vertex 3.38887 3.08538 1.5
      vertex 3.48146 3.02989 0
      vertex 3.38887 3.08538 0
    endloop
  endfacet
  facet normal 0.989176 -0.146737 0
    outer loop
      vertex 2.9053 4.10782 1.5
      vertex 2.92114 4.2146 0
      vertex 2.92114 4.2146 1.5
    endloop
  endfacet
  facet normal 0.989176 -0.146737 0
    outer loop
      vertex 2.92114 4.2146 0
      vertex 2.9053 4.10782 1.5
      vertex 2.9053 4.10782 0
    endloop
  endfacet
  facet normal 0.989176 0.146737 0
    outer loop
      vertex 2.92114 3.7854 1.5
      vertex 2.9053 3.89218 0
      vertex 2.9053 3.89218 1.5
    endloop
  endfacet
  facet normal 0.989176 0.146737 0
    outer loop
      vertex 2.9053 3.89218 0
      vertex 2.92114 3.7854 1.5
      vertex 2.92114 3.7854 0
    endloop
  endfacet
  facet normal 0.857754 -0.51406 0
    outer loop
      vertex 3.02989 4.51854 1.5
      vertex 3.08538 4.61113 0
      vertex 3.08538 4.61113 1.5
    endloop
  endfacet
  facet normal 0.857754 -0.51406 0
    outer loop
      vertex 3.08538 4.61113 0
      vertex 3.02989 4.51854 1.5
      vertex 3.02989 4.51854 0
    endloop
  endfacet
  facet normal 0.803168 0.595752 0
    outer loop
      vertex 3.14969 3.30217 1.5
      vertex 3.08538 3.38887 0
      vertex 3.08538 3.38887 1.5
    endloop
  endfacet
  facet normal 0.803168 0.595752 0
    outer loop
      vertex 3.08538 3.38887 0
      vertex 3.14969 3.30217 1.5
      vertex 3.14969 3.30217 0
    endloop
  endfacet
  facet normal 0.740991 -0.671515 0
    outer loop
      vertex 3.14969 4.69783 1.5
      vertex 3.22218 4.77782 0
      vertex 3.22218 4.77782 1.5
    endloop
  endfacet
  facet normal 0.740991 -0.671515 0
    outer loop
      vertex 3.22218 4.77782 0
      vertex 3.14969 4.69783 1.5
      vertex 3.14969 4.69783 0
    endloop
  endfacet
  facet normal -0.146737 -0.989176 0
    outer loop
      vertex 4.10782 5.0947 0
      vertex 4.2146 5.07886 1.5
      vertex 4.10782 5.0947 1.5
    endloop
  endfacet
  facet normal -0.146737 -0.989176 -0
    outer loop
      vertex 4.2146 5.07886 1.5
      vertex 4.10782 5.0947 0
      vertex 4.2146 5.07886 0
    endloop
  endfacet
  facet normal 0.0490967 0.998794 -0
    outer loop
      vertex 4 2.9 0
      vertex 3.89218 2.9053 1.5
      vertex 4 2.9 1.5
    endloop
  endfacet
  facet normal 0.0490967 0.998794 0
    outer loop
      vertex 3.89218 2.9053 1.5
      vertex 4 2.9 0
      vertex 3.89218 2.9053 0
    endloop
  endfacet
  facet normal -0.857754 -0.51406 0
    outer loop
      vertex 4.97011 4.51854 0
      vertex 4.91462 4.61113 1.5
      vertex 4.91462 4.61113 0
    endloop
  endfacet
  facet normal -0.857754 -0.51406 0
    outer loop
      vertex 4.91462 4.61113 1.5
      vertex 4.97011 4.51854 0
      vertex 4.97011 4.51854 1.5
    endloop
  endfacet
  facet normal -0.803168 -0.595752 0
    outer loop
      vertex 4.91462 4.61113 0
      vertex 4.85031 4.69783 1.5
      vertex 4.85031 4.69783 0
    endloop
  endfacet
  facet normal -0.803168 -0.595752 0
    outer loop
      vertex 4.85031 4.69783 1.5
      vertex 4.91462 4.61113 0
      vertex 4.91462 4.61113 1.5
    endloop
  endfacet
  facet normal 0.336911 0.941536 -0
    outer loop
      vertex 3.68069 2.94736 0
      vertex 3.57905 2.98373 1.5
      vertex 3.68069 2.94736 1.5
    endloop
  endfacet
  facet normal 0.336911 0.941536 0
    outer loop
      vertex 3.57905 2.98373 1.5
      vertex 3.68069 2.94736 0
      vertex 3.57905 2.98373 0
    endloop
  endfacet
  facet normal 0.427581 0.903977 -0
    outer loop
      vertex 3.57905 2.98373 0
      vertex 3.48146 3.02989 1.5
      vertex 3.57905 2.98373 1.5
    endloop
  endfacet
  facet normal 0.427581 0.903977 0
    outer loop
      vertex 3.48146 3.02989 1.5
      vertex 3.57905 2.98373 0
      vertex 3.48146 3.02989 0
    endloop
  endfacet
  facet normal 0.671515 0.740991 -0
    outer loop
      vertex 3.30217 3.14969 0
      vertex 3.22218 3.22218 1.5
      vertex 3.30217 3.14969 1.5
    endloop
  endfacet
  facet normal 0.671515 0.740991 0
    outer loop
      vertex 3.22218 3.22218 1.5
      vertex 3.30217 3.14969 0
      vertex 3.22218 3.22218 0
    endloop
  endfacet
  facet normal 0.0490967 -0.998794 0
    outer loop
      vertex 3.89218 5.0947 0
      vertex 4 5.1 1.5
      vertex 3.89218 5.0947 1.5
    endloop
  endfacet
  facet normal 0.0490967 -0.998794 0
    outer loop
      vertex 4 5.1 1.5
      vertex 3.89218 5.0947 0
      vertex 4 5.1 0
    endloop
  endfacet
  facet normal -0.803168 0.595752 0
    outer loop
      vertex 4.85031 3.30217 0
      vertex 4.91462 3.38887 1.5
      vertex 4.91462 3.38887 0
    endloop
  endfacet
  facet normal -0.803168 0.595752 0
    outer loop
      vertex 4.91462 3.38887 1.5
      vertex 4.85031 3.30217 0
      vertex 4.85031 3.30217 1.5
    endloop
  endfacet
  facet normal -0.903977 0.427581 0
    outer loop
      vertex 4.97011 3.48146 0
      vertex 5.01627 3.57905 1.5
      vertex 5.01627 3.57905 0
    endloop
  endfacet
  facet normal -0.903977 0.427581 0
    outer loop
      vertex 5.01627 3.57905 1.5
      vertex 4.97011 3.48146 0
      vertex 4.97011 3.48146 1.5
    endloop
  endfacet
  facet normal -0.857754 0.51406 0
    outer loop
      vertex 4.91462 3.38887 0
      vertex 4.97011 3.48146 1.5
      vertex 4.97011 3.48146 0
    endloop
  endfacet
  facet normal -0.857754 0.51406 0
    outer loop
      vertex 4.97011 3.48146 1.5
      vertex 4.91462 3.38887 0
      vertex 4.91462 3.38887 1.5
    endloop
  endfacet
  facet normal -0.970028 0.242993 0
    outer loop
      vertex 5.05263 3.68069 0
      vertex 5.07886 3.7854 1.5
      vertex 5.07886 3.7854 0
    endloop
  endfacet
  facet normal -0.970028 0.242993 0
    outer loop
      vertex 5.07886 3.7854 1.5
      vertex 5.05263 3.68069 0
      vertex 5.05263 3.68069 1.5
    endloop
  endfacet
  facet normal -0.0490967 0.998794 0
    outer loop
      vertex 4.10782 2.9053 0
      vertex 4 2.9 1.5
      vertex 4.10782 2.9053 1.5
    endloop
  endfacet
  facet normal -0.0490967 0.998794 0
    outer loop
      vertex 4 2.9 1.5
      vertex 4.10782 2.9053 0
      vertex 4 2.9 0
    endloop
  endfacet
  facet normal 0.903977 0.427581 0
    outer loop
      vertex 3.02989 3.48146 1.5
      vertex 2.98373 3.57905 0
      vertex 2.98373 3.57905 1.5
    endloop
  endfacet
  facet normal 0.903977 0.427581 0
    outer loop
      vertex 2.98373 3.57905 0
      vertex 3.02989 3.48146 1.5
      vertex 3.02989 3.48146 0
    endloop
  endfacet
  facet normal 0.941536 0.336911 0
    outer loop
      vertex 2.98373 3.57905 1.5
      vertex 2.94736 3.68069 0
      vertex 2.94736 3.68069 1.5
    endloop
  endfacet
  facet normal 0.941536 0.336911 0
    outer loop
      vertex 2.94736 3.68069 0
      vertex 2.98373 3.57905 1.5
      vertex 2.98373 3.57905 0
    endloop
  endfacet
  facet normal -0.740991 0.671515 0
    outer loop
      vertex 4.77782 3.22218 0
      vertex 4.85031 3.30217 1.5
      vertex 4.85031 3.30217 0
    endloop
  endfacet
  facet normal -0.740991 0.671515 0
    outer loop
      vertex 4.85031 3.30217 1.5
      vertex 4.77782 3.22218 0
      vertex 4.77782 3.22218 1.5
    endloop
  endfacet
  facet normal 0.998794 0.0490967 0
    outer loop
      vertex 2.9053 3.89218 1.5
      vertex 2.9 4 0
      vertex 2.9 4 1.5
    endloop
  endfacet
  facet normal 0.998794 0.0490967 0
    outer loop
      vertex 2.9 4 0
      vertex 2.9053 3.89218 1.5
      vertex 2.9053 3.89218 0
    endloop
  endfacet
  facet normal -0.336911 0.941536 0
    outer loop
      vertex 4.42095 2.98373 0
      vertex 4.31931 2.94736 1.5
      vertex 4.42095 2.98373 1.5
    endloop
  endfacet
  facet normal -0.336911 0.941536 0
    outer loop
      vertex 4.31931 2.94736 1.5
      vertex 4.42095 2.98373 0
      vertex 4.31931 2.94736 0
    endloop
  endfacet
  facet normal -0.903977 -0.427581 0
    outer loop
      vertex 5.01627 4.42095 0
      vertex 4.97011 4.51854 1.5
      vertex 4.97011 4.51854 0
    endloop
  endfacet
  facet normal -0.903977 -0.427581 0
    outer loop
      vertex 4.97011 4.51854 1.5
      vertex 5.01627 4.42095 0
      vertex 5.01627 4.42095 1.5
    endloop
  endfacet
  facet normal -0.336829 -0.941566 0
    outer loop
      vertex 4.31931 5.05263 0
      vertex 4.42095 5.01627 1.5
      vertex 4.31931 5.05263 1.5
    endloop
  endfacet
  facet normal -0.336829 -0.941566 -0
    outer loop
      vertex 4.42095 5.01627 1.5
      vertex 4.31931 5.05263 0
      vertex 4.42095 5.01627 0
    endloop
  endfacet
  facet normal -0.0490967 -0.998794 0
    outer loop
      vertex 4 5.1 0
      vertex 4.10782 5.0947 1.5
      vertex 4 5.1 1.5
    endloop
  endfacet
  facet normal -0.0490967 -0.998794 -0
    outer loop
      vertex 4.10782 5.0947 1.5
      vertex 4 5.1 0
      vertex 4.10782 5.0947 0
    endloop
  endfacet
  facet normal 0.803168 -0.595752 0
    outer loop
      vertex 3.08538 4.61113 1.5
      vertex 3.14969 4.69783 0
      vertex 3.14969 4.69783 1.5
    endloop
  endfacet
  facet normal 0.803168 -0.595752 0
    outer loop
      vertex 3.14969 4.69783 0
      vertex 3.08538 4.61113 1.5
      vertex 3.08538 4.61113 0
    endloop
  endfacet
  facet normal 0.336829 -0.941566 0
    outer loop
      vertex 3.57905 5.01627 0
      vertex 3.68069 5.05263 1.5
      vertex 3.57905 5.01627 1.5
    endloop
  endfacet
  facet normal 0.336829 -0.941566 0
    outer loop
      vertex 3.68069 5.05263 1.5
      vertex 3.57905 5.01627 0
      vertex 3.68069 5.05263 0
    endloop
  endfacet
  facet normal 0.427581 -0.903977 0
    outer loop
      vertex 3.48146 4.97011 0
      vertex 3.57905 5.01627 1.5
      vertex 3.48146 4.97011 1.5
    endloop
  endfacet
  facet normal 0.427581 -0.903977 0
    outer loop
      vertex 3.57905 5.01627 1.5
      vertex 3.48146 4.97011 0
      vertex 3.57905 5.01627 0
    endloop
  endfacet
  facet normal 0.595752 0.803168 -0
    outer loop
      vertex 3.38887 3.08538 0
      vertex 3.30217 3.14969 1.5
      vertex 3.38887 3.08538 1.5
    endloop
  endfacet
  facet normal 0.595752 0.803168 0
    outer loop
      vertex 3.30217 3.14969 1.5
      vertex 3.38887 3.08538 0
      vertex 3.30217 3.14969 0
    endloop
  endfacet
  facet normal -0.242993 -0.970028 0
    outer loop
      vertex 4.2146 5.07886 0
      vertex 4.31931 5.05263 1.5
      vertex 4.2146 5.07886 1.5
    endloop
  endfacet
  facet normal -0.242993 -0.970028 -0
    outer loop
      vertex 4.31931 5.05263 1.5
      vertex 4.2146 5.07886 0
      vertex 4.31931 5.05263 0
    endloop
  endfacet
  facet normal 0.903977 -0.427581 0
    outer loop
      vertex 2.98373 4.42095 1.5
      vertex 3.02989 4.51854 0
      vertex 3.02989 4.51854 1.5
    endloop
  endfacet
  facet normal 0.903977 -0.427581 0
    outer loop
      vertex 3.02989 4.51854 0
      vertex 2.98373 4.42095 1.5
      vertex 2.98373 4.42095 0
    endloop
  endfacet
  facet normal -0.740991 -0.671515 0
    outer loop
      vertex 4.85031 4.69783 0
      vertex 4.77782 4.77782 1.5
      vertex 4.77782 4.77782 0
    endloop
  endfacet
  facet normal -0.740991 -0.671515 0
    outer loop
      vertex 4.77782 4.77782 1.5
      vertex 4.85031 4.69783 0
      vertex 4.85031 4.69783 1.5
    endloop
  endfacet
  facet normal -0.970028 -0.242993 0
    outer loop
      vertex 5.07886 4.2146 0
      vertex 5.05263 4.31931 1.5
      vertex 5.05263 4.31931 0
    endloop
  endfacet
  facet normal -0.970028 -0.242993 0
    outer loop
      vertex 5.05263 4.31931 1.5
      vertex 5.07886 4.2146 0
      vertex 5.07886 4.2146 1.5
    endloop
  endfacet
  facet normal 0.146737 0.989176 -0
    outer loop
      vertex 3.89218 2.9053 0
      vertex 3.7854 2.92114 1.5
      vertex 3.89218 2.9053 1.5
    endloop
  endfacet
  facet normal 0.146737 0.989176 0
    outer loop
      vertex 3.7854 2.92114 1.5
      vertex 3.89218 2.9053 0
      vertex 3.7854 2.92114 0
    endloop
  endfacet
  facet normal -0.427581 -0.903977 0
    outer loop
      vertex 4.42095 5.01627 0
      vertex 4.51854 4.97011 1.5
      vertex 4.42095 5.01627 1.5
    endloop
  endfacet
  facet normal -0.427581 -0.903977 -0
    outer loop
      vertex 4.51854 4.97011 1.5
      vertex 4.42095 5.01627 0
      vertex 4.51854 4.97011 0
    endloop
  endfacet
  facet normal -0.671515 0.740991 0
    outer loop
      vertex 4.77782 3.22218 0
      vertex 4.69783 3.14969 1.5
      vertex 4.77782 3.22218 1.5
    endloop
  endfacet
  facet normal -0.671515 0.740991 0
    outer loop
      vertex 4.69783 3.14969 1.5
      vertex 4.77782 3.22218 0
      vertex 4.69783 3.14969 0
    endloop
  endfacet
  facet normal -0.941566 -0.336829 0
    outer loop
      vertex 5.05263 4.31931 0
      vertex 5.01627 4.42095 1.5
      vertex 5.01627 4.42095 0
    endloop
  endfacet
  facet normal -0.941566 -0.336829 0
    outer loop
      vertex 5.01627 4.42095 1.5
      vertex 5.05263 4.31931 0
      vertex 5.05263 4.31931 1.5
    endloop
  endfacet
  facet normal 0.740991 0.671515 0
    outer loop
      vertex 3.22218 3.22218 1.5
      vertex 3.14969 3.30217 0
      vertex 3.14969 3.30217 1.5
    endloop
  endfacet
  facet normal 0.740991 0.671515 0
    outer loop
      vertex 3.14969 3.30217 0
      vertex 3.22218 3.22218 1.5
      vertex 3.22218 3.22218 0
    endloop
  endfacet
  facet normal 0.671515 -0.740991 0
    outer loop
      vertex 3.22218 4.77782 0
      vertex 3.30217 4.85031 1.5
      vertex 3.22218 4.77782 1.5
    endloop
  endfacet
  facet normal 0.671515 -0.740991 0
    outer loop
      vertex 3.30217 4.85031 1.5
      vertex 3.22218 4.77782 0
      vertex 3.30217 4.85031 0
    endloop
  endfacet
  facet normal -0.671515 -0.740991 0
    outer loop
      vertex 4.69783 4.85031 0
      vertex 4.77782 4.77782 1.5
      vertex 4.69783 4.85031 1.5
    endloop
  endfacet
  facet normal -0.671515 -0.740991 -0
    outer loop
      vertex 4.77782 4.77782 1.5
      vertex 4.69783 4.85031 0
      vertex 4.77782 4.77782 0
    endloop
  endfacet
  facet normal -0.989229 -0.146374 0
    outer loop
      vertex 68.2197 4.10782 0
      vertex 68.2039 4.2146 1.5
      vertex 68.2039 4.2146 0
    endloop
  endfacet
  facet normal -0.989229 -0.146374 0
    outer loop
      vertex 68.2039 4.2146 1.5
      vertex 68.2197 4.10782 0
      vertex 68.2197 4.10782 1.5
    endloop
  endfacet
  facet normal -0.595752 -0.803168 0
    outer loop
      vertex 67.7361 4.91462 0
      vertex 67.8228 4.85031 1.5
      vertex 67.7361 4.91462 1.5
    endloop
  endfacet
  facet normal -0.595752 -0.803168 -0
    outer loop
      vertex 67.8228 4.85031 1.5
      vertex 67.7361 4.91462 0
      vertex 67.8228 4.85031 0
    endloop
  endfacet
  facet normal -0.998794 -0.0490967 0
    outer loop
      vertex 68.225 4 0
      vertex 68.2197 4.10782 1.5
      vertex 68.2197 4.10782 0
    endloop
  endfacet
  facet normal -0.998794 -0.0490967 0
    outer loop
      vertex 68.2197 4.10782 1.5
      vertex 68.225 4 0
      vertex 68.225 4 1.5
    endloop
  endfacet
  facet normal 0.969875 -0.243603 0
    outer loop
      vertex 66.0461 4.2146 1.5
      vertex 66.0724 4.31931 0
      vertex 66.0724 4.31931 1.5
    endloop
  endfacet
  facet normal 0.969875 -0.243603 0
    outer loop
      vertex 66.0724 4.31931 0
      vertex 66.0461 4.2146 1.5
      vertex 66.0461 4.2146 0
    endloop
  endfacet
  facet normal -0.998794 0.0490967 0
    outer loop
      vertex 68.2197 3.89218 0
      vertex 68.225 4 1.5
      vertex 68.225 4 0
    endloop
  endfacet
  facet normal -0.998794 0.0490967 0
    outer loop
      vertex 68.225 4 1.5
      vertex 68.2197 3.89218 0
      vertex 68.2197 3.89218 1.5
    endloop
  endfacet
  facet normal -0.595752 0.803168 0
    outer loop
      vertex 67.8228 3.14969 0
      vertex 67.7361 3.08538 1.5
      vertex 67.8228 3.14969 1.5
    endloop
  endfacet
  facet normal -0.595752 0.803168 0
    outer loop
      vertex 67.7361 3.08538 1.5
      vertex 67.8228 3.14969 0
      vertex 67.7361 3.08538 0
    endloop
  endfacet
  facet normal 0.998794 -0.0490967 0
    outer loop
      vertex 66.025 4 1.5
      vertex 66.0303 4.10782 0
      vertex 66.0303 4.10782 1.5
    endloop
  endfacet
  facet normal 0.998794 -0.0490967 0
    outer loop
      vertex 66.0303 4.10782 0
      vertex 66.025 4 1.5
      vertex 66.025 4 0
    endloop
  endfacet
  facet normal -0.941742 0.336336 0
    outer loop
      vertex 68.1413 3.57905 0
      vertex 68.1776 3.68069 1.5
      vertex 68.1776 3.68069 0
    endloop
  endfacet
  facet normal -0.941742 0.336336 0
    outer loop
      vertex 68.1776 3.68069 1.5
      vertex 68.1413 3.57905 0
      vertex 68.1413 3.57905 1.5
    endloop
  endfacet
  facet normal -0.514019 -0.857779 0
    outer loop
      vertex 67.6435 4.97011 0
      vertex 67.7361 4.91462 1.5
      vertex 67.6435 4.97011 1.5
    endloop
  endfacet
  facet normal -0.514019 -0.857779 -0
    outer loop
      vertex 67.7361 4.91462 1.5
      vertex 67.6435 4.97011 0
      vertex 67.7361 4.91462 0
    endloop
  endfacet
  facet normal 0.514019 -0.857779 0
    outer loop
      vertex 66.5139 4.91462 0
      vertex 66.6065 4.97011 1.5
      vertex 66.5139 4.91462 1.5
    endloop
  endfacet
  facet normal 0.514019 -0.857779 0
    outer loop
      vertex 66.6065 4.97011 1.5
      vertex 66.5139 4.91462 0
      vertex 66.6065 4.97011 0
    endloop
  endfacet
  facet normal 0.941742 -0.336336 0
    outer loop
      vertex 66.0724 4.31931 1.5
      vertex 66.1087 4.42095 0
      vertex 66.1087 4.42095 1.5
    endloop
  endfacet
  facet normal 0.941742 -0.336336 0
    outer loop
      vertex 66.1087 4.42095 0
      vertex 66.0724 4.31931 1.5
      vertex 66.0724 4.31931 0
    endloop
  endfacet
  facet normal 0.595752 -0.803168 0
    outer loop
      vertex 66.4272 4.85031 0
      vertex 66.5139 4.91462 1.5
      vertex 66.4272 4.85031 1.5
    endloop
  endfacet
  facet normal 0.595752 -0.803168 0
    outer loop
      vertex 66.5139 4.91462 1.5
      vertex 66.4272 4.85031 0
      vertex 66.5139 4.91462 0
    endloop
  endfacet
  facet normal 0.857714 0.514128 0
    outer loop
      vertex 66.2104 3.38887 1.5
      vertex 66.1549 3.48146 0
      vertex 66.1549 3.48146 1.5
    endloop
  endfacet
  facet normal 0.857714 0.514128 0
    outer loop
      vertex 66.1549 3.48146 0
      vertex 66.2104 3.38887 1.5
      vertex 66.2104 3.38887 0
    endloop
  endfacet
  facet normal 0.243015 -0.970022 0
    outer loop
      vertex 66.8057 5.05263 0
      vertex 66.9104 5.07886 1.5
      vertex 66.8057 5.05263 1.5
    endloop
  endfacet
  facet normal 0.243015 -0.970022 0
    outer loop
      vertex 66.9104 5.07886 1.5
      vertex 66.8057 5.05263 0
      vertex 66.9104 5.07886 0
    endloop
  endfacet
  facet normal 0.14671 -0.98918 0
    outer loop
      vertex 66.9104 5.07886 0
      vertex 67.0172 5.0947 1.5
      vertex 66.9104 5.07886 1.5
    endloop
  endfacet
  facet normal 0.14671 -0.98918 0
    outer loop
      vertex 67.0172 5.0947 1.5
      vertex 66.9104 5.07886 0
      vertex 67.0172 5.0947 0
    endloop
  endfacet
  facet normal -0.242928 0.970044 0
    outer loop
      vertex 67.4443 2.94736 0
      vertex 67.3396 2.92114 1.5
      vertex 67.4443 2.94736 1.5
    endloop
  endfacet
  facet normal -0.242928 0.970044 0
    outer loop
      vertex 67.3396 2.92114 1.5
      vertex 67.4443 2.94736 0
      vertex 67.3396 2.92114 0
    endloop
  endfacet
  facet normal 0.242928 0.970044 -0
    outer loop
      vertex 66.9104 2.92114 0
      vertex 66.8057 2.94736 1.5
      vertex 66.9104 2.92114 1.5
    endloop
  endfacet
  facet normal 0.242928 0.970044 0
    outer loop
      vertex 66.8057 2.94736 1.5
      vertex 66.9104 2.92114 0
      vertex 66.8057 2.94736 0
    endloop
  endfacet
  facet normal -0.427903 0.903825 0
    outer loop
      vertex 67.6435 3.02989 0
      vertex 67.546 2.98373 1.5
      vertex 67.6435 3.02989 1.5
    endloop
  endfacet
  facet normal -0.427903 0.903825 0
    outer loop
      vertex 67.546 2.98373 1.5
      vertex 67.6435 3.02989 0
      vertex 67.546 2.98373 0
    endloop
  endfacet
  facet normal 0.969875 0.243603 0
    outer loop
      vertex 66.0724 3.68069 1.5
      vertex 66.0461 3.7854 0
      vertex 66.0461 3.7854 1.5
    endloop
  endfacet
  facet normal 0.969875 0.243603 0
    outer loop
      vertex 66.0461 3.7854 0
      vertex 66.0724 3.68069 1.5
      vertex 66.0724 3.68069 0
    endloop
  endfacet
  facet normal -0.14671 0.98918 0
    outer loop
      vertex 67.3396 2.92114 0
      vertex 67.2328 2.9053 1.5
      vertex 67.3396 2.92114 1.5
    endloop
  endfacet
  facet normal -0.14671 0.98918 0
    outer loop
      vertex 67.2328 2.9053 1.5
      vertex 67.3396 2.92114 0
      vertex 67.2328 2.9053 0
    endloop
  endfacet
  facet normal -0.514019 0.857779 0
    outer loop
      vertex 67.7361 3.08538 0
      vertex 67.6435 3.02989 1.5
      vertex 67.7361 3.08538 1.5
    endloop
  endfacet
  facet normal -0.514019 0.857779 0
    outer loop
      vertex 67.6435 3.02989 1.5
      vertex 67.7361 3.08538 0
      vertex 67.6435 3.02989 0
    endloop
  endfacet
  facet normal -0.989229 0.146374 0
    outer loop
      vertex 68.2039 3.7854 0
      vertex 68.2197 3.89218 1.5
      vertex 68.2197 3.89218 0
    endloop
  endfacet
  facet normal -0.989229 0.146374 0
    outer loop
      vertex 68.2197 3.89218 1.5
      vertex 68.2039 3.7854 0
      vertex 68.2039 3.7854 1.5
    endloop
  endfacet
  facet normal 0.514019 0.857779 -0
    outer loop
      vertex 66.6065 3.02989 0
      vertex 66.5139 3.08538 1.5
      vertex 66.6065 3.02989 1.5
    endloop
  endfacet
  facet normal 0.514019 0.857779 0
    outer loop
      vertex 66.5139 3.08538 1.5
      vertex 66.6065 3.02989 0
      vertex 66.5139 3.08538 0
    endloop
  endfacet
  facet normal 0.989229 -0.146374 0
    outer loop
      vertex 66.0303 4.10782 1.5
      vertex 66.0461 4.2146 0
      vertex 66.0461 4.2146 1.5
    endloop
  endfacet
  facet normal 0.989229 -0.146374 0
    outer loop
      vertex 66.0461 4.2146 0
      vertex 66.0303 4.10782 1.5
      vertex 66.0303 4.10782 0
    endloop
  endfacet
  facet normal 0.989229 0.146374 0
    outer loop
      vertex 66.0461 3.7854 1.5
      vertex 66.0303 3.89218 0
      vertex 66.0303 3.89218 1.5
    endloop
  endfacet
  facet normal 0.989229 0.146374 0
    outer loop
      vertex 66.0303 3.89218 0
      vertex 66.0461 3.7854 1.5
      vertex 66.0461 3.7854 0
    endloop
  endfacet
  facet normal 0.857714 -0.514128 0
    outer loop
      vertex 66.1549 4.51854 1.5
      vertex 66.2104 4.61113 0
      vertex 66.2104 4.61113 1.5
    endloop
  endfacet
  facet normal 0.857714 -0.514128 0
    outer loop
      vertex 66.2104 4.61113 0
      vertex 66.1549 4.51854 1.5
      vertex 66.1549 4.51854 0
    endloop
  endfacet
  facet normal 0.803212 0.595693 0
    outer loop
      vertex 66.2747 3.30217 1.5
      vertex 66.2104 3.38887 0
      vertex 66.2104 3.38887 1.5
    endloop
  endfacet
  facet normal 0.803212 0.595693 0
    outer loop
      vertex 66.2104 3.38887 0
      vertex 66.2747 3.30217 1.5
      vertex 66.2747 3.30217 0
    endloop
  endfacet
  facet normal 0.740945 -0.671566 0
    outer loop
      vertex 66.2747 4.69783 1.5
      vertex 66.3472 4.77782 0
      vertex 66.3472 4.77782 1.5
    endloop
  endfacet
  facet normal 0.740945 -0.671566 0
    outer loop
      vertex 66.3472 4.77782 0
      vertex 66.2747 4.69783 1.5
      vertex 66.2747 4.69783 0
    endloop
  endfacet
  facet normal -0.14671 -0.98918 0
    outer loop
      vertex 67.2328 5.0947 0
      vertex 67.3396 5.07886 1.5
      vertex 67.2328 5.0947 1.5
    endloop
  endfacet
  facet normal -0.14671 -0.98918 -0
    outer loop
      vertex 67.3396 5.07886 1.5
      vertex 67.2328 5.0947 0
      vertex 67.3396 5.07886 0
    endloop
  endfacet
  facet normal 0.0491058 0.998794 -0
    outer loop
      vertex 67.125 2.9 0
      vertex 67.0172 2.9053 1.5
      vertex 67.125 2.9 1.5
    endloop
  endfacet
  facet normal 0.0491058 0.998794 0
    outer loop
      vertex 67.0172 2.9053 1.5
      vertex 67.125 2.9 0
      vertex 67.0172 2.9053 0
    endloop
  endfacet
  facet normal -0.857714 -0.514128 0
    outer loop
      vertex 68.0951 4.51854 0
      vertex 68.0396 4.61113 1.5
      vertex 68.0396 4.61113 0
    endloop
  endfacet
  facet normal -0.857714 -0.514128 0
    outer loop
      vertex 68.0396 4.61113 1.5
      vertex 68.0951 4.51854 0
      vertex 68.0951 4.51854 1.5
    endloop
  endfacet
  facet normal -0.803212 -0.595693 0
    outer loop
      vertex 68.0396 4.61113 0
      vertex 67.9753 4.69783 1.5
      vertex 67.9753 4.69783 0
    endloop
  endfacet
  facet normal -0.803212 -0.595693 0
    outer loop
      vertex 67.9753 4.69783 1.5
      vertex 68.0396 4.61113 0
      vertex 68.0396 4.61113 1.5
    endloop
  endfacet
  facet normal 0.336735 0.941599 -0
    outer loop
      vertex 66.8057 2.94736 0
      vertex 66.704 2.98373 1.5
      vertex 66.8057 2.94736 1.5
    endloop
  endfacet
  facet normal 0.336735 0.941599 0
    outer loop
      vertex 66.704 2.98373 1.5
      vertex 66.8057 2.94736 0
      vertex 66.704 2.98373 0
    endloop
  endfacet
  facet normal 0.427903 0.903825 -0
    outer loop
      vertex 66.704 2.98373 0
      vertex 66.6065 3.02989 1.5
      vertex 66.704 2.98373 1.5
    endloop
  endfacet
  facet normal 0.427903 0.903825 0
    outer loop
      vertex 66.6065 3.02989 1.5
      vertex 66.704 2.98373 0
      vertex 66.6065 3.02989 0
    endloop
  endfacet
  facet normal 0.671469 0.741033 -0
    outer loop
      vertex 66.4272 3.14969 0
      vertex 66.3472 3.22218 1.5
      vertex 66.4272 3.14969 1.5
    endloop
  endfacet
  facet normal 0.671469 0.741033 0
    outer loop
      vertex 66.3472 3.22218 1.5
      vertex 66.4272 3.14969 0
      vertex 66.3472 3.22218 0
    endloop
  endfacet
  facet normal 0.0491058 -0.998794 0
    outer loop
      vertex 67.0172 5.0947 0
      vertex 67.125 5.1 1.5
      vertex 67.0172 5.0947 1.5
    endloop
  endfacet
  facet normal 0.0491058 -0.998794 0
    outer loop
      vertex 67.125 5.1 1.5
      vertex 67.0172 5.0947 0
      vertex 67.125 5.1 0
    endloop
  endfacet
  facet normal -0.803212 0.595693 0
    outer loop
      vertex 67.9753 3.30217 0
      vertex 68.0396 3.38887 1.5
      vertex 68.0396 3.38887 0
    endloop
  endfacet
  facet normal -0.803212 0.595693 0
    outer loop
      vertex 68.0396 3.38887 1.5
      vertex 67.9753 3.30217 0
      vertex 67.9753 3.30217 1.5
    endloop
  endfacet
  facet normal -0.903834 0.427883 0
    outer loop
      vertex 68.0951 3.48146 0
      vertex 68.1413 3.57905 1.5
      vertex 68.1413 3.57905 0
    endloop
  endfacet
  facet normal -0.903834 0.427883 0
    outer loop
      vertex 68.1413 3.57905 1.5
      vertex 68.0951 3.48146 0
      vertex 68.0951 3.48146 1.5
    endloop
  endfacet
  facet normal 0.740945 0.671566 0
    outer loop
      vertex 66.3472 3.22218 1.5
      vertex 66.2747 3.30217 0
      vertex 66.2747 3.30217 1.5
    endloop
  endfacet
  facet normal 0.740945 0.671566 0
    outer loop
      vertex 66.2747 3.30217 0
      vertex 66.3472 3.22218 1.5
      vertex 66.3472 3.22218 0
    endloop
  endfacet
  facet normal -0.857714 0.514128 0
    outer loop
      vertex 68.0396 3.38887 0
      vertex 68.0951 3.48146 1.5
      vertex 68.0951 3.48146 0
    endloop
  endfacet
  facet normal -0.857714 0.514128 0
    outer loop
      vertex 68.0951 3.48146 1.5
      vertex 68.0396 3.38887 0
      vertex 68.0396 3.38887 1.5
    endloop
  endfacet
  facet normal -0.969875 0.243603 0
    outer loop
      vertex 68.1776 3.68069 0
      vertex 68.2039 3.7854 1.5
      vertex 68.2039 3.7854 0
    endloop
  endfacet
  facet normal -0.969875 0.243603 0
    outer loop
      vertex 68.2039 3.7854 1.5
      vertex 68.1776 3.68069 0
      vertex 68.1776 3.68069 1.5
    endloop
  endfacet
  facet normal -0.0491058 0.998794 0
    outer loop
      vertex 67.2328 2.9053 0
      vertex 67.125 2.9 1.5
      vertex 67.2328 2.9053 1.5
    endloop
  endfacet
  facet normal -0.0491058 0.998794 0
    outer loop
      vertex 67.125 2.9 1.5
      vertex 67.2328 2.9053 0
      vertex 67.125 2.9 0
    endloop
  endfacet
  facet normal 0.903834 0.427883 0
    outer loop
      vertex 66.1549 3.48146 1.5
      vertex 66.1087 3.57905 0
      vertex 66.1087 3.57905 1.5
    endloop
  endfacet
  facet normal 0.903834 0.427883 0
    outer loop
      vertex 66.1087 3.57905 0
      vertex 66.1549 3.48146 1.5
      vertex 66.1549 3.48146 0
    endloop
  endfacet
  facet normal 0.941742 0.336336 0
    outer loop
      vertex 66.1087 3.57905 1.5
      vertex 66.0724 3.68069 0
      vertex 66.0724 3.68069 1.5
    endloop
  endfacet
  facet normal 0.941742 0.336336 0
    outer loop
      vertex 66.0724 3.68069 0
      vertex 66.1087 3.57905 1.5
      vertex 66.1087 3.57905 0
    endloop
  endfacet
  facet normal -0.740945 0.671566 0
    outer loop
      vertex 67.9028 3.22218 0
      vertex 67.9753 3.30217 1.5
      vertex 67.9753 3.30217 0
    endloop
  endfacet
  facet normal -0.740945 0.671566 0
    outer loop
      vertex 67.9753 3.30217 1.5
      vertex 67.9028 3.22218 0
      vertex 67.9028 3.22218 1.5
    endloop
  endfacet
  facet normal 0.998794 0.0490967 0
    outer loop
      vertex 66.0303 3.89218 1.5
      vertex 66.025 4 0
      vertex 66.025 4 1.5
    endloop
  endfacet
  facet normal 0.998794 0.0490967 0
    outer loop
      vertex 66.025 4 0
      vertex 66.0303 3.89218 1.5
      vertex 66.0303 3.89218 0
    endloop
  endfacet
  facet normal -0.336735 0.941599 0
    outer loop
      vertex 67.546 2.98373 0
      vertex 67.4443 2.94736 1.5
      vertex 67.546 2.98373 1.5
    endloop
  endfacet
  facet normal -0.336735 0.941599 0
    outer loop
      vertex 67.4443 2.94736 1.5
      vertex 67.546 2.98373 0
      vertex 67.4443 2.94736 0
    endloop
  endfacet
  facet normal -0.903834 -0.427883 0
    outer loop
      vertex 68.1413 4.42095 0
      vertex 68.0951 4.51854 1.5
      vertex 68.0951 4.51854 0
    endloop
  endfacet
  facet normal -0.903834 -0.427883 0
    outer loop
      vertex 68.0951 4.51854 1.5
      vertex 68.1413 4.42095 0
      vertex 68.1413 4.42095 1.5
    endloop
  endfacet
  facet normal -0.336653 -0.941629 0
    outer loop
      vertex 67.4443 5.05263 0
      vertex 67.546 5.01627 1.5
      vertex 67.4443 5.05263 1.5
    endloop
  endfacet
  facet normal -0.336653 -0.941629 -0
    outer loop
      vertex 67.546 5.01627 1.5
      vertex 67.4443 5.05263 0
      vertex 67.546 5.01627 0
    endloop
  endfacet
  facet normal -0.0491058 -0.998794 0
    outer loop
      vertex 67.125 5.1 0
      vertex 67.2328 5.0947 1.5
      vertex 67.125 5.1 1.5
    endloop
  endfacet
  facet normal -0.0491058 -0.998794 -0
    outer loop
      vertex 67.2328 5.0947 1.5
      vertex 67.125 5.1 0
      vertex 67.2328 5.0947 0
    endloop
  endfacet
  facet normal 0.803212 -0.595693 0
    outer loop
      vertex 66.2104 4.61113 1.5
      vertex 66.2747 4.69783 0
      vertex 66.2747 4.69783 1.5
    endloop
  endfacet
  facet normal 0.803212 -0.595693 0
    outer loop
      vertex 66.2747 4.69783 0
      vertex 66.2104 4.61113 1.5
      vertex 66.2104 4.61113 0
    endloop
  endfacet
  facet normal 0.336653 -0.941629 0
    outer loop
      vertex 66.704 5.01627 0
      vertex 66.8057 5.05263 1.5
      vertex 66.704 5.01627 1.5
    endloop
  endfacet
  facet normal 0.336653 -0.941629 0
    outer loop
      vertex 66.8057 5.05263 1.5
      vertex 66.704 5.01627 0
      vertex 66.8057 5.05263 0
    endloop
  endfacet
  facet normal 0.427903 -0.903825 0
    outer loop
      vertex 66.6065 4.97011 0
      vertex 66.704 5.01627 1.5
      vertex 66.6065 4.97011 1.5
    endloop
  endfacet
  facet normal 0.427903 -0.903825 0
    outer loop
      vertex 66.704 5.01627 1.5
      vertex 66.6065 4.97011 0
      vertex 66.704 5.01627 0
    endloop
  endfacet
  facet normal 0.595752 0.803168 -0
    outer loop
      vertex 66.5139 3.08538 0
      vertex 66.4272 3.14969 1.5
      vertex 66.5139 3.08538 1.5
    endloop
  endfacet
  facet normal 0.595752 0.803168 0
    outer loop
      vertex 66.4272 3.14969 1.5
      vertex 66.5139 3.08538 0
      vertex 66.4272 3.14969 0
    endloop
  endfacet
  facet normal -0.243015 -0.970022 0
    outer loop
      vertex 67.3396 5.07886 0
      vertex 67.4443 5.05263 1.5
      vertex 67.3396 5.07886 1.5
    endloop
  endfacet
  facet normal -0.243015 -0.970022 -0
    outer loop
      vertex 67.4443 5.05263 1.5
      vertex 67.3396 5.07886 0
      vertex 67.4443 5.05263 0
    endloop
  endfacet
  facet normal 0.903834 -0.427883 0
    outer loop
      vertex 66.1087 4.42095 1.5
      vertex 66.1549 4.51854 0
      vertex 66.1549 4.51854 1.5
    endloop
  endfacet
  facet normal 0.903834 -0.427883 0
    outer loop
      vertex 66.1549 4.51854 0
      vertex 66.1087 4.42095 1.5
      vertex 66.1087 4.42095 0
    endloop
  endfacet
  facet normal -0.740945 -0.671566 0
    outer loop
      vertex 67.9753 4.69783 0
      vertex 67.9028 4.77782 1.5
      vertex 67.9028 4.77782 0
    endloop
  endfacet
  facet normal -0.740945 -0.671566 0
    outer loop
      vertex 67.9028 4.77782 1.5
      vertex 67.9753 4.69783 0
      vertex 67.9753 4.69783 1.5
    endloop
  endfacet
  facet normal -0.969875 -0.243603 0
    outer loop
      vertex 68.2039 4.2146 0
      vertex 68.1776 4.31931 1.5
      vertex 68.1776 4.31931 0
    endloop
  endfacet
  facet normal -0.969875 -0.243603 0
    outer loop
      vertex 68.1776 4.31931 1.5
      vertex 68.2039 4.2146 0
      vertex 68.2039 4.2146 1.5
    endloop
  endfacet
  facet normal 0.14671 0.98918 -0
    outer loop
      vertex 67.0172 2.9053 0
      vertex 66.9104 2.92114 1.5
      vertex 67.0172 2.9053 1.5
    endloop
  endfacet
  facet normal 0.14671 0.98918 0
    outer loop
      vertex 66.9104 2.92114 1.5
      vertex 67.0172 2.9053 0
      vertex 66.9104 2.92114 0
    endloop
  endfacet
  facet normal -0.427903 -0.903825 0
    outer loop
      vertex 67.546 5.01627 0
      vertex 67.6435 4.97011 1.5
      vertex 67.546 5.01627 1.5
    endloop
  endfacet
  facet normal -0.427903 -0.903825 -0
    outer loop
      vertex 67.6435 4.97011 1.5
      vertex 67.546 5.01627 0
      vertex 67.6435 4.97011 0
    endloop
  endfacet
  facet normal -0.671469 0.741033 0
    outer loop
      vertex 67.9028 3.22218 0
      vertex 67.8228 3.14969 1.5
      vertex 67.9028 3.22218 1.5
    endloop
  endfacet
  facet normal -0.671469 0.741033 0
    outer loop
      vertex 67.8228 3.14969 1.5
      vertex 67.9028 3.22218 0
      vertex 67.8228 3.14969 0
    endloop
  endfacet
  facet normal -0.941742 -0.336336 0
    outer loop
      vertex 68.1776 4.31931 0
      vertex 68.1413 4.42095 1.5
      vertex 68.1413 4.42095 0
    endloop
  endfacet
  facet normal -0.941742 -0.336336 0
    outer loop
      vertex 68.1413 4.42095 1.5
      vertex 68.1776 4.31931 0
      vertex 68.1776 4.31931 1.5
    endloop
  endfacet
  facet normal 0.671469 -0.741033 0
    outer loop
      vertex 66.3472 4.77782 0
      vertex 66.4272 4.85031 1.5
      vertex 66.3472 4.77782 1.5
    endloop
  endfacet
  facet normal 0.671469 -0.741033 0
    outer loop
      vertex 66.4272 4.85031 1.5
      vertex 66.3472 4.77782 0
      vertex 66.4272 4.85031 0
    endloop
  endfacet
  facet normal -0.671469 -0.741033 0
    outer loop
      vertex 67.8228 4.85031 0
      vertex 67.9028 4.77782 1.5
      vertex 67.8228 4.85031 1.5
    endloop
  endfacet
  facet normal -0.671469 -0.741033 -0
    outer loop
      vertex 67.9028 4.77782 1.5
      vertex 67.8228 4.85031 0
      vertex 67.9028 4.77782 0
    endloop
  endfacet
  facet normal -0.671566 0.740945 0
    outer loop
      vertex 4.77782 38.1222 0
      vertex 4.69783 38.0497 1.5
      vertex 4.77782 38.1222 1.5
    endloop
  endfacet
  facet normal -0.671566 0.740945 0
    outer loop
      vertex 4.69783 38.0497 1.5
      vertex 4.77782 38.1222 0
      vertex 4.69783 38.0497 0
    endloop
  endfacet
  facet normal -0.98918 -0.14671 0
    outer loop
      vertex 5.0947 39.0078 0
      vertex 5.07886 39.1146 1.5
      vertex 5.07886 39.1146 0
    endloop
  endfacet
  facet normal -0.98918 -0.14671 0
    outer loop
      vertex 5.07886 39.1146 1.5
      vertex 5.0947 39.0078 0
      vertex 5.0947 39.0078 1.5
    endloop
  endfacet
  facet normal -0.514128 -0.857714 0
    outer loop
      vertex 4.51854 39.8701 0
      vertex 4.61113 39.8146 1.5
      vertex 4.51854 39.8701 1.5
    endloop
  endfacet
  facet normal -0.514128 -0.857714 -0
    outer loop
      vertex 4.61113 39.8146 1.5
      vertex 4.51854 39.8701 0
      vertex 4.61113 39.8146 0
    endloop
  endfacet
  facet normal -0.998794 -0.0491058 0
    outer loop
      vertex 5.1 38.9 0
      vertex 5.0947 39.0078 1.5
      vertex 5.0947 39.0078 0
    endloop
  endfacet
  facet normal -0.998794 -0.0491058 0
    outer loop
      vertex 5.0947 39.0078 1.5
      vertex 5.1 38.9 0
      vertex 5.1 38.9 1.5
    endloop
  endfacet
  facet normal 0.0490967 -0.998794 0
    outer loop
      vertex 3.89218 39.9947 0
      vertex 4 40 1.5
      vertex 3.89218 39.9947 1.5
    endloop
  endfacet
  facet normal 0.0490967 -0.998794 0
    outer loop
      vertex 4 40 1.5
      vertex 3.89218 39.9947 0
      vertex 4 40 0
    endloop
  endfacet
  facet normal -0.998794 0.0491058 0
    outer loop
      vertex 5.0947 38.7922 0
      vertex 5.1 38.9 1.5
      vertex 5.1 38.9 0
    endloop
  endfacet
  facet normal -0.998794 0.0491058 0
    outer loop
      vertex 5.1 38.9 1.5
      vertex 5.0947 38.7922 0
      vertex 5.0947 38.7922 1.5
    endloop
  endfacet
  facet normal 0.903825 -0.427903 0
    outer loop
      vertex 2.98373 39.321 1.5
      vertex 3.02989 39.4185 0
      vertex 3.02989 39.4185 1.5
    endloop
  endfacet
  facet normal 0.903825 -0.427903 0
    outer loop
      vertex 3.02989 39.4185 0
      vertex 2.98373 39.321 1.5
      vertex 2.98373 39.321 0
    endloop
  endfacet
  facet normal -0.0490967 0.998794 0
    outer loop
      vertex 4.10782 37.8053 0
      vertex 4 37.8 1.5
      vertex 4.10782 37.8053 1.5
    endloop
  endfacet
  facet normal -0.0490967 0.998794 0
    outer loop
      vertex 4 37.8 1.5
      vertex 4.10782 37.8053 0
      vertex 4 37.8 0
    endloop
  endfacet
  facet normal -0.595693 0.803212 0
    outer loop
      vertex 4.69783 38.0497 0
      vertex 4.61113 37.9854 1.5
      vertex 4.69783 38.0497 1.5
    endloop
  endfacet
  facet normal -0.595693 0.803212 0
    outer loop
      vertex 4.61113 37.9854 1.5
      vertex 4.69783 38.0497 0
      vertex 4.61113 37.9854 0
    endloop
  endfacet
  facet normal -0.941629 0.336653 0
    outer loop
      vertex 5.01627 38.479 0
      vertex 5.05263 38.5807 1.5
      vertex 5.05263 38.5807 0
    endloop
  endfacet
  facet normal -0.941629 0.336653 0
    outer loop
      vertex 5.05263 38.5807 1.5
      vertex 5.01627 38.479 0
      vertex 5.01627 38.479 1.5
    endloop
  endfacet
  facet normal -0.427883 -0.903834 0
    outer loop
      vertex 4.42095 39.9163 0
      vertex 4.51854 39.8701 1.5
      vertex 4.42095 39.9163 1.5
    endloop
  endfacet
  facet normal -0.427883 -0.903834 -0
    outer loop
      vertex 4.51854 39.8701 1.5
      vertex 4.42095 39.9163 0
      vertex 4.51854 39.8701 0
    endloop
  endfacet
  facet normal 0.803168 -0.595752 0
    outer loop
      vertex 3.08538 39.5111 1.5
      vertex 3.14969 39.5978 0
      vertex 3.14969 39.5978 1.5
    endloop
  endfacet
  facet normal 0.803168 -0.595752 0
    outer loop
      vertex 3.14969 39.5978 0
      vertex 3.08538 39.5111 1.5
      vertex 3.08538 39.5111 0
    endloop
  endfacet
  facet normal -0.0490967 -0.998794 0
    outer loop
      vertex 4 40 0
      vertex 4.10782 39.9947 1.5
      vertex 4 40 1.5
    endloop
  endfacet
  facet normal -0.0490967 -0.998794 -0
    outer loop
      vertex 4.10782 39.9947 1.5
      vertex 4 40 0
      vertex 4.10782 39.9947 0
    endloop
  endfacet
  facet normal 0.595693 -0.803212 0
    outer loop
      vertex 3.30217 39.7503 0
      vertex 3.38887 39.8146 1.5
      vertex 3.30217 39.7503 1.5
    endloop
  endfacet
  facet normal 0.595693 -0.803212 0
    outer loop
      vertex 3.38887 39.8146 1.5
      vertex 3.30217 39.7503 0
      vertex 3.38887 39.8146 0
    endloop
  endfacet
  facet normal 0.857779 0.514019 0
    outer loop
      vertex 3.08538 38.2889 1.5
      vertex 3.02989 38.3815 0
      vertex 3.02989 38.3815 1.5
    endloop
  endfacet
  facet normal 0.857779 0.514019 0
    outer loop
      vertex 3.02989 38.3815 0
      vertex 3.08538 38.2889 1.5
      vertex 3.08538 38.2889 0
    endloop
  endfacet
  facet normal 0.741033 -0.671469 0
    outer loop
      vertex 3.14969 39.5978 1.5
      vertex 3.22218 39.6778 0
      vertex 3.22218 39.6778 1.5
    endloop
  endfacet
  facet normal 0.741033 -0.671469 0
    outer loop
      vertex 3.22218 39.6778 0
      vertex 3.14969 39.5978 1.5
      vertex 3.14969 39.5978 0
    endloop
  endfacet
  facet normal -0.741033 0.671469 0
    outer loop
      vertex 4.77782 38.1222 0
      vertex 4.85031 38.2022 1.5
      vertex 4.85031 38.2022 0
    endloop
  endfacet
  facet normal -0.741033 0.671469 0
    outer loop
      vertex 4.85031 38.2022 1.5
      vertex 4.77782 38.1222 0
      vertex 4.77782 38.1222 1.5
    endloop
  endfacet
  facet normal -0.243603 0.969875 0
    outer loop
      vertex 4.31931 37.8474 0
      vertex 4.2146 37.8211 1.5
      vertex 4.31931 37.8474 1.5
    endloop
  endfacet
  facet normal -0.243603 0.969875 0
    outer loop
      vertex 4.2146 37.8211 1.5
      vertex 4.31931 37.8474 0
      vertex 4.2146 37.8211 0
    endloop
  endfacet
  facet normal 0.941599 -0.336735 0
    outer loop
      vertex 2.94736 39.2193 1.5
      vertex 2.98373 39.321 0
      vertex 2.98373 39.321 1.5
    endloop
  endfacet
  facet normal 0.941599 -0.336735 0
    outer loop
      vertex 2.98373 39.321 0
      vertex 2.94736 39.2193 1.5
      vertex 2.94736 39.2193 0
    endloop
  endfacet
  facet normal -0.427883 0.903834 0
    outer loop
      vertex 4.51854 37.9299 0
      vertex 4.42095 37.8837 1.5
      vertex 4.51854 37.9299 1.5
    endloop
  endfacet
  facet normal -0.427883 0.903834 0
    outer loop
      vertex 4.42095 37.8837 1.5
      vertex 4.51854 37.9299 0
      vertex 4.42095 37.8837 0
    endloop
  endfacet
  facet normal 0.970044 0.242928 0
    outer loop
      vertex 2.94736 38.5807 1.5
      vertex 2.92114 38.6854 0
      vertex 2.92114 38.6854 1.5
    endloop
  endfacet
  facet normal 0.970044 0.242928 0
    outer loop
      vertex 2.92114 38.6854 0
      vertex 2.94736 38.5807 1.5
      vertex 2.94736 38.5807 0
    endloop
  endfacet
  facet normal -0.146374 0.989229 0
    outer loop
      vertex 4.2146 37.8211 0
      vertex 4.10782 37.8053 1.5
      vertex 4.2146 37.8211 1.5
    endloop
  endfacet
  facet normal -0.146374 0.989229 0
    outer loop
      vertex 4.10782 37.8053 1.5
      vertex 4.2146 37.8211 0
      vertex 4.10782 37.8053 0
    endloop
  endfacet
  facet normal -0.514128 0.857714 0
    outer loop
      vertex 4.61113 37.9854 0
      vertex 4.51854 37.9299 1.5
      vertex 4.61113 37.9854 1.5
    endloop
  endfacet
  facet normal -0.514128 0.857714 0
    outer loop
      vertex 4.51854 37.9299 1.5
      vertex 4.61113 37.9854 0
      vertex 4.51854 37.9299 0
    endloop
  endfacet
  facet normal 0.243603 0.969875 -0
    outer loop
      vertex 3.7854 37.8211 0
      vertex 3.68069 37.8474 1.5
      vertex 3.7854 37.8211 1.5
    endloop
  endfacet
  facet normal 0.243603 0.969875 0
    outer loop
      vertex 3.68069 37.8474 1.5
      vertex 3.7854 37.8211 0
      vertex 3.68069 37.8474 0
    endloop
  endfacet
  facet normal -0.98918 0.14671 0
    outer loop
      vertex 5.07886 38.6854 0
      vertex 5.0947 38.7922 1.5
      vertex 5.0947 38.7922 0
    endloop
  endfacet
  facet normal -0.98918 0.14671 0
    outer loop
      vertex 5.0947 38.7922 1.5
      vertex 5.07886 38.6854 0
      vertex 5.07886 38.6854 1.5
    endloop
  endfacet
  facet normal 0.514128 0.857714 -0
    outer loop
      vertex 3.48146 37.9299 0
      vertex 3.38887 37.9854 1.5
      vertex 3.48146 37.9299 1.5
    endloop
  endfacet
  facet normal 0.514128 0.857714 0
    outer loop
      vertex 3.38887 37.9854 1.5
      vertex 3.48146 37.9299 0
      vertex 3.38887 37.9854 0
    endloop
  endfacet
  facet normal 0.98918 0.14671 0
    outer loop
      vertex 2.92114 38.6854 1.5
      vertex 2.9053 38.7922 0
      vertex 2.9053 38.7922 1.5
    endloop
  endfacet
  facet normal 0.98918 0.14671 0
    outer loop
      vertex 2.9053 38.7922 0
      vertex 2.92114 38.6854 1.5
      vertex 2.92114 38.6854 0
    endloop
  endfacet
  facet normal 0.671566 -0.740945 0
    outer loop
      vertex 3.22218 39.6778 0
      vertex 3.30217 39.7503 1.5
      vertex 3.22218 39.6778 1.5
    endloop
  endfacet
  facet normal 0.671566 -0.740945 0
    outer loop
      vertex 3.30217 39.7503 1.5
      vertex 3.22218 39.6778 0
      vertex 3.30217 39.7503 0
    endloop
  endfacet
  facet normal 0.803168 0.595752 0
    outer loop
      vertex 3.14969 38.2022 1.5
      vertex 3.08538 38.2889 0
      vertex 3.08538 38.2889 1.5
    endloop
  endfacet
  facet normal 0.803168 0.595752 0
    outer loop
      vertex 3.08538 38.2889 0
      vertex 3.14969 38.2022 1.5
      vertex 3.14969 38.2022 0
    endloop
  endfacet
  facet normal -0.941629 -0.336653 0
    outer loop
      vertex 5.05263 39.2193 0
      vertex 5.01627 39.321 1.5
      vertex 5.01627 39.321 0
    endloop
  endfacet
  facet normal -0.941629 -0.336653 0
    outer loop
      vertex 5.01627 39.321 1.5
      vertex 5.05263 39.2193 0
      vertex 5.05263 39.2193 1.5
    endloop
  endfacet
  facet normal 0.243603 -0.969875 0
    outer loop
      vertex 3.68069 39.9526 0
      vertex 3.7854 39.9789 1.5
      vertex 3.68069 39.9526 1.5
    endloop
  endfacet
  facet normal 0.243603 -0.969875 0
    outer loop
      vertex 3.7854 39.9789 1.5
      vertex 3.68069 39.9526 0
      vertex 3.7854 39.9789 0
    endloop
  endfacet
  facet normal 0.336336 0.941742 -0
    outer loop
      vertex 3.68069 37.8474 0
      vertex 3.57905 37.8837 1.5
      vertex 3.68069 37.8474 1.5
    endloop
  endfacet
  facet normal 0.336336 0.941742 0
    outer loop
      vertex 3.57905 37.8837 1.5
      vertex 3.68069 37.8474 0
      vertex 3.57905 37.8837 0
    endloop
  endfacet
  facet normal 0.427883 0.903834 -0
    outer loop
      vertex 3.57905 37.8837 0
      vertex 3.48146 37.9299 1.5
      vertex 3.57905 37.8837 1.5
    endloop
  endfacet
  facet normal 0.427883 0.903834 0
    outer loop
      vertex 3.48146 37.9299 1.5
      vertex 3.57905 37.8837 0
      vertex 3.48146 37.9299 0
    endloop
  endfacet
  facet normal 0.970044 -0.242928 0
    outer loop
      vertex 2.92114 39.1146 1.5
      vertex 2.94736 39.2193 0
      vertex 2.94736 39.2193 1.5
    endloop
  endfacet
  facet normal 0.970044 -0.242928 0
    outer loop
      vertex 2.94736 39.2193 0
      vertex 2.92114 39.1146 1.5
      vertex 2.92114 39.1146 0
    endloop
  endfacet
  facet normal -0.803168 0.595752 0
    outer loop
      vertex 4.85031 38.2022 0
      vertex 4.91462 38.2889 1.5
      vertex 4.91462 38.2889 0
    endloop
  endfacet
  facet normal -0.803168 0.595752 0
    outer loop
      vertex 4.91462 38.2889 1.5
      vertex 4.85031 38.2022 0
      vertex 4.85031 38.2022 1.5
    endloop
  endfacet
  facet normal -0.903825 0.427903 0
    outer loop
      vertex 4.97011 38.3815 0
      vertex 5.01627 38.479 1.5
      vertex 5.01627 38.479 0
    endloop
  endfacet
  facet normal -0.903825 0.427903 0
    outer loop
      vertex 5.01627 38.479 1.5
      vertex 4.97011 38.3815 0
      vertex 4.97011 38.3815 1.5
    endloop
  endfacet
  facet normal -0.970022 -0.243015 0
    outer loop
      vertex 5.07886 39.1146 0
      vertex 5.05263 39.2193 1.5
      vertex 5.05263 39.2193 0
    endloop
  endfacet
  facet normal -0.970022 -0.243015 0
    outer loop
      vertex 5.05263 39.2193 1.5
      vertex 5.07886 39.1146 0
      vertex 5.07886 39.1146 1.5
    endloop
  endfacet
  facet normal -0.857779 0.514019 0
    outer loop
      vertex 4.91462 38.2889 0
      vertex 4.97011 38.3815 1.5
      vertex 4.97011 38.3815 0
    endloop
  endfacet
  facet normal -0.857779 0.514019 0
    outer loop
      vertex 4.97011 38.3815 1.5
      vertex 4.91462 38.2889 0
      vertex 4.91462 38.2889 1.5
    endloop
  endfacet
  facet normal -0.970022 0.243015 0
    outer loop
      vertex 5.05263 38.5807 0
      vertex 5.07886 38.6854 1.5
      vertex 5.07886 38.6854 0
    endloop
  endfacet
  facet normal -0.970022 0.243015 0
    outer loop
      vertex 5.07886 38.6854 1.5
      vertex 5.05263 38.5807 0
      vertex 5.05263 38.5807 1.5
    endloop
  endfacet
  facet normal 0.903825 0.427903 0
    outer loop
      vertex 3.02989 38.3815 1.5
      vertex 2.98373 38.479 0
      vertex 2.98373 38.479 1.5
    endloop
  endfacet
  facet normal 0.903825 0.427903 0
    outer loop
      vertex 2.98373 38.479 0
      vertex 3.02989 38.3815 1.5
      vertex 3.02989 38.3815 0
    endloop
  endfacet
  facet normal 0.941599 0.336735 0
    outer loop
      vertex 2.98373 38.479 1.5
      vertex 2.94736 38.5807 0
      vertex 2.94736 38.5807 1.5
    endloop
  endfacet
  facet normal 0.941599 0.336735 0
    outer loop
      vertex 2.94736 38.5807 0
      vertex 2.98373 38.479 1.5
      vertex 2.98373 38.479 0
    endloop
  endfacet
  facet normal -0.595693 -0.803212 0
    outer loop
      vertex 4.61113 39.8146 0
      vertex 4.69783 39.7503 1.5
      vertex 4.61113 39.8146 1.5
    endloop
  endfacet
  facet normal -0.595693 -0.803212 -0
    outer loop
      vertex 4.69783 39.7503 1.5
      vertex 4.61113 39.8146 0
      vertex 4.69783 39.7503 0
    endloop
  endfacet
  facet normal -0.336336 0.941742 0
    outer loop
      vertex 4.42095 37.8837 0
      vertex 4.31931 37.8474 1.5
      vertex 4.42095 37.8837 1.5
    endloop
  endfacet
  facet normal -0.336336 0.941742 0
    outer loop
      vertex 4.31931 37.8474 1.5
      vertex 4.42095 37.8837 0
      vertex 4.31931 37.8474 0
    endloop
  endfacet
  facet normal 0.98918 -0.14671 0
    outer loop
      vertex 2.9053 39.0078 1.5
      vertex 2.92114 39.1146 0
      vertex 2.92114 39.1146 1.5
    endloop
  endfacet
  facet normal 0.98918 -0.14671 0
    outer loop
      vertex 2.92114 39.1146 0
      vertex 2.9053 39.0078 1.5
      vertex 2.9053 39.0078 0
    endloop
  endfacet
  facet normal 0.427883 -0.903834 0
    outer loop
      vertex 3.48146 39.8701 0
      vertex 3.57905 39.9163 1.5
      vertex 3.48146 39.8701 1.5
    endloop
  endfacet
  facet normal 0.427883 -0.903834 0
    outer loop
      vertex 3.57905 39.9163 1.5
      vertex 3.48146 39.8701 0
      vertex 3.57905 39.9163 0
    endloop
  endfacet
  facet normal 0.0490967 0.998794 -0
    outer loop
      vertex 4 37.8 0
      vertex 3.89218 37.8053 1.5
      vertex 4 37.8 1.5
    endloop
  endfacet
  facet normal 0.0490967 0.998794 0
    outer loop
      vertex 3.89218 37.8053 1.5
      vertex 4 37.8 0
      vertex 3.89218 37.8053 0
    endloop
  endfacet
  facet normal -0.671566 -0.740945 0
    outer loop
      vertex 4.69783 39.7503 0
      vertex 4.77782 39.6778 1.5
      vertex 4.69783 39.7503 1.5
    endloop
  endfacet
  facet normal -0.671566 -0.740945 -0
    outer loop
      vertex 4.77782 39.6778 1.5
      vertex 4.69783 39.7503 0
      vertex 4.77782 39.6778 0
    endloop
  endfacet
  facet normal 0.595693 0.803212 -0
    outer loop
      vertex 3.38887 37.9854 0
      vertex 3.30217 38.0497 1.5
      vertex 3.38887 37.9854 1.5
    endloop
  endfacet
  facet normal 0.595693 0.803212 0
    outer loop
      vertex 3.30217 38.0497 1.5
      vertex 3.38887 37.9854 0
      vertex 3.30217 38.0497 0
    endloop
  endfacet
  facet normal 0.146374 -0.989229 0
    outer loop
      vertex 3.7854 39.9789 0
      vertex 3.89218 39.9947 1.5
      vertex 3.7854 39.9789 1.5
    endloop
  endfacet
  facet normal 0.146374 -0.989229 0
    outer loop
      vertex 3.89218 39.9947 1.5
      vertex 3.7854 39.9789 0
      vertex 3.89218 39.9947 0
    endloop
  endfacet
  facet normal -0.243603 -0.969875 0
    outer loop
      vertex 4.2146 39.9789 0
      vertex 4.31931 39.9526 1.5
      vertex 4.2146 39.9789 1.5
    endloop
  endfacet
  facet normal -0.243603 -0.969875 -0
    outer loop
      vertex 4.31931 39.9526 1.5
      vertex 4.2146 39.9789 0
      vertex 4.31931 39.9526 0
    endloop
  endfacet
  facet normal 0.857779 -0.514019 0
    outer loop
      vertex 3.02989 39.4185 1.5
      vertex 3.08538 39.5111 0
      vertex 3.08538 39.5111 1.5
    endloop
  endfacet
  facet normal 0.857779 -0.514019 0
    outer loop
      vertex 3.08538 39.5111 0
      vertex 3.02989 39.4185 1.5
      vertex 3.02989 39.4185 0
    endloop
  endfacet
  facet normal 0.336336 -0.941742 0
    outer loop
      vertex 3.57905 39.9163 0
      vertex 3.68069 39.9526 1.5
      vertex 3.57905 39.9163 1.5
    endloop
  endfacet
  facet normal 0.336336 -0.941742 0
    outer loop
      vertex 3.68069 39.9526 1.5
      vertex 3.57905 39.9163 0
      vertex 3.68069 39.9526 0
    endloop
  endfacet
  facet normal -0.336336 -0.941742 0
    outer loop
      vertex 4.31931 39.9526 0
      vertex 4.42095 39.9163 1.5
      vertex 4.31931 39.9526 1.5
    endloop
  endfacet
  facet normal -0.336336 -0.941742 -0
    outer loop
      vertex 4.42095 39.9163 1.5
      vertex 4.31931 39.9526 0
      vertex 4.42095 39.9163 0
    endloop
  endfacet
  facet normal -0.146374 -0.989229 0
    outer loop
      vertex 4.10782 39.9947 0
      vertex 4.2146 39.9789 1.5
      vertex 4.10782 39.9947 1.5
    endloop
  endfacet
  facet normal -0.146374 -0.989229 -0
    outer loop
      vertex 4.2146 39.9789 1.5
      vertex 4.10782 39.9947 0
      vertex 4.2146 39.9789 0
    endloop
  endfacet
  facet normal 0.998794 -0.0491058 0
    outer loop
      vertex 2.9 38.9 1.5
      vertex 2.9053 39.0078 0
      vertex 2.9053 39.0078 1.5
    endloop
  endfacet
  facet normal 0.998794 -0.0491058 0
    outer loop
      vertex 2.9053 39.0078 0
      vertex 2.9 38.9 1.5
      vertex 2.9 38.9 0
    endloop
  endfacet
  facet normal 0.998794 0.0491058 0
    outer loop
      vertex 2.9053 38.7922 1.5
      vertex 2.9 38.9 0
      vertex 2.9 38.9 1.5
    endloop
  endfacet
  facet normal 0.998794 0.0491058 0
    outer loop
      vertex 2.9 38.9 0
      vertex 2.9053 38.7922 1.5
      vertex 2.9053 38.7922 0
    endloop
  endfacet
  facet normal -0.903825 -0.427903 0
    outer loop
      vertex 5.01627 39.321 0
      vertex 4.97011 39.4185 1.5
      vertex 4.97011 39.4185 0
    endloop
  endfacet
  facet normal -0.903825 -0.427903 0
    outer loop
      vertex 4.97011 39.4185 1.5
      vertex 5.01627 39.321 0
      vertex 5.01627 39.321 1.5
    endloop
  endfacet
  facet normal 0.514128 -0.857714 0
    outer loop
      vertex 3.38887 39.8146 0
      vertex 3.48146 39.8701 1.5
      vertex 3.38887 39.8146 1.5
    endloop
  endfacet
  facet normal 0.514128 -0.857714 0
    outer loop
      vertex 3.48146 39.8701 1.5
      vertex 3.38887 39.8146 0
      vertex 3.48146 39.8701 0
    endloop
  endfacet
  facet normal 0.741033 0.671469 0
    outer loop
      vertex 3.22218 38.1222 1.5
      vertex 3.14969 38.2022 0
      vertex 3.14969 38.2022 1.5
    endloop
  endfacet
  facet normal 0.741033 0.671469 0
    outer loop
      vertex 3.14969 38.2022 0
      vertex 3.22218 38.1222 1.5
      vertex 3.22218 38.1222 0
    endloop
  endfacet
  facet normal 0.671566 0.740945 -0
    outer loop
      vertex 3.30217 38.0497 0
      vertex 3.22218 38.1222 1.5
      vertex 3.30217 38.0497 1.5
    endloop
  endfacet
  facet normal 0.671566 0.740945 0
    outer loop
      vertex 3.22218 38.1222 1.5
      vertex 3.30217 38.0497 0
      vertex 3.22218 38.1222 0
    endloop
  endfacet
  facet normal 0.146374 0.989229 -0
    outer loop
      vertex 3.89218 37.8053 0
      vertex 3.7854 37.8211 1.5
      vertex 3.89218 37.8053 1.5
    endloop
  endfacet
  facet normal 0.146374 0.989229 0
    outer loop
      vertex 3.7854 37.8211 1.5
      vertex 3.89218 37.8053 0
      vertex 3.7854 37.8211 0
    endloop
  endfacet
  facet normal -0.741033 -0.671469 0
    outer loop
      vertex 4.85031 39.5978 0
      vertex 4.77782 39.6778 1.5
      vertex 4.77782 39.6778 0
    endloop
  endfacet
  facet normal -0.741033 -0.671469 0
    outer loop
      vertex 4.77782 39.6778 1.5
      vertex 4.85031 39.5978 0
      vertex 4.85031 39.5978 1.5
    endloop
  endfacet
  facet normal -0.803168 -0.595752 0
    outer loop
      vertex 4.91462 39.5111 0
      vertex 4.85031 39.5978 1.5
      vertex 4.85031 39.5978 0
    endloop
  endfacet
  facet normal -0.803168 -0.595752 0
    outer loop
      vertex 4.85031 39.5978 1.5
      vertex 4.91462 39.5111 0
      vertex 4.91462 39.5111 1.5
    endloop
  endfacet
  facet normal -0.857779 -0.514019 0
    outer loop
      vertex 4.97011 39.4185 0
      vertex 4.91462 39.5111 1.5
      vertex 4.91462 39.5111 0
    endloop
  endfacet
  facet normal -0.857779 -0.514019 0
    outer loop
      vertex 4.91462 39.5111 1.5
      vertex 4.97011 39.4185 0
      vertex 4.97011 39.4185 1.5
    endloop
  endfacet
  facet normal -0.671519 0.740987 0
    outer loop
      vertex 67.9028 38.1222 0
      vertex 67.8228 38.0497 1.5
      vertex 67.9028 38.1222 1.5
    endloop
  endfacet
  facet normal -0.671519 0.740987 0
    outer loop
      vertex 67.8228 38.0497 1.5
      vertex 67.9028 38.1222 0
      vertex 67.8228 38.0497 0
    endloop
  endfacet
  facet normal -0.989233 -0.146347 0
    outer loop
      vertex 68.2197 39.0078 0
      vertex 68.2039 39.1146 1.5
      vertex 68.2039 39.1146 0
    endloop
  endfacet
  facet normal -0.989233 -0.146347 0
    outer loop
      vertex 68.2039 39.1146 1.5
      vertex 68.2197 39.0078 0
      vertex 68.2197 39.0078 1.5
    endloop
  endfacet
  facet normal -0.514087 -0.857738 0
    outer loop
      vertex 67.6435 39.8701 0
      vertex 67.7361 39.8146 1.5
      vertex 67.6435 39.8701 1.5
    endloop
  endfacet
  facet normal -0.514087 -0.857738 -0
    outer loop
      vertex 67.7361 39.8146 1.5
      vertex 67.6435 39.8701 0
      vertex 67.7361 39.8146 0
    endloop
  endfacet
  facet normal -0.998794 -0.0491058 0
    outer loop
      vertex 68.225 38.9 0
      vertex 68.2197 39.0078 1.5
      vertex 68.2197 39.0078 0
    endloop
  endfacet
  facet normal -0.998794 -0.0491058 0
    outer loop
      vertex 68.2197 39.0078 1.5
      vertex 68.225 38.9 0
      vertex 68.225 38.9 1.5
    endloop
  endfacet
  facet normal 0.0491058 -0.998794 0
    outer loop
      vertex 67.0172 39.9947 0
      vertex 67.125 40 1.5
      vertex 67.0172 39.9947 1.5
    endloop
  endfacet
  facet normal 0.0491058 -0.998794 0
    outer loop
      vertex 67.125 40 1.5
      vertex 67.0172 39.9947 0
      vertex 67.125 40 0
    endloop
  endfacet
  facet normal -0.998794 0.0491058 0
    outer loop
      vertex 68.2197 38.7922 0
      vertex 68.225 38.9 1.5
      vertex 68.225 38.9 0
    endloop
  endfacet
  facet normal -0.998794 0.0491058 0
    outer loop
      vertex 68.225 38.9 1.5
      vertex 68.2197 38.7922 0
      vertex 68.2197 38.7922 1.5
    endloop
  endfacet
  facet normal 0.903681 -0.428206 0
    outer loop
      vertex 66.1087 39.321 1.5
      vertex 66.1549 39.4185 0
      vertex 66.1549 39.4185 1.5
    endloop
  endfacet
  facet normal 0.903681 -0.428206 0
    outer loop
      vertex 66.1549 39.4185 0
      vertex 66.1087 39.321 1.5
      vertex 66.1087 39.321 0
    endloop
  endfacet
  facet normal -0.0491058 0.998794 0
    outer loop
      vertex 67.2328 37.8053 0
      vertex 67.125 37.8 1.5
      vertex 67.2328 37.8053 1.5
    endloop
  endfacet
  facet normal -0.0491058 0.998794 0
    outer loop
      vertex 67.125 37.8 1.5
      vertex 67.2328 37.8053 0
      vertex 67.125 37.8 0
    endloop
  endfacet
  facet normal -0.595693 0.803212 0
    outer loop
      vertex 67.8228 38.0497 0
      vertex 67.7361 37.9854 1.5
      vertex 67.8228 38.0497 1.5
    endloop
  endfacet
  facet normal -0.595693 0.803212 0
    outer loop
      vertex 67.7361 37.9854 1.5
      vertex 67.8228 38.0497 0
      vertex 67.7361 37.9854 0
    endloop
  endfacet
  facet normal -0.941805 0.33616 0
    outer loop
      vertex 68.1413 38.479 0
      vertex 68.1776 38.5807 1.5
      vertex 68.1776 38.5807 0
    endloop
  endfacet
  facet normal -0.941805 0.33616 0
    outer loop
      vertex 68.1776 38.5807 1.5
      vertex 68.1413 38.479 0
      vertex 68.1413 38.479 1.5
    endloop
  endfacet
  facet normal -0.428206 -0.903681 0
    outer loop
      vertex 67.546 39.9163 0
      vertex 67.6435 39.8701 1.5
      vertex 67.546 39.9163 1.5
    endloop
  endfacet
  facet normal -0.428206 -0.903681 -0
    outer loop
      vertex 67.6435 39.8701 1.5
      vertex 67.546 39.9163 0
      vertex 67.6435 39.8701 0
    endloop
  endfacet
  facet normal 0.803212 -0.595693 0
    outer loop
      vertex 66.2104 39.5111 1.5
      vertex 66.2747 39.5978 0
      vertex 66.2747 39.5978 1.5
    endloop
  endfacet
  facet normal 0.803212 -0.595693 0
    outer loop
      vertex 66.2747 39.5978 0
      vertex 66.2104 39.5111 1.5
      vertex 66.2104 39.5111 0
    endloop
  endfacet
  facet normal -0.0491058 -0.998794 0
    outer loop
      vertex 67.125 40 0
      vertex 67.2328 39.9947 1.5
      vertex 67.125 40 1.5
    endloop
  endfacet
  facet normal -0.0491058 -0.998794 -0
    outer loop
      vertex 67.2328 39.9947 1.5
      vertex 67.125 40 0
      vertex 67.2328 39.9947 0
    endloop
  endfacet
  facet normal 0.595693 -0.803212 0
    outer loop
      vertex 66.4272 39.7503 0
      vertex 66.5139 39.8146 1.5
      vertex 66.4272 39.7503 1.5
    endloop
  endfacet
  facet normal 0.595693 -0.803212 0
    outer loop
      vertex 66.5139 39.8146 1.5
      vertex 66.4272 39.7503 0
      vertex 66.5139 39.8146 0
    endloop
  endfacet
  facet normal 0.857738 0.514087 0
    outer loop
      vertex 66.2104 38.2889 1.5
      vertex 66.1549 38.3815 0
      vertex 66.1549 38.3815 1.5
    endloop
  endfacet
  facet normal 0.857738 0.514087 0
    outer loop
      vertex 66.1549 38.3815 0
      vertex 66.2104 38.2889 1.5
      vertex 66.2104 38.2889 0
    endloop
  endfacet
  facet normal 0.740987 -0.671519 0
    outer loop
      vertex 66.2747 39.5978 1.5
      vertex 66.3472 39.6778 0
      vertex 66.3472 39.6778 1.5
    endloop
  endfacet
  facet normal 0.740987 -0.671519 0
    outer loop
      vertex 66.3472 39.6778 0
      vertex 66.2747 39.5978 1.5
      vertex 66.2747 39.5978 0
    endloop
  endfacet
  facet normal -0.740987 0.671519 0
    outer loop
      vertex 67.9028 38.1222 0
      vertex 67.9753 38.2022 1.5
      vertex 67.9753 38.2022 0
    endloop
  endfacet
  facet normal -0.740987 0.671519 0
    outer loop
      vertex 67.9753 38.2022 1.5
      vertex 67.9028 38.1222 0
      vertex 67.9028 38.1222 1.5
    endloop
  endfacet
  facet normal -0.243625 0.969869 0
    outer loop
      vertex 67.4443 37.8474 0
      vertex 67.3396 37.8211 1.5
      vertex 67.4443 37.8474 1.5
    endloop
  endfacet
  facet normal -0.243625 0.969869 0
    outer loop
      vertex 67.3396 37.8211 1.5
      vertex 67.4443 37.8474 0
      vertex 67.3396 37.8211 0
    endloop
  endfacet
  facet normal 0.941805 -0.33616 0
    outer loop
      vertex 66.0724 39.2193 1.5
      vertex 66.1087 39.321 0
      vertex 66.1087 39.321 1.5
    endloop
  endfacet
  facet normal 0.941805 -0.33616 0
    outer loop
      vertex 66.1087 39.321 0
      vertex 66.0724 39.2193 1.5
      vertex 66.0724 39.2193 0
    endloop
  endfacet
  facet normal -0.428206 0.903681 0
    outer loop
      vertex 67.6435 37.9299 0
      vertex 67.546 37.8837 1.5
      vertex 67.6435 37.9299 1.5
    endloop
  endfacet
  facet normal -0.428206 0.903681 0
    outer loop
      vertex 67.546 37.8837 1.5
      vertex 67.6435 37.9299 0
      vertex 67.546 37.8837 0
    endloop
  endfacet
  facet normal 0.969869 0.243625 0
    outer loop
      vertex 66.0724 38.5807 1.5
      vertex 66.0461 38.6854 0
      vertex 66.0461 38.6854 1.5
    endloop
  endfacet
  facet normal 0.969869 0.243625 0
    outer loop
      vertex 66.0461 38.6854 0
      vertex 66.0724 38.5807 1.5
      vertex 66.0724 38.5807 0
    endloop
  endfacet
  facet normal -0.146347 0.989233 0
    outer loop
      vertex 67.3396 37.8211 0
      vertex 67.2328 37.8053 1.5
      vertex 67.3396 37.8211 1.5
    endloop
  endfacet
  facet normal -0.146347 0.989233 0
    outer loop
      vertex 67.2328 37.8053 1.5
      vertex 67.3396 37.8211 0
      vertex 67.2328 37.8053 0
    endloop
  endfacet
  facet normal -0.514087 0.857738 0
    outer loop
      vertex 67.7361 37.9854 0
      vertex 67.6435 37.9299 1.5
      vertex 67.7361 37.9854 1.5
    endloop
  endfacet
  facet normal -0.514087 0.857738 0
    outer loop
      vertex 67.6435 37.9299 1.5
      vertex 67.7361 37.9854 0
      vertex 67.6435 37.9299 0
    endloop
  endfacet
  facet normal 0.243625 0.969869 -0
    outer loop
      vertex 66.9104 37.8211 0
      vertex 66.8057 37.8474 1.5
      vertex 66.9104 37.8211 1.5
    endloop
  endfacet
  facet normal 0.243625 0.969869 0
    outer loop
      vertex 66.8057 37.8474 1.5
      vertex 66.9104 37.8211 0
      vertex 66.8057 37.8474 0
    endloop
  endfacet
  facet normal -0.989233 0.146347 0
    outer loop
      vertex 68.2039 38.6854 0
      vertex 68.2197 38.7922 1.5
      vertex 68.2197 38.7922 0
    endloop
  endfacet
  facet normal -0.989233 0.146347 0
    outer loop
      vertex 68.2197 38.7922 1.5
      vertex 68.2039 38.6854 0
      vertex 68.2039 38.6854 1.5
    endloop
  endfacet
  facet normal 0.514087 0.857738 -0
    outer loop
      vertex 66.6065 37.9299 0
      vertex 66.5139 37.9854 1.5
      vertex 66.6065 37.9299 1.5
    endloop
  endfacet
  facet normal 0.514087 0.857738 0
    outer loop
      vertex 66.5139 37.9854 1.5
      vertex 66.6065 37.9299 0
      vertex 66.5139 37.9854 0
    endloop
  endfacet
  facet normal 0.989233 0.146347 0
    outer loop
      vertex 66.0461 38.6854 1.5
      vertex 66.0303 38.7922 0
      vertex 66.0303 38.7922 1.5
    endloop
  endfacet
  facet normal 0.989233 0.146347 0
    outer loop
      vertex 66.0303 38.7922 0
      vertex 66.0461 38.6854 1.5
      vertex 66.0461 38.6854 0
    endloop
  endfacet
  facet normal 0.671519 -0.740987 0
    outer loop
      vertex 66.3472 39.6778 0
      vertex 66.4272 39.7503 1.5
      vertex 66.3472 39.6778 1.5
    endloop
  endfacet
  facet normal 0.671519 -0.740987 0
    outer loop
      vertex 66.4272 39.7503 1.5
      vertex 66.3472 39.6778 0
      vertex 66.4272 39.7503 0
    endloop
  endfacet
  facet normal 0.803212 0.595693 0
    outer loop
      vertex 66.2747 38.2022 1.5
      vertex 66.2104 38.2889 0
      vertex 66.2104 38.2889 1.5
    endloop
  endfacet
  facet normal 0.803212 0.595693 0
    outer loop
      vertex 66.2104 38.2889 0
      vertex 66.2747 38.2022 1.5
      vertex 66.2747 38.2022 0
    endloop
  endfacet
  facet normal -0.941805 -0.33616 0
    outer loop
      vertex 68.1776 39.2193 0
      vertex 68.1413 39.321 1.5
      vertex 68.1413 39.321 0
    endloop
  endfacet
  facet normal -0.941805 -0.33616 0
    outer loop
      vertex 68.1413 39.321 1.5
      vertex 68.1776 39.2193 0
      vertex 68.1776 39.2193 1.5
    endloop
  endfacet
  facet normal 0.243625 -0.969869 0
    outer loop
      vertex 66.8057 39.9526 0
      vertex 66.9104 39.9789 1.5
      vertex 66.8057 39.9526 1.5
    endloop
  endfacet
  facet normal 0.243625 -0.969869 0
    outer loop
      vertex 66.9104 39.9789 1.5
      vertex 66.8057 39.9526 0
      vertex 66.9104 39.9789 0
    endloop
  endfacet
  facet normal 0.33616 0.941805 -0
    outer loop
      vertex 66.8057 37.8474 0
      vertex 66.704 37.8837 1.5
      vertex 66.8057 37.8474 1.5
    endloop
  endfacet
  facet normal 0.33616 0.941805 0
    outer loop
      vertex 66.704 37.8837 1.5
      vertex 66.8057 37.8474 0
      vertex 66.704 37.8837 0
    endloop
  endfacet
  facet normal 0.428206 0.903681 -0
    outer loop
      vertex 66.704 37.8837 0
      vertex 66.6065 37.9299 1.5
      vertex 66.704 37.8837 1.5
    endloop
  endfacet
  facet normal 0.428206 0.903681 0
    outer loop
      vertex 66.6065 37.9299 1.5
      vertex 66.704 37.8837 0
      vertex 66.6065 37.9299 0
    endloop
  endfacet
  facet normal 0.969869 -0.243625 0
    outer loop
      vertex 66.0461 39.1146 1.5
      vertex 66.0724 39.2193 0
      vertex 66.0724 39.2193 1.5
    endloop
  endfacet
  facet normal 0.969869 -0.243625 0
    outer loop
      vertex 66.0724 39.2193 0
      vertex 66.0461 39.1146 1.5
      vertex 66.0461 39.1146 0
    endloop
  endfacet
  facet normal -0.803212 0.595693 0
    outer loop
      vertex 67.9753 38.2022 0
      vertex 68.0396 38.2889 1.5
      vertex 68.0396 38.2889 0
    endloop
  endfacet
  facet normal -0.803212 0.595693 0
    outer loop
      vertex 68.0396 38.2889 1.5
      vertex 67.9753 38.2022 0
      vertex 67.9753 38.2022 1.5
    endloop
  endfacet
  facet normal -0.903681 0.428206 0
    outer loop
      vertex 68.0951 38.3815 0
      vertex 68.1413 38.479 1.5
      vertex 68.1413 38.479 0
    endloop
  endfacet
  facet normal -0.903681 0.428206 0
    outer loop
      vertex 68.1413 38.479 1.5
      vertex 68.0951 38.3815 0
      vertex 68.0951 38.3815 1.5
    endloop
  endfacet
  facet normal -0.857738 0.514087 0
    outer loop
      vertex 68.0396 38.2889 0
      vertex 68.0951 38.3815 1.5
      vertex 68.0951 38.3815 0
    endloop
  endfacet
  facet normal -0.857738 0.514087 0
    outer loop
      vertex 68.0951 38.3815 1.5
      vertex 68.0396 38.2889 0
      vertex 68.0396 38.2889 1.5
    endloop
  endfacet
  facet normal -0.969869 0.243625 0
    outer loop
      vertex 68.1776 38.5807 0
      vertex 68.2039 38.6854 1.5
      vertex 68.2039 38.6854 0
    endloop
  endfacet
  facet normal -0.969869 0.243625 0
    outer loop
      vertex 68.2039 38.6854 1.5
      vertex 68.1776 38.5807 0
      vertex 68.1776 38.5807 1.5
    endloop
  endfacet
  facet normal 0.903681 0.428206 0
    outer loop
      vertex 66.1549 38.3815 1.5
      vertex 66.1087 38.479 0
      vertex 66.1087 38.479 1.5
    endloop
  endfacet
  facet normal 0.903681 0.428206 0
    outer loop
      vertex 66.1087 38.479 0
      vertex 66.1549 38.3815 1.5
      vertex 66.1549 38.3815 0
    endloop
  endfacet
  facet normal 0.941805 0.33616 0
    outer loop
      vertex 66.1087 38.479 1.5
      vertex 66.0724 38.5807 0
      vertex 66.0724 38.5807 1.5
    endloop
  endfacet
  facet normal 0.941805 0.33616 0
    outer loop
      vertex 66.0724 38.5807 0
      vertex 66.1087 38.479 1.5
      vertex 66.1087 38.479 0
    endloop
  endfacet
  facet normal -0.595693 -0.803212 0
    outer loop
      vertex 67.7361 39.8146 0
      vertex 67.8228 39.7503 1.5
      vertex 67.7361 39.8146 1.5
    endloop
  endfacet
  facet normal -0.595693 -0.803212 -0
    outer loop
      vertex 67.8228 39.7503 1.5
      vertex 67.7361 39.8146 0
      vertex 67.8228 39.7503 0
    endloop
  endfacet
  facet normal -0.33616 0.941805 0
    outer loop
      vertex 67.546 37.8837 0
      vertex 67.4443 37.8474 1.5
      vertex 67.546 37.8837 1.5
    endloop
  endfacet
  facet normal -0.33616 0.941805 0
    outer loop
      vertex 67.4443 37.8474 1.5
      vertex 67.546 37.8837 0
      vertex 67.4443 37.8474 0
    endloop
  endfacet
  facet normal 0.989233 -0.146347 0
    outer loop
      vertex 66.0303 39.0078 1.5
      vertex 66.0461 39.1146 0
      vertex 66.0461 39.1146 1.5
    endloop
  endfacet
  facet normal 0.989233 -0.146347 0
    outer loop
      vertex 66.0461 39.1146 0
      vertex 66.0303 39.0078 1.5
      vertex 66.0303 39.0078 0
    endloop
  endfacet
  facet normal 0.428206 -0.903681 0
    outer loop
      vertex 66.6065 39.8701 0
      vertex 66.704 39.9163 1.5
      vertex 66.6065 39.8701 1.5
    endloop
  endfacet
  facet normal 0.428206 -0.903681 0
    outer loop
      vertex 66.704 39.9163 1.5
      vertex 66.6065 39.8701 0
      vertex 66.704 39.9163 0
    endloop
  endfacet
  facet normal 0.0491058 0.998794 -0
    outer loop
      vertex 67.125 37.8 0
      vertex 67.0172 37.8053 1.5
      vertex 67.125 37.8 1.5
    endloop
  endfacet
  facet normal 0.0491058 0.998794 0
    outer loop
      vertex 67.0172 37.8053 1.5
      vertex 67.125 37.8 0
      vertex 67.0172 37.8053 0
    endloop
  endfacet
  facet normal -0.671519 -0.740987 0
    outer loop
      vertex 67.8228 39.7503 0
      vertex 67.9028 39.6778 1.5
      vertex 67.8228 39.7503 1.5
    endloop
  endfacet
  facet normal -0.671519 -0.740987 -0
    outer loop
      vertex 67.9028 39.6778 1.5
      vertex 67.8228 39.7503 0
      vertex 67.9028 39.6778 0
    endloop
  endfacet
  facet normal 0.595693 0.803212 -0
    outer loop
      vertex 66.5139 37.9854 0
      vertex 66.4272 38.0497 1.5
      vertex 66.5139 37.9854 1.5
    endloop
  endfacet
  facet normal 0.595693 0.803212 0
    outer loop
      vertex 66.4272 38.0497 1.5
      vertex 66.5139 37.9854 0
      vertex 66.4272 38.0497 0
    endloop
  endfacet
  facet normal 0.146347 -0.989233 0
    outer loop
      vertex 66.9104 39.9789 0
      vertex 67.0172 39.9947 1.5
      vertex 66.9104 39.9789 1.5
    endloop
  endfacet
  facet normal 0.146347 -0.989233 0
    outer loop
      vertex 67.0172 39.9947 1.5
      vertex 66.9104 39.9789 0
      vertex 67.0172 39.9947 0
    endloop
  endfacet
  facet normal -0.243625 -0.969869 0
    outer loop
      vertex 67.3396 39.9789 0
      vertex 67.4443 39.9526 1.5
      vertex 67.3396 39.9789 1.5
    endloop
  endfacet
  facet normal -0.243625 -0.969869 -0
    outer loop
      vertex 67.4443 39.9526 1.5
      vertex 67.3396 39.9789 0
      vertex 67.4443 39.9526 0
    endloop
  endfacet
  facet normal 0.857738 -0.514087 0
    outer loop
      vertex 66.1549 39.4185 1.5
      vertex 66.2104 39.5111 0
      vertex 66.2104 39.5111 1.5
    endloop
  endfacet
  facet normal 0.857738 -0.514087 0
    outer loop
      vertex 66.2104 39.5111 0
      vertex 66.1549 39.4185 1.5
      vertex 66.1549 39.4185 0
    endloop
  endfacet
  facet normal 0.33616 -0.941805 0
    outer loop
      vertex 66.704 39.9163 0
      vertex 66.8057 39.9526 1.5
      vertex 66.704 39.9163 1.5
    endloop
  endfacet
  facet normal 0.33616 -0.941805 0
    outer loop
      vertex 66.8057 39.9526 1.5
      vertex 66.704 39.9163 0
      vertex 66.8057 39.9526 0
    endloop
  endfacet
  facet normal -0.33616 -0.941805 0
    outer loop
      vertex 67.4443 39.9526 0
      vertex 67.546 39.9163 1.5
      vertex 67.4443 39.9526 1.5
    endloop
  endfacet
  facet normal -0.33616 -0.941805 -0
    outer loop
      vertex 67.546 39.9163 1.5
      vertex 67.4443 39.9526 0
      vertex 67.546 39.9163 0
    endloop
  endfacet
  facet normal -0.146347 -0.989233 0
    outer loop
      vertex 67.2328 39.9947 0
      vertex 67.3396 39.9789 1.5
      vertex 67.2328 39.9947 1.5
    endloop
  endfacet
  facet normal -0.146347 -0.989233 -0
    outer loop
      vertex 67.3396 39.9789 1.5
      vertex 67.2328 39.9947 0
      vertex 67.3396 39.9789 0
    endloop
  endfacet
  facet normal 0.998794 -0.0491058 0
    outer loop
      vertex 66.025 38.9 1.5
      vertex 66.0303 39.0078 0
      vertex 66.0303 39.0078 1.5
    endloop
  endfacet
  facet normal 0.998794 -0.0491058 0
    outer loop
      vertex 66.0303 39.0078 0
      vertex 66.025 38.9 1.5
      vertex 66.025 38.9 0
    endloop
  endfacet
  facet normal 0.998794 0.0491058 0
    outer loop
      vertex 66.0303 38.7922 1.5
      vertex 66.025 38.9 0
      vertex 66.025 38.9 1.5
    endloop
  endfacet
  facet normal 0.998794 0.0491058 0
    outer loop
      vertex 66.025 38.9 0
      vertex 66.0303 38.7922 1.5
      vertex 66.0303 38.7922 0
    endloop
  endfacet
  facet normal -0.857738 -0.514087 0
    outer loop
      vertex 68.0951 39.4185 0
      vertex 68.0396 39.5111 1.5
      vertex 68.0396 39.5111 0
    endloop
  endfacet
  facet normal -0.857738 -0.514087 0
    outer loop
      vertex 68.0396 39.5111 1.5
      vertex 68.0951 39.4185 0
      vertex 68.0951 39.4185 1.5
    endloop
  endfacet
  facet normal -0.903681 -0.428206 0
    outer loop
      vertex 68.1413 39.321 0
      vertex 68.0951 39.4185 1.5
      vertex 68.0951 39.4185 0
    endloop
  endfacet
  facet normal -0.903681 -0.428206 0
    outer loop
      vertex 68.0951 39.4185 1.5
      vertex 68.1413 39.321 0
      vertex 68.1413 39.321 1.5
    endloop
  endfacet
  facet normal 0.514087 -0.857738 0
    outer loop
      vertex 66.5139 39.8146 0
      vertex 66.6065 39.8701 1.5
      vertex 66.5139 39.8146 1.5
    endloop
  endfacet
  facet normal 0.514087 -0.857738 0
    outer loop
      vertex 66.6065 39.8701 1.5
      vertex 66.5139 39.8146 0
      vertex 66.6065 39.8701 0
    endloop
  endfacet
  facet normal 0.740987 0.671519 0
    outer loop
      vertex 66.3472 38.1222 1.5
      vertex 66.2747 38.2022 0
      vertex 66.2747 38.2022 1.5
    endloop
  endfacet
  facet normal 0.740987 0.671519 0
    outer loop
      vertex 66.2747 38.2022 0
      vertex 66.3472 38.1222 1.5
      vertex 66.3472 38.1222 0
    endloop
  endfacet
  facet normal 0.671519 0.740987 -0
    outer loop
      vertex 66.4272 38.0497 0
      vertex 66.3472 38.1222 1.5
      vertex 66.4272 38.0497 1.5
    endloop
  endfacet
  facet normal 0.671519 0.740987 0
    outer loop
      vertex 66.3472 38.1222 1.5
      vertex 66.4272 38.0497 0
      vertex 66.3472 38.1222 0
    endloop
  endfacet
  facet normal 0.146347 0.989233 -0
    outer loop
      vertex 67.0172 37.8053 0
      vertex 66.9104 37.8211 1.5
      vertex 67.0172 37.8053 1.5
    endloop
  endfacet
  facet normal 0.146347 0.989233 0
    outer loop
      vertex 66.9104 37.8211 1.5
      vertex 67.0172 37.8053 0
      vertex 66.9104 37.8211 0
    endloop
  endfacet
  facet normal -0.740987 -0.671519 0
    outer loop
      vertex 67.9753 39.5978 0
      vertex 67.9028 39.6778 1.5
      vertex 67.9028 39.6778 0
    endloop
  endfacet
  facet normal -0.740987 -0.671519 0
    outer loop
      vertex 67.9028 39.6778 1.5
      vertex 67.9753 39.5978 0
      vertex 67.9753 39.5978 1.5
    endloop
  endfacet
  facet normal -0.803212 -0.595693 0
    outer loop
      vertex 68.0396 39.5111 0
      vertex 67.9753 39.5978 1.5
      vertex 67.9753 39.5978 0
    endloop
  endfacet
  facet normal -0.803212 -0.595693 0
    outer loop
      vertex 67.9753 39.5978 1.5
      vertex 68.0396 39.5111 0
      vertex 68.0396 39.5111 1.5
    endloop
  endfacet
  facet normal -0.969869 -0.243625 0
    outer loop
      vertex 68.2039 39.1146 0
      vertex 68.1776 39.2193 1.5
      vertex 68.1776 39.2193 0
    endloop
  endfacet
  facet normal -0.969869 -0.243625 0
    outer loop
      vertex 68.1776 39.2193 1.5
      vertex 68.2039 39.1146 0
      vertex 68.2039 39.1146 1.5
    endloop
  endfacet
  facet normal 1 -0 0
    outer loop
      vertex 71.125 0 1.5
      vertex 71.125 42.9 0
      vertex 71.125 42.9 1.5
    endloop
  endfacet
  facet normal 1 0 0
    outer loop
      vertex 71.125 42.9 0
      vertex 71.125 0 1.5
      vertex 71.125 0 0
    endloop
  endfacet
  facet normal 0 0 1
    outer loop
      vertex 18.925 4.925 1.5
      vertex 5.0947 4.10782 1.5
      vertex 5.1 4 1.5
    endloop
  endfacet
  facet normal 0 0 1
    outer loop
      vertex 18.925 4.925 1.5
      vertex 5.07886 4.2146 1.5
      vertex 5.0947 4.10782 1.5
    endloop
  endfacet
  facet normal 0 0 1
    outer loop
      vertex 18.925 4.925 1.5
      vertex 5.05263 4.31931 1.5
      vertex 5.07886 4.2146 1.5
    endloop
  endfacet
  facet normal -0 0 1
    outer loop
      vertex 4.925 4.925 1.5
      vertex 5.05263 4.31931 1.5
      vertex 18.925 4.925 1.5
    endloop
  endfacet
  facet normal 0 0 1
    outer loop
      vertex 5.05263 4.31931 1.5
      vertex 4.925 4.925 1.5
      vertex 5.01627 4.42095 1.5
    endloop
  endfacet
  facet normal 0 0 1
    outer loop
      vertex 5.01627 4.42095 1.5
      vertex 4.925 4.925 1.5
      vertex 4.97011 4.51854 1.5
    endloop
  endfacet
  facet normal 0 0 1
    outer loop
      vertex 4.925 4.925 1.5
      vertex 4.91462 4.61113 1.5
      vertex 4.97011 4.51854 1.5
    endloop
  endfacet
  facet normal 0 0 1
    outer loop
      vertex 4.925 18.925 1.5
      vertex 4.91462 4.61113 1.5
      vertex 4.925 4.925 1.5
    endloop
  endfacet
  facet normal -0 0 1
    outer loop
      vertex 4.61113 37.9854 1.5
      vertex 4.925 37.975 1.5
      vertex 4.69783 38.0497 1.5
    endloop
  endfacet
  facet normal 0 0 1
    outer loop
      vertex 4.925 18.925 1.5
      vertex 4.85031 4.69783 1.5
      vertex 4.91462 4.61113 1.5
    endloop
  endfacet
  facet normal 0 0 1
    outer loop
      vertex 4.51854 37.9299 1.5
      vertex 4.925 37.975 1.5
      vertex 4.61113 37.9854 1.5
    endloop
  endfacet
  facet normal 0 0 1
    outer loop
      vertex 4.925 18.925 1.5
      vertex 4.77782 4.77782 1.5
      vertex 4.85031 4.69783 1.5
    endloop
  endfacet
  facet normal 0 0 1
    outer loop
      vertex 4.42095 37.8837 1.5
      vertex 4.925 37.975 1.5
      vertex 4.51854 37.9299 1.5
    endloop
  endfacet
  facet normal 0 0 1
    outer loop
      vertex 4.925 18.925 1.5
      vertex 4.69783 4.85031 1.5
      vertex 4.77782 4.77782 1.5
    endloop
  endfacet
  facet normal 0 0 1
    outer loop
      vertex 4.31931 37.8474 1.5
      vertex 4.925 37.975 1.5
      vertex 4.42095 37.8837 1.5
    endloop
  endfacet
  facet normal 0 0 1
    outer loop
      vertex 4.925 18.925 1.5
      vertex 4.61113 4.91462 1.5
      vertex 4.69783 4.85031 1.5
    endloop
  endfacet
  facet normal 0 0 1
    outer loop
      vertex 4.925 37.975 1.5
      vertex 4.31931 37.8474 1.5
      vertex 4.925 23.975 1.5
    endloop
  endfacet
  facet normal 0 0 1
    outer loop
      vertex 4.925 18.925 1.5
      vertex 4.51854 4.97011 1.5
      vertex 4.61113 4.91462 1.5
    endloop
  endfacet
  facet normal -0 0 1
    outer loop
      vertex 4.2146 37.8211 1.5
      vertex 4.925 23.975 1.5
      vertex 4.31931 37.8474 1.5
    endloop
  endfacet
  facet normal 0 0 1
    outer loop
      vertex 4.925 18.925 1.5
      vertex 4.42095 5.01627 1.5
      vertex 4.51854 4.97011 1.5
    endloop
  endfacet
  facet normal -0 0 1
    outer loop
      vertex 4.10782 37.8053 1.5
      vertex 4.925 23.975 1.5
      vertex 4.2146 37.8211 1.5
    endloop
  endfacet
  facet normal 0 0 1
    outer loop
      vertex 4.925 18.925 1.5
      vertex 4.31931 5.05263 1.5
      vertex 4.42095 5.01627 1.5
    endloop
  endfacet
  facet normal -0 0 1
    outer loop
      vertex 4 37.8 1.5
      vertex 4.925 23.975 1.5
      vertex 4.10782 37.8053 1.5
    endloop
  endfacet
  facet normal 0 0 1
    outer loop
      vertex 4.925 18.925 1.5
      vertex 4.2146 5.07886 1.5
      vertex 4.31931 5.05263 1.5
    endloop
  endfacet
  facet normal 0 0 1
    outer loop
      vertex 3.89218 37.8053 1.5
      vertex 4.925 23.975 1.5
      vertex 4 37.8 1.5
    endloop
  endfacet
  facet normal 0 0 1
    outer loop
      vertex 4.925 18.925 1.5
      vertex 4.10782 5.0947 1.5
      vertex 4.2146 5.07886 1.5
    endloop
  endfacet
  facet normal 0 0 1
    outer loop
      vertex 3.7854 37.8211 1.5
      vertex 4.925 23.975 1.5
      vertex 3.89218 37.8053 1.5
    endloop
  endfacet
  facet normal 0 0 1
    outer loop
      vertex 4.925 18.925 1.5
      vertex 4 5.1 1.5
      vertex 4.10782 5.0947 1.5
    endloop
  endfacet
  facet normal 0 0 1
    outer loop
      vertex 3.68069 37.8474 1.5
      vertex 4.925 23.975 1.5
      vertex 3.7854 37.8211 1.5
    endloop
  endfacet
  facet normal 0 0 1
    outer loop
      vertex 4.925 18.925 1.5
      vertex 3.89218 5.0947 1.5
      vertex 4 5.1 1.5
    endloop
  endfacet
  facet normal 0 0 1
    outer loop
      vertex 3.57905 37.8837 1.5
      vertex 4.925 23.975 1.5
      vertex 3.68069 37.8474 1.5
    endloop
  endfacet
  facet normal 0 0 1
    outer loop
      vertex 4.925 18.925 1.5
      vertex 3.7854 5.07886 1.5
      vertex 3.89218 5.0947 1.5
    endloop
  endfacet
  facet normal 0 0 1
    outer loop
      vertex 3.48146 37.9299 1.5
      vertex 4.925 23.975 1.5
      vertex 3.57905 37.8837 1.5
    endloop
  endfacet
  facet normal 0 0 1
    outer loop
      vertex 4.925 18.925 1.5
      vertex 3.68069 5.05263 1.5
      vertex 3.7854 5.07886 1.5
    endloop
  endfacet
  facet normal 0 0 1
    outer loop
      vertex 3.38887 37.9854 1.5
      vertex 4.925 23.975 1.5
      vertex 3.48146 37.9299 1.5
    endloop
  endfacet
  facet normal 0 0 1
    outer loop
      vertex 4.925 18.925 1.5
      vertex 3.57905 5.01627 1.5
      vertex 3.68069 5.05263 1.5
    endloop
  endfacet
  facet normal 0 0 1
    outer loop
      vertex 3.30217 38.0497 1.5
      vertex 4.925 23.975 1.5
      vertex 3.38887 37.9854 1.5
    endloop
  endfacet
  facet normal 0 0 1
    outer loop
      vertex 4.925 18.925 1.5
      vertex 3.48146 4.97011 1.5
      vertex 3.57905 5.01627 1.5
    endloop
  endfacet
  facet normal 0 0 1
    outer loop
      vertex 3.22218 38.1222 1.5
      vertex 4.925 23.975 1.5
      vertex 3.30217 38.0497 1.5
    endloop
  endfacet
  facet normal 0 0 1
    outer loop
      vertex 4.925 18.925 1.5
      vertex 3.38887 4.91462 1.5
      vertex 3.48146 4.97011 1.5
    endloop
  endfacet
  facet normal 0 0 1
    outer loop
      vertex 3.14969 38.2022 1.5
      vertex 4.925 23.975 1.5
      vertex 3.22218 38.1222 1.5
    endloop
  endfacet
  facet normal 0 0 1
    outer loop
      vertex 4.925 18.925 1.5
      vertex 3.30217 4.85031 1.5
      vertex 3.38887 4.91462 1.5
    endloop
  endfacet
  facet normal 0 0 1
    outer loop
      vertex 3.08538 38.2889 1.5
      vertex 4.925 23.975 1.5
      vertex 3.14969 38.2022 1.5
    endloop
  endfacet
  facet normal 0 0 1
    outer loop
      vertex 4.925 18.925 1.5
      vertex 3.22218 4.77782 1.5
      vertex 3.30217 4.85031 1.5
    endloop
  endfacet
  facet normal 0 0 1
    outer loop
      vertex 3.02989 38.3815 1.5
      vertex 4.925 23.975 1.5
      vertex 3.08538 38.2889 1.5
    endloop
  endfacet
  facet normal 0 0 1
    outer loop
      vertex 4.925 18.925 1.5
      vertex 3.14969 4.69783 1.5
      vertex 3.22218 4.77782 1.5
    endloop
  endfacet
  facet normal 0 0 1
    outer loop
      vertex 0 42.9 1.5
      vertex 4.925 23.975 1.5
      vertex 3.02989 38.3815 1.5
    endloop
  endfacet
  facet normal 0 0 1
    outer loop
      vertex 4.925 18.925 1.5
      vertex 3.08538 4.61113 1.5
      vertex 3.14969 4.69783 1.5
    endloop
  endfacet
  facet normal 0 0 1
    outer loop
      vertex 4.925 23.975 1.5
      vertex 0 42.9 1.5
      vertex 4.925 18.925 1.5
    endloop
  endfacet
  facet normal 0 0 1
    outer loop
      vertex 4.925 18.925 1.5
      vertex 3.02989 4.51854 1.5
      vertex 3.08538 4.61113 1.5
    endloop
  endfacet
  facet normal 0 0 1
    outer loop
      vertex 0 42.9 1.5
      vertex 3.02989 38.3815 1.5
      vertex 2.98373 38.479 1.5
    endloop
  endfacet
  facet normal 0 0 1
    outer loop
      vertex 0 0 1.5
      vertex 4.925 18.925 1.5
      vertex 0 42.9 1.5
    endloop
  endfacet
  facet normal 0 0 1
    outer loop
      vertex 0 42.9 1.5
      vertex 2.98373 38.479 1.5
      vertex 2.94736 38.5807 1.5
    endloop
  endfacet
  facet normal 0 0 1
    outer loop
      vertex 4.925 18.925 1.5
      vertex 0 0 1.5
      vertex 3.02989 4.51854 1.5
    endloop
  endfacet
  facet normal 0 0 1
    outer loop
      vertex 0 42.9 1.5
      vertex 2.94736 38.5807 1.5
      vertex 2.92114 38.6854 1.5
    endloop
  endfacet
  facet normal 0 0 1
    outer loop
      vertex 3.02989 4.51854 1.5
      vertex 0 0 1.5
      vertex 2.98373 4.42095 1.5
    endloop
  endfacet
  facet normal 0 0 1
    outer loop
      vertex 0 42.9 1.5
      vertex 2.92114 38.6854 1.5
      vertex 2.9053 38.7922 1.5
    endloop
  endfacet
  facet normal 0 0 1
    outer loop
      vertex 2.98373 4.42095 1.5
      vertex 0 0 1.5
      vertex 2.94736 4.31931 1.5
    endloop
  endfacet
  facet normal 0 0 1
    outer loop
      vertex 0 42.9 1.5
      vertex 2.9053 38.7922 1.5
      vertex 2.9 38.9 1.5
    endloop
  endfacet
  facet normal 0 0 1
    outer loop
      vertex 2.94736 4.31931 1.5
      vertex 0 0 1.5
      vertex 2.92114 4.2146 1.5
    endloop
  endfacet
  facet normal -0 0 1
    outer loop
      vertex 4.925 23.975 1.5
      vertex 18.925 18.925 1.5
      vertex 18.925 23.975 1.5
    endloop
  endfacet
  facet normal 0 0 1
    outer loop
      vertex 18.925 18.925 1.5
      vertex 4.925 23.975 1.5
      vertex 4.925 18.925 1.5
    endloop
  endfacet
  facet normal -0 0 1
    outer loop
      vertex 23.975 23.975 1.5
      vertex 37.975 18.925 1.5
      vertex 37.975 23.975 1.5
    endloop
  endfacet
  facet normal 0 0 1
    outer loop
      vertex 37.975 18.925 1.5
      vertex 23.975 23.975 1.5
      vertex 23.975 18.925 1.5
    endloop
  endfacet
  facet normal -0 0 1
    outer loop
      vertex 43.025 23.975 1.5
      vertex 57.025 18.925 1.5
      vertex 57.025 23.975 1.5
    endloop
  endfacet
  facet normal 0 0 1
    outer loop
      vertex 57.025 18.925 1.5
      vertex 43.025 23.975 1.5
      vertex 43.025 18.925 1.5
    endloop
  endfacet
  facet normal -0 0 1
    outer loop
      vertex 5.0947 38.7922 1.5
      vertex 18.925 37.975 1.5
      vertex 5.1 38.9 1.5
    endloop
  endfacet
  facet normal -0 0 1
    outer loop
      vertex 5.07886 38.6854 1.5
      vertex 18.925 37.975 1.5
      vertex 5.0947 38.7922 1.5
    endloop
  endfacet
  facet normal -0 0 1
    outer loop
      vertex 5.05263 38.5807 1.5
      vertex 18.925 37.975 1.5
      vertex 5.07886 38.6854 1.5
    endloop
  endfacet
  facet normal 0 0 1
    outer loop
      vertex 4.925 37.975 1.5
      vertex 5.05263 38.5807 1.5
      vertex 5.01627 38.479 1.5
    endloop
  endfacet
  facet normal 0 0 1
    outer loop
      vertex 4.925 37.975 1.5
      vertex 5.01627 38.479 1.5
      vertex 4.97011 38.3815 1.5
    endloop
  endfacet
  facet normal 0 0 1
    outer loop
      vertex 5.05263 38.5807 1.5
      vertex 4.925 37.975 1.5
      vertex 18.925 37.975 1.5
    endloop
  endfacet
  facet normal -0 0 1
    outer loop
      vertex 4.85031 38.2022 1.5
      vertex 4.925 37.975 1.5
      vertex 4.91462 38.2889 1.5
    endloop
  endfacet
  facet normal -0 0 1
    outer loop
      vertex 4.77782 38.1222 1.5
      vertex 4.925 37.975 1.5
      vertex 4.85031 38.2022 1.5
    endloop
  endfacet
  facet normal -0 0 1
    outer loop
      vertex 4.69783 38.0497 1.5
      vertex 4.925 37.975 1.5
      vertex 4.77782 38.1222 1.5
    endloop
  endfacet
  facet normal -0 0 1
    outer loop
      vertex 4.91462 38.2889 1.5
      vertex 4.925 37.975 1.5
      vertex 4.97011 38.3815 1.5
    endloop
  endfacet
  facet normal 0 0 1
    outer loop
      vertex 68.1776 38.5807 1.5
      vertex 71.125 42.9 1.5
      vertex 68.2039 38.6854 1.5
    endloop
  endfacet
  facet normal 0 0 1
    outer loop
      vertex 71.125 0 1.5
      vertex 68.2197 4.10782 1.5
      vertex 68.225 4 1.5
    endloop
  endfacet
  facet normal 0 0 1
    outer loop
      vertex 71.125 42.9 1.5
      vertex 66.725 21.45 1.5
      vertex 71.125 0 1.5
    endloop
  endfacet
  facet normal 0 0 1
    outer loop
      vertex 71.125 0 1.5
      vertex 68.2039 4.2146 1.5
      vertex 68.2197 4.10782 1.5
    endloop
  endfacet
  facet normal 0 0 1
    outer loop
      vertex 68.1413 38.479 1.5
      vertex 71.125 42.9 1.5
      vertex 68.1776 38.5807 1.5
    endloop
  endfacet
  facet normal -0 0 1
    outer loop
      vertex 66.7077 21.0971 1.5
      vertex 71.125 0 1.5
      vertex 66.725 21.45 1.5
    endloop
  endfacet
  facet normal 0 0 1
    outer loop
      vertex 68.0951 38.3815 1.5
      vertex 71.125 42.9 1.5
      vertex 68.1413 38.479 1.5
    endloop
  endfacet
  facet normal -0 0 1
    outer loop
      vertex 66.6558 20.7477 1.5
      vertex 71.125 0 1.5
      vertex 66.7077 21.0971 1.5
    endloop
  endfacet
  facet normal 0 0 1
    outer loop
      vertex 66.57 22.495 1.5
      vertex 71.125 42.9 1.5
      vertex 68.0951 38.3815 1.5
    endloop
  endfacet
  facet normal 0 0 1
    outer loop
      vertex 71.125 0 1.5
      vertex 68.1776 4.31931 1.5
      vertex 68.2039 4.2146 1.5
    endloop
  endfacet
  facet normal 0 0 1
    outer loop
      vertex 66.57 22.495 1.5
      vertex 68.0951 38.3815 1.5
      vertex 68.0396 38.2889 1.5
    endloop
  endfacet
  facet normal -0 0 1
    outer loop
      vertex 66.57 20.405 1.5
      vertex 71.125 0 1.5
      vertex 66.6558 20.7477 1.5
    endloop
  endfacet
  facet normal 0 0 1
    outer loop
      vertex 66.451 22.8277 1.5
      vertex 68.0396 38.2889 1.5
      vertex 67.9753 38.2022 1.5
    endloop
  endfacet
  facet normal 0 0 1
    outer loop
      vertex 71.125 0 1.5
      vertex 68.1413 4.42095 1.5
      vertex 68.1776 4.31931 1.5
    endloop
  endfacet
  facet normal 0 0 1
    outer loop
      vertex 66.2999 23.147 1.5
      vertex 67.9753 38.2022 1.5
      vertex 67.9028 38.1222 1.5
    endloop
  endfacet
  facet normal 0 0 1
    outer loop
      vertex 71.125 0 1.5
      vertex 68.0951 4.51854 1.5
      vertex 68.1413 4.42095 1.5
    endloop
  endfacet
  facet normal 0 0 1
    outer loop
      vertex 66.1183 23.4501 1.5
      vertex 67.9028 38.1222 1.5
      vertex 67.8228 38.0497 1.5
    endloop
  endfacet
  facet normal 0 0 1
    outer loop
      vertex 71.125 0 1.5
      vertex 66.57 20.405 1.5
      vertex 68.0951 4.51854 1.5
    endloop
  endfacet
  facet normal 0 0 1
    outer loop
      vertex 65.9078 23.7338 1.5
      vertex 67.8228 38.0497 1.5
      vertex 67.7361 37.9854 1.5
    endloop
  endfacet
  facet normal 0 0 1
    outer loop
      vertex 68.0951 4.51854 1.5
      vertex 66.57 20.405 1.5
      vertex 68.0396 4.61113 1.5
    endloop
  endfacet
  facet normal 0 0 1
    outer loop
      vertex 65.6706 23.9956 1.5
      vertex 67.7361 37.9854 1.5
      vertex 67.6435 37.9299 1.5
    endloop
  endfacet
  facet normal -0 0 1
    outer loop
      vertex 66.451 20.0723 1.5
      vertex 68.0396 4.61113 1.5
      vertex 66.57 20.405 1.5
    endloop
  endfacet
  facet normal 0 0 1
    outer loop
      vertex 65.6706 23.9956 1.5
      vertex 67.6435 37.9299 1.5
      vertex 67.546 37.8837 1.5
    endloop
  endfacet
  facet normal 0 0 1
    outer loop
      vertex 68.0396 4.61113 1.5
      vertex 66.451 20.0723 1.5
      vertex 67.9753 4.69783 1.5
    endloop
  endfacet
  facet normal 0 0 1
    outer loop
      vertex 65.4088 24.2328 1.5
      vertex 67.546 37.8837 1.5
      vertex 67.4443 37.8474 1.5
    endloop
  endfacet
  facet normal -0 0 1
    outer loop
      vertex 66.2999 19.753 1.5
      vertex 67.9753 4.69783 1.5
      vertex 66.451 20.0723 1.5
    endloop
  endfacet
  facet normal 0 0 1
    outer loop
      vertex 65.1251 24.4433 1.5
      vertex 67.4443 37.8474 1.5
      vertex 67.3396 37.8211 1.5
    endloop
  endfacet
  facet normal 0 0 1
    outer loop
      vertex 67.9753 4.69783 1.5
      vertex 66.2999 19.753 1.5
      vertex 67.9028 4.77782 1.5
    endloop
  endfacet
  facet normal 0 0 1
    outer loop
      vertex 64.822 24.6249 1.5
      vertex 67.3396 37.8211 1.5
      vertex 67.2328 37.8053 1.5
    endloop
  endfacet
  facet normal -0 0 1
    outer loop
      vertex 66.1183 19.4499 1.5
      vertex 67.9028 4.77782 1.5
      vertex 66.2999 19.753 1.5
    endloop
  endfacet
  facet normal 0 0 1
    outer loop
      vertex 64.5027 24.776 1.5
      vertex 67.2328 37.8053 1.5
      vertex 67.125 37.8 1.5
    endloop
  endfacet
  facet normal 0 0 1
    outer loop
      vertex 67.9028 4.77782 1.5
      vertex 66.1183 19.4499 1.5
      vertex 67.8228 4.85031 1.5
    endloop
  endfacet
  facet normal 0 0 1
    outer loop
      vertex 64.5027 24.776 1.5
      vertex 67.125 37.8 1.5
      vertex 67.0172 37.8053 1.5
    endloop
  endfacet
  facet normal -0 0 1
    outer loop
      vertex 65.9078 19.1662 1.5
      vertex 67.8228 4.85031 1.5
      vertex 66.1183 19.4499 1.5
    endloop
  endfacet
  facet normal 0 0 1
    outer loop
      vertex 64.17 24.895 1.5
      vertex 67.0172 37.8053 1.5
      vertex 66.9104 37.8211 1.5
    endloop
  endfacet
  facet normal 0 0 1
    outer loop
      vertex 67.8228 4.85031 1.5
      vertex 65.9078 19.1662 1.5
      vertex 67.7361 4.91462 1.5
    endloop
  endfacet
  facet normal 0 0 1
    outer loop
      vertex 63.8273 24.9808 1.5
      vertex 66.9104 37.8211 1.5
      vertex 66.8057 37.8474 1.5
    endloop
  endfacet
  facet normal -0 0 1
    outer loop
      vertex 65.6706 18.9044 1.5
      vertex 67.7361 4.91462 1.5
      vertex 65.9078 19.1662 1.5
    endloop
  endfacet
  facet normal 0 0 1
    outer loop
      vertex 67.7361 4.91462 1.5
      vertex 65.6706 18.9044 1.5
      vertex 67.6435 4.97011 1.5
    endloop
  endfacet
  facet normal 0 0 1
    outer loop
      vertex 71.125 42.9 1.5
      vertex 66.7077 21.8029 1.5
      vertex 66.725 21.45 1.5
    endloop
  endfacet
  facet normal 0 0 1
    outer loop
      vertex 63.4779 25.0327 1.5
      vertex 66.8057 37.8474 1.5
      vertex 66.704 37.8837 1.5
    endloop
  endfacet
  facet normal 0 0 1
    outer loop
      vertex 71.125 42.9 1.5
      vertex 66.6558 22.1523 1.5
      vertex 66.7077 21.8029 1.5
    endloop
  endfacet
  facet normal 0 0 1
    outer loop
      vertex 63.4779 25.0327 1.5
      vertex 66.704 37.8837 1.5
      vertex 66.6065 37.9299 1.5
    endloop
  endfacet
  facet normal 0 0 1
    outer loop
      vertex 71.125 42.9 1.5
      vertex 66.57 22.495 1.5
      vertex 66.6558 22.1523 1.5
    endloop
  endfacet
  facet normal 0 0 1
    outer loop
      vertex 63.125 25.05 1.5
      vertex 66.6065 37.9299 1.5
      vertex 66.5139 37.9854 1.5
    endloop
  endfacet
  facet normal 0 0 1
    outer loop
      vertex 68.0396 38.2889 1.5
      vertex 66.451 22.8277 1.5
      vertex 66.57 22.495 1.5
    endloop
  endfacet
  facet normal 0 0 1
    outer loop
      vertex 62.7721 25.0327 1.5
      vertex 66.5139 37.9854 1.5
      vertex 66.4272 38.0497 1.5
    endloop
  endfacet
  facet normal 0 0 1
    outer loop
      vertex 57.025 37.975 1.5
      vertex 66.4272 38.0497 1.5
      vertex 66.3472 38.1222 1.5
    endloop
  endfacet
  facet normal 0 0 1
    outer loop
      vertex 67.9753 38.2022 1.5
      vertex 66.2999 23.147 1.5
      vertex 66.451 22.8277 1.5
    endloop
  endfacet
  facet normal 0 0 1
    outer loop
      vertex 57.025 37.975 1.5
      vertex 66.3472 38.1222 1.5
      vertex 66.2747 38.2022 1.5
    endloop
  endfacet
  facet normal 0 0 1
    outer loop
      vertex 57.025 37.975 1.5
      vertex 66.2747 38.2022 1.5
      vertex 66.2104 38.2889 1.5
    endloop
  endfacet
  facet normal 0 0 1
    outer loop
      vertex 57.025 37.975 1.5
      vertex 66.2104 38.2889 1.5
      vertex 66.1549 38.3815 1.5
    endloop
  endfacet
  facet normal 0 0 1
    outer loop
      vertex 67.9028 38.1222 1.5
      vertex 66.1183 23.4501 1.5
      vertex 66.2999 23.147 1.5
    endloop
  endfacet
  facet normal 0 0 1
    outer loop
      vertex 57.025 37.975 1.5
      vertex 66.1549 38.3815 1.5
      vertex 66.1087 38.479 1.5
    endloop
  endfacet
  facet normal 0 0 1
    outer loop
      vertex 57.025 37.975 1.5
      vertex 66.1087 38.479 1.5
      vertex 66.0724 38.5807 1.5
    endloop
  endfacet
  facet normal 0 0 1
    outer loop
      vertex 57.025 37.975 1.5
      vertex 66.0724 38.5807 1.5
      vertex 66.0461 38.6854 1.5
    endloop
  endfacet
  facet normal 0 0 1
    outer loop
      vertex 57.025 37.975 1.5
      vertex 66.0461 38.6854 1.5
      vertex 66.0303 38.7922 1.5
    endloop
  endfacet
  facet normal 0 0 1
    outer loop
      vertex 57.025 37.975 1.5
      vertex 66.0303 38.7922 1.5
      vertex 66.025 38.9 1.5
    endloop
  endfacet
  facet normal 0 0 1
    outer loop
      vertex 67.8228 38.0497 1.5
      vertex 65.9078 23.7338 1.5
      vertex 66.1183 23.4501 1.5
    endloop
  endfacet
  facet normal 0 0 1
    outer loop
      vertex 68.2197 38.7922 1.5
      vertex 71.125 42.9 1.5
      vertex 68.225 38.9 1.5
    endloop
  endfacet
  facet normal 0 0 1
    outer loop
      vertex 71.125 42.9 1.5
      vertex 68.2197 39.0078 1.5
      vertex 68.225 38.9 1.5
    endloop
  endfacet
  facet normal 0 0 1
    outer loop
      vertex 71.125 42.9 1.5
      vertex 68.2039 39.1146 1.5
      vertex 68.2197 39.0078 1.5
    endloop
  endfacet
  facet normal 0 0 1
    outer loop
      vertex 71.125 42.9 1.5
      vertex 68.1776 39.2193 1.5
      vertex 68.2039 39.1146 1.5
    endloop
  endfacet
  facet normal 0 0 1
    outer loop
      vertex 71.125 42.9 1.5
      vertex 68.1413 39.321 1.5
      vertex 68.1776 39.2193 1.5
    endloop
  endfacet
  facet normal 0 0 1
    outer loop
      vertex 71.125 42.9 1.5
      vertex 68.0951 39.4185 1.5
      vertex 68.1413 39.321 1.5
    endloop
  endfacet
  facet normal 0 0 1
    outer loop
      vertex 71.125 42.9 1.5
      vertex 68.0396 39.5111 1.5
      vertex 68.0951 39.4185 1.5
    endloop
  endfacet
  facet normal 0 0 1
    outer loop
      vertex 71.125 42.9 1.5
      vertex 67.9753 39.5978 1.5
      vertex 68.0396 39.5111 1.5
    endloop
  endfacet
  facet normal 0 0 1
    outer loop
      vertex 71.125 42.9 1.5
      vertex 67.9028 39.6778 1.5
      vertex 67.9753 39.5978 1.5
    endloop
  endfacet
  facet normal 0 0 1
    outer loop
      vertex 71.125 42.9 1.5
      vertex 67.8228 39.7503 1.5
      vertex 67.9028 39.6778 1.5
    endloop
  endfacet
  facet normal 0 0 1
    outer loop
      vertex 71.125 42.9 1.5
      vertex 67.7361 39.8146 1.5
      vertex 67.8228 39.7503 1.5
    endloop
  endfacet
  facet normal 0 0 1
    outer loop
      vertex 71.125 42.9 1.5
      vertex 67.6435 39.8701 1.5
      vertex 67.7361 39.8146 1.5
    endloop
  endfacet
  facet normal 0 0 1
    outer loop
      vertex 71.125 42.9 1.5
      vertex 67.546 39.9163 1.5
      vertex 67.6435 39.8701 1.5
    endloop
  endfacet
  facet normal 0 0 1
    outer loop
      vertex 71.125 42.9 1.5
      vertex 67.4443 39.9526 1.5
      vertex 67.546 39.9163 1.5
    endloop
  endfacet
  facet normal 0 0 1
    outer loop
      vertex 71.125 42.9 1.5
      vertex 67.3396 39.9789 1.5
      vertex 67.4443 39.9526 1.5
    endloop
  endfacet
  facet normal 0 0 1
    outer loop
      vertex 71.125 42.9 1.5
      vertex 67.2328 39.9947 1.5
      vertex 67.3396 39.9789 1.5
    endloop
  endfacet
  facet normal 0 0 1
    outer loop
      vertex 71.125 42.9 1.5
      vertex 67.125 40 1.5
      vertex 67.2328 39.9947 1.5
    endloop
  endfacet
  facet normal 0 0 1
    outer loop
      vertex 71.125 42.9 1.5
      vertex 67.0172 39.9947 1.5
      vertex 67.125 40 1.5
    endloop
  endfacet
  facet normal 0 0 1
    outer loop
      vertex 71.125 42.9 1.5
      vertex 66.9104 39.9789 1.5
      vertex 67.0172 39.9947 1.5
    endloop
  endfacet
  facet normal 0 0 1
    outer loop
      vertex 71.125 42.9 1.5
      vertex 66.8057 39.9526 1.5
      vertex 66.9104 39.9789 1.5
    endloop
  endfacet
  facet normal 0 0 1
    outer loop
      vertex 71.125 42.9 1.5
      vertex 66.704 39.9163 1.5
      vertex 66.8057 39.9526 1.5
    endloop
  endfacet
  facet normal 0 0 1
    outer loop
      vertex 71.125 42.9 1.5
      vertex 66.6065 39.8701 1.5
      vertex 66.704 39.9163 1.5
    endloop
  endfacet
  facet normal 0 0 1
    outer loop
      vertex 57.025 37.975 1.5
      vertex 66.6065 39.8701 1.5
      vertex 71.125 42.9 1.5
    endloop
  endfacet
  facet normal 0 0 1
    outer loop
      vertex 67.7361 37.9854 1.5
      vertex 65.6706 23.9956 1.5
      vertex 65.9078 23.7338 1.5
    endloop
  endfacet
  facet normal 0 0 1
    outer loop
      vertex 67.546 37.8837 1.5
      vertex 65.4088 24.2328 1.5
      vertex 65.6706 23.9956 1.5
    endloop
  endfacet
  facet normal 0 0 1
    outer loop
      vertex 67.4443 37.8474 1.5
      vertex 65.1251 24.4433 1.5
      vertex 65.4088 24.2328 1.5
    endloop
  endfacet
  facet normal 0 0 1
    outer loop
      vertex 57.025 37.975 1.5
      vertex 66.025 38.9 1.5
      vertex 66.0303 39.0078 1.5
    endloop
  endfacet
  facet normal 0 0 1
    outer loop
      vertex 67.3396 37.8211 1.5
      vertex 64.822 24.6249 1.5
      vertex 65.1251 24.4433 1.5
    endloop
  endfacet
  facet normal 0 0 1
    outer loop
      vertex 67.2328 37.8053 1.5
      vertex 64.5027 24.776 1.5
      vertex 64.822 24.6249 1.5
    endloop
  endfacet
  facet normal 0 0 1
    outer loop
      vertex 67.0172 37.8053 1.5
      vertex 64.17 24.895 1.5
      vertex 64.5027 24.776 1.5
    endloop
  endfacet
  facet normal 0 0 1
    outer loop
      vertex 66.9104 37.8211 1.5
      vertex 63.8273 24.9808 1.5
      vertex 64.17 24.895 1.5
    endloop
  endfacet
  facet normal 0 0 1
    outer loop
      vertex 57.025 37.975 1.5
      vertex 66.0303 39.0078 1.5
      vertex 66.0461 39.1146 1.5
    endloop
  endfacet
  facet normal 0 0 1
    outer loop
      vertex 66.8057 37.8474 1.5
      vertex 63.4779 25.0327 1.5
      vertex 63.8273 24.9808 1.5
    endloop
  endfacet
  facet normal 0 0 1
    outer loop
      vertex 66.6065 37.9299 1.5
      vertex 63.125 25.05 1.5
      vertex 63.4779 25.0327 1.5
    endloop
  endfacet
  facet normal 0 0 1
    outer loop
      vertex 66.5139 37.9854 1.5
      vertex 62.7721 25.0327 1.5
      vertex 63.125 25.05 1.5
    endloop
  endfacet
  facet normal 0 0 1
    outer loop
      vertex 66.4272 38.0497 1.5
      vertex 57.025 37.975 1.5
      vertex 62.7721 25.0327 1.5
    endloop
  endfacet
  facet normal 0 0 1
    outer loop
      vertex 57.025 37.975 1.5
      vertex 66.0461 39.1146 1.5
      vertex 66.0724 39.2193 1.5
    endloop
  endfacet
  facet normal 0 0 1
    outer loop
      vertex 62.7721 25.0327 1.5
      vertex 57.025 37.975 1.5
      vertex 62.4227 24.9808 1.5
    endloop
  endfacet
  facet normal 0 0 1
    outer loop
      vertex 62.4227 24.9808 1.5
      vertex 57.025 37.975 1.5
      vertex 62.08 24.895 1.5
    endloop
  endfacet
  facet normal 0 0 1
    outer loop
      vertex 62.08 24.895 1.5
      vertex 57.025 37.975 1.5
      vertex 61.7473 24.776 1.5
    endloop
  endfacet
  facet normal 0 0 1
    outer loop
      vertex 61.7473 24.776 1.5
      vertex 57.025 37.975 1.5
      vertex 61.428 24.6249 1.5
    endloop
  endfacet
  facet normal 0 0 1
    outer loop
      vertex 57.025 23.975 1.5
      vertex 61.428 24.6249 1.5
      vertex 57.025 37.975 1.5
    endloop
  endfacet
  facet normal 0 0 1
    outer loop
      vertex 61.428 24.6249 1.5
      vertex 57.025 23.975 1.5
      vertex 61.1249 24.4433 1.5
    endloop
  endfacet
  facet normal 0 0 1
    outer loop
      vertex 57.025 37.975 1.5
      vertex 66.0724 39.2193 1.5
      vertex 66.1087 39.321 1.5
    endloop
  endfacet
  facet normal 0 0 1
    outer loop
      vertex 61.1249 24.4433 1.5
      vertex 57.025 23.975 1.5
      vertex 60.8412 24.2328 1.5
    endloop
  endfacet
  facet normal 0 0 1
    outer loop
      vertex 60.8412 24.2328 1.5
      vertex 57.025 23.975 1.5
      vertex 60.5794 23.9956 1.5
    endloop
  endfacet
  facet normal 0 0 1
    outer loop
      vertex 60.5794 23.9956 1.5
      vertex 57.025 23.975 1.5
      vertex 60.3422 23.7338 1.5
    endloop
  endfacet
  facet normal 0 0 1
    outer loop
      vertex 60.3422 23.7338 1.5
      vertex 57.025 23.975 1.5
      vertex 60.1317 23.4501 1.5
    endloop
  endfacet
  facet normal 0 0 1
    outer loop
      vertex 59.5942 22.1523 1.5
      vertex 57.025 23.975 1.5
      vertex 59.5423 21.8029 1.5
    endloop
  endfacet
  facet normal 0 0 1
    outer loop
      vertex 59.68 22.495 1.5
      vertex 57.025 23.975 1.5
      vertex 59.5942 22.1523 1.5
    endloop
  endfacet
  facet normal 0 0 1
    outer loop
      vertex 59.799 22.8277 1.5
      vertex 57.025 23.975 1.5
      vertex 59.68 22.495 1.5
    endloop
  endfacet
  facet normal 0 0 1
    outer loop
      vertex 59.9501 23.147 1.5
      vertex 57.025 23.975 1.5
      vertex 59.799 22.8277 1.5
    endloop
  endfacet
  facet normal 0 0 1
    outer loop
      vertex 60.1317 23.4501 1.5
      vertex 57.025 23.975 1.5
      vertex 59.9501 23.147 1.5
    endloop
  endfacet
  facet normal 0 0 1
    outer loop
      vertex 66.1549 39.4185 1.5
      vertex 57.025 37.975 1.5
      vertex 66.1087 39.321 1.5
    endloop
  endfacet
  facet normal 0 0 1
    outer loop
      vertex 66.2104 39.5111 1.5
      vertex 57.025 37.975 1.5
      vertex 66.1549 39.4185 1.5
    endloop
  endfacet
  facet normal 0 0 1
    outer loop
      vertex 66.2747 39.5978 1.5
      vertex 57.025 37.975 1.5
      vertex 66.2104 39.5111 1.5
    endloop
  endfacet
  facet normal 0 0 1
    outer loop
      vertex 66.3472 39.6778 1.5
      vertex 57.025 37.975 1.5
      vertex 66.2747 39.5978 1.5
    endloop
  endfacet
  facet normal 0 0 1
    outer loop
      vertex 66.4272 39.7503 1.5
      vertex 57.025 37.975 1.5
      vertex 66.3472 39.6778 1.5
    endloop
  endfacet
  facet normal 0 0 1
    outer loop
      vertex 66.5139 39.8146 1.5
      vertex 57.025 37.975 1.5
      vertex 66.4272 39.7503 1.5
    endloop
  endfacet
  facet normal 0 0 1
    outer loop
      vertex 66.6065 39.8701 1.5
      vertex 57.025 37.975 1.5
      vertex 66.5139 39.8146 1.5
    endloop
  endfacet
  facet normal 0 0 1
    outer loop
      vertex 71.125 42.9 1.5
      vertex 43.025 37.975 1.5
      vertex 57.025 37.975 1.5
    endloop
  endfacet
  facet normal 0 0 1
    outer loop
      vertex 37.975 23.975 1.5
      vertex 43.025 23.975 1.5
      vertex 43.025 37.975 1.5
    endloop
  endfacet
  facet normal 0 0 1
    outer loop
      vertex 43.025 23.975 1.5
      vertex 37.975 23.975 1.5
      vertex 43.025 18.925 1.5
    endloop
  endfacet
  facet normal 0 0 1
    outer loop
      vertex 37.975 23.975 1.5
      vertex 43.025 37.975 1.5
      vertex 37.975 37.975 1.5
    endloop
  endfacet
  facet normal 0 0 1
    outer loop
      vertex 71.125 42.9 1.5
      vertex 37.975 37.975 1.5
      vertex 43.025 37.975 1.5
    endloop
  endfacet
  facet normal -0 0 1
    outer loop
      vertex 0 42.9 1.5
      vertex 37.975 37.975 1.5
      vertex 71.125 42.9 1.5
    endloop
  endfacet
  facet normal 0 0 1
    outer loop
      vertex 18.925 23.975 1.5
      vertex 23.975 23.975 1.5
      vertex 23.975 37.975 1.5
    endloop
  endfacet
  facet normal 0 0 1
    outer loop
      vertex 23.975 23.975 1.5
      vertex 18.925 23.975 1.5
      vertex 23.975 18.925 1.5
    endloop
  endfacet
  facet normal 0 0 1
    outer loop
      vertex 18.925 23.975 1.5
      vertex 23.975 37.975 1.5
      vertex 18.925 37.975 1.5
    endloop
  endfacet
  facet normal 0 0 1
    outer loop
      vertex 37.975 37.975 1.5
      vertex 0 42.9 1.5
      vertex 23.975 37.975 1.5
    endloop
  endfacet
  facet normal 0 0 1
    outer loop
      vertex 23.975 37.975 1.5
      vertex 0 42.9 1.5
      vertex 18.925 37.975 1.5
    endloop
  endfacet
  facet normal 0 0 1
    outer loop
      vertex 18.925 37.975 1.5
      vertex 5.0947 39.0078 1.5
      vertex 5.1 38.9 1.5
    endloop
  endfacet
  facet normal 0 0 1
    outer loop
      vertex 18.925 37.975 1.5
      vertex 5.07886 39.1146 1.5
      vertex 5.0947 39.0078 1.5
    endloop
  endfacet
  facet normal 0 0 1
    outer loop
      vertex 18.925 37.975 1.5
      vertex 5.05263 39.2193 1.5
      vertex 5.07886 39.1146 1.5
    endloop
  endfacet
  facet normal 0 0 1
    outer loop
      vertex 18.925 37.975 1.5
      vertex 5.01627 39.321 1.5
      vertex 5.05263 39.2193 1.5
    endloop
  endfacet
  facet normal 0 0 1
    outer loop
      vertex 18.925 37.975 1.5
      vertex 4.97011 39.4185 1.5
      vertex 5.01627 39.321 1.5
    endloop
  endfacet
  facet normal 0 0 1
    outer loop
      vertex 18.925 37.975 1.5
      vertex 4.91462 39.5111 1.5
      vertex 4.97011 39.4185 1.5
    endloop
  endfacet
  facet normal 0 0 1
    outer loop
      vertex 18.925 37.975 1.5
      vertex 4.85031 39.5978 1.5
      vertex 4.91462 39.5111 1.5
    endloop
  endfacet
  facet normal 0 0 1
    outer loop
      vertex 18.925 37.975 1.5
      vertex 4.77782 39.6778 1.5
      vertex 4.85031 39.5978 1.5
    endloop
  endfacet
  facet normal 0 0 1
    outer loop
      vertex 18.925 37.975 1.5
      vertex 4.69783 39.7503 1.5
      vertex 4.77782 39.6778 1.5
    endloop
  endfacet
  facet normal 0 0 1
    outer loop
      vertex 18.925 37.975 1.5
      vertex 4.61113 39.8146 1.5
      vertex 4.69783 39.7503 1.5
    endloop
  endfacet
  facet normal 0 0 1
    outer loop
      vertex 18.925 37.975 1.5
      vertex 4.51854 39.8701 1.5
      vertex 4.61113 39.8146 1.5
    endloop
  endfacet
  facet normal 0 0 1
    outer loop
      vertex 18.925 37.975 1.5
      vertex 0 42.9 1.5
      vertex 4.51854 39.8701 1.5
    endloop
  endfacet
  facet normal 0 0 1
    outer loop
      vertex 4.51854 39.8701 1.5
      vertex 0 42.9 1.5
      vertex 4.42095 39.9163 1.5
    endloop
  endfacet
  facet normal 0 0 1
    outer loop
      vertex 4.42095 39.9163 1.5
      vertex 0 42.9 1.5
      vertex 4.31931 39.9526 1.5
    endloop
  endfacet
  facet normal 0 0 1
    outer loop
      vertex 4.31931 39.9526 1.5
      vertex 0 42.9 1.5
      vertex 4.2146 39.9789 1.5
    endloop
  endfacet
  facet normal 0 0 1
    outer loop
      vertex 4.2146 39.9789 1.5
      vertex 0 42.9 1.5
      vertex 4.10782 39.9947 1.5
    endloop
  endfacet
  facet normal 0 0 1
    outer loop
      vertex 2.92114 4.2146 1.5
      vertex 0 0 1.5
      vertex 2.9053 4.10782 1.5
    endloop
  endfacet
  facet normal 0 0 1
    outer loop
      vertex 2.9053 39.0078 1.5
      vertex 0 42.9 1.5
      vertex 2.9 38.9 1.5
    endloop
  endfacet
  facet normal 0 0 1
    outer loop
      vertex 2.92114 39.1146 1.5
      vertex 0 42.9 1.5
      vertex 2.9053 39.0078 1.5
    endloop
  endfacet
  facet normal 0 0 1
    outer loop
      vertex 2.94736 39.2193 1.5
      vertex 0 42.9 1.5
      vertex 2.92114 39.1146 1.5
    endloop
  endfacet
  facet normal 0 0 1
    outer loop
      vertex 2.98373 39.321 1.5
      vertex 0 42.9 1.5
      vertex 2.94736 39.2193 1.5
    endloop
  endfacet
  facet normal 0 0 1
    outer loop
      vertex 3.02989 39.4185 1.5
      vertex 0 42.9 1.5
      vertex 2.98373 39.321 1.5
    endloop
  endfacet
  facet normal 0 0 1
    outer loop
      vertex 3.08538 39.5111 1.5
      vertex 0 42.9 1.5
      vertex 3.02989 39.4185 1.5
    endloop
  endfacet
  facet normal 0 0 1
    outer loop
      vertex 3.14969 39.5978 1.5
      vertex 0 42.9 1.5
      vertex 3.08538 39.5111 1.5
    endloop
  endfacet
  facet normal 0 0 1
    outer loop
      vertex 3.22218 39.6778 1.5
      vertex 0 42.9 1.5
      vertex 3.14969 39.5978 1.5
    endloop
  endfacet
  facet normal 0 0 1
    outer loop
      vertex 3.30217 39.7503 1.5
      vertex 0 42.9 1.5
      vertex 3.22218 39.6778 1.5
    endloop
  endfacet
  facet normal 0 0 1
    outer loop
      vertex 3.38887 39.8146 1.5
      vertex 0 42.9 1.5
      vertex 3.30217 39.7503 1.5
    endloop
  endfacet
  facet normal 0 0 1
    outer loop
      vertex 3.48146 39.8701 1.5
      vertex 0 42.9 1.5
      vertex 3.38887 39.8146 1.5
    endloop
  endfacet
  facet normal 0 0 1
    outer loop
      vertex 3.57905 39.9163 1.5
      vertex 0 42.9 1.5
      vertex 3.48146 39.8701 1.5
    endloop
  endfacet
  facet normal 0 0 1
    outer loop
      vertex 3.68069 39.9526 1.5
      vertex 0 42.9 1.5
      vertex 3.57905 39.9163 1.5
    endloop
  endfacet
  facet normal 0 0 1
    outer loop
      vertex 3.7854 39.9789 1.5
      vertex 0 42.9 1.5
      vertex 3.68069 39.9526 1.5
    endloop
  endfacet
  facet normal 0 0 1
    outer loop
      vertex 3.89218 39.9947 1.5
      vertex 0 42.9 1.5
      vertex 3.7854 39.9789 1.5
    endloop
  endfacet
  facet normal 0 0 1
    outer loop
      vertex 4 40 1.5
      vertex 0 42.9 1.5
      vertex 3.89218 39.9947 1.5
    endloop
  endfacet
  facet normal 0 0 1
    outer loop
      vertex 4.10782 39.9947 1.5
      vertex 0 42.9 1.5
      vertex 4 40 1.5
    endloop
  endfacet
  facet normal 0 0 1
    outer loop
      vertex 68.2039 38.6854 1.5
      vertex 71.125 42.9 1.5
      vertex 68.2197 38.7922 1.5
    endloop
  endfacet
  facet normal -0 0 1
    outer loop
      vertex 68.2197 3.89218 1.5
      vertex 71.125 0 1.5
      vertex 68.225 4 1.5
    endloop
  endfacet
  facet normal -0 0 1
    outer loop
      vertex 68.2039 3.7854 1.5
      vertex 71.125 0 1.5
      vertex 68.2197 3.89218 1.5
    endloop
  endfacet
  facet normal -0 0 1
    outer loop
      vertex 68.1776 3.68069 1.5
      vertex 71.125 0 1.5
      vertex 68.2039 3.7854 1.5
    endloop
  endfacet
  facet normal -0 0 1
    outer loop
      vertex 68.1413 3.57905 1.5
      vertex 71.125 0 1.5
      vertex 68.1776 3.68069 1.5
    endloop
  endfacet
  facet normal -0 0 1
    outer loop
      vertex 68.0951 3.48146 1.5
      vertex 71.125 0 1.5
      vertex 68.1413 3.57905 1.5
    endloop
  endfacet
  facet normal -0 0 1
    outer loop
      vertex 68.0396 3.38887 1.5
      vertex 71.125 0 1.5
      vertex 68.0951 3.48146 1.5
    endloop
  endfacet
  facet normal -0 0 1
    outer loop
      vertex 67.9753 3.30217 1.5
      vertex 71.125 0 1.5
      vertex 68.0396 3.38887 1.5
    endloop
  endfacet
  facet normal -0 0 1
    outer loop
      vertex 67.9028 3.22218 1.5
      vertex 71.125 0 1.5
      vertex 67.9753 3.30217 1.5
    endloop
  endfacet
  facet normal -0 0 1
    outer loop
      vertex 67.8228 3.14969 1.5
      vertex 71.125 0 1.5
      vertex 67.9028 3.22218 1.5
    endloop
  endfacet
  facet normal -0 0 1
    outer loop
      vertex 67.7361 3.08538 1.5
      vertex 71.125 0 1.5
      vertex 67.8228 3.14969 1.5
    endloop
  endfacet
  facet normal -0 0 1
    outer loop
      vertex 67.6435 3.02989 1.5
      vertex 71.125 0 1.5
      vertex 67.7361 3.08538 1.5
    endloop
  endfacet
  facet normal -0 0 1
    outer loop
      vertex 67.546 2.98373 1.5
      vertex 71.125 0 1.5
      vertex 67.6435 3.02989 1.5
    endloop
  endfacet
  facet normal -0 0 1
    outer loop
      vertex 67.4443 2.94736 1.5
      vertex 71.125 0 1.5
      vertex 67.546 2.98373 1.5
    endloop
  endfacet
  facet normal -0 0 1
    outer loop
      vertex 67.3396 2.92114 1.5
      vertex 71.125 0 1.5
      vertex 67.4443 2.94736 1.5
    endloop
  endfacet
  facet normal -0 0 1
    outer loop
      vertex 67.2328 2.9053 1.5
      vertex 71.125 0 1.5
      vertex 67.3396 2.92114 1.5
    endloop
  endfacet
  facet normal -0 0 1
    outer loop
      vertex 67.125 2.9 1.5
      vertex 71.125 0 1.5
      vertex 67.2328 2.9053 1.5
    endloop
  endfacet
  facet normal 0 0 1
    outer loop
      vertex 67.0172 2.9053 1.5
      vertex 71.125 0 1.5
      vertex 67.125 2.9 1.5
    endloop
  endfacet
  facet normal 0 0 1
    outer loop
      vertex 66.9104 2.92114 1.5
      vertex 71.125 0 1.5
      vertex 67.0172 2.9053 1.5
    endloop
  endfacet
  facet normal 0 0 1
    outer loop
      vertex 66.8057 2.94736 1.5
      vertex 71.125 0 1.5
      vertex 66.9104 2.92114 1.5
    endloop
  endfacet
  facet normal 0 0 1
    outer loop
      vertex 66.704 2.98373 1.5
      vertex 71.125 0 1.5
      vertex 66.8057 2.94736 1.5
    endloop
  endfacet
  facet normal 0 0 1
    outer loop
      vertex 66.6065 3.02989 1.5
      vertex 71.125 0 1.5
      vertex 66.704 2.98373 1.5
    endloop
  endfacet
  facet normal 0 0 1
    outer loop
      vertex 57.025 4.925 1.5
      vertex 66.6065 3.02989 1.5
      vertex 66.5139 3.08538 1.5
    endloop
  endfacet
  facet normal 0 0 1
    outer loop
      vertex 66.5139 4.91462 1.5
      vertex 62.7721 17.8673 1.5
      vertex 66.4272 4.85031 1.5
    endloop
  endfacet
  facet normal -0 0 1
    outer loop
      vertex 57.025 4.925 1.5
      vertex 66.4272 4.85031 1.5
      vertex 62.7721 17.8673 1.5
    endloop
  endfacet
  facet normal 0 0 1
    outer loop
      vertex 66.4272 4.85031 1.5
      vertex 57.025 4.925 1.5
      vertex 66.3472 4.77782 1.5
    endloop
  endfacet
  facet normal 0 0 1
    outer loop
      vertex 66.3472 4.77782 1.5
      vertex 57.025 4.925 1.5
      vertex 66.2747 4.69783 1.5
    endloop
  endfacet
  facet normal 0 0 1
    outer loop
      vertex 66.2747 4.69783 1.5
      vertex 57.025 4.925 1.5
      vertex 66.2104 4.61113 1.5
    endloop
  endfacet
  facet normal 0 0 1
    outer loop
      vertex 66.2104 4.61113 1.5
      vertex 57.025 4.925 1.5
      vertex 66.1549 4.51854 1.5
    endloop
  endfacet
  facet normal 0 0 1
    outer loop
      vertex 66.1549 4.51854 1.5
      vertex 57.025 4.925 1.5
      vertex 66.1087 4.42095 1.5
    endloop
  endfacet
  facet normal 0 0 1
    outer loop
      vertex 66.1087 4.42095 1.5
      vertex 57.025 4.925 1.5
      vertex 66.0724 4.31931 1.5
    endloop
  endfacet
  facet normal 0 0 1
    outer loop
      vertex 66.0724 4.31931 1.5
      vertex 57.025 4.925 1.5
      vertex 66.0461 4.2146 1.5
    endloop
  endfacet
  facet normal 0 0 1
    outer loop
      vertex 66.0461 4.2146 1.5
      vertex 57.025 4.925 1.5
      vertex 66.0303 4.10782 1.5
    endloop
  endfacet
  facet normal 0 0 1
    outer loop
      vertex 66.0303 4.10782 1.5
      vertex 57.025 4.925 1.5
      vertex 66.025 4 1.5
    endloop
  endfacet
  facet normal 0 0 1
    outer loop
      vertex 66.025 4 1.5
      vertex 57.025 4.925 1.5
      vertex 66.0303 3.89218 1.5
    endloop
  endfacet
  facet normal 0 0 1
    outer loop
      vertex 57.025 4.925 1.5
      vertex 62.7721 17.8673 1.5
      vertex 62.4227 17.9192 1.5
    endloop
  endfacet
  facet normal 0 0 1
    outer loop
      vertex 66.0303 3.89218 1.5
      vertex 57.025 4.925 1.5
      vertex 66.0461 3.7854 1.5
    endloop
  endfacet
  facet normal 0 0 1
    outer loop
      vertex 57.025 4.925 1.5
      vertex 62.4227 17.9192 1.5
      vertex 62.08 18.005 1.5
    endloop
  endfacet
  facet normal 0 0 1
    outer loop
      vertex 57.025 4.925 1.5
      vertex 62.08 18.005 1.5
      vertex 61.7473 18.124 1.5
    endloop
  endfacet
  facet normal 0 0 1
    outer loop
      vertex 57.025 4.925 1.5
      vertex 61.7473 18.124 1.5
      vertex 61.428 18.2751 1.5
    endloop
  endfacet
  facet normal 0 0 1
    outer loop
      vertex 57.025 18.925 1.5
      vertex 61.428 18.2751 1.5
      vertex 61.1249 18.4567 1.5
    endloop
  endfacet
  facet normal 0 0 1
    outer loop
      vertex 57.025 18.925 1.5
      vertex 61.1249 18.4567 1.5
      vertex 60.8412 18.6672 1.5
    endloop
  endfacet
  facet normal 0 0 1
    outer loop
      vertex 57.025 18.925 1.5
      vertex 60.8412 18.6672 1.5
      vertex 60.5794 18.9044 1.5
    endloop
  endfacet
  facet normal 0 0 1
    outer loop
      vertex 66.0461 3.7854 1.5
      vertex 57.025 4.925 1.5
      vertex 66.0724 3.68069 1.5
    endloop
  endfacet
  facet normal -0 0 1
    outer loop
      vertex 57.025 18.925 1.5
      vertex 60.5794 18.9044 1.5
      vertex 60.3422 19.1662 1.5
    endloop
  endfacet
  facet normal 0 0 1
    outer loop
      vertex 57.025 18.925 1.5
      vertex 60.3422 19.1662 1.5
      vertex 60.1317 19.4499 1.5
    endloop
  endfacet
  facet normal 0 0 1
    outer loop
      vertex 57.025 18.925 1.5
      vertex 60.1317 19.4499 1.5
      vertex 59.9501 19.753 1.5
    endloop
  endfacet
  facet normal 0 0 1
    outer loop
      vertex 57.025 18.925 1.5
      vertex 59.9501 19.753 1.5
      vertex 59.799 20.0723 1.5
    endloop
  endfacet
  facet normal 0 0 1
    outer loop
      vertex 59.5423 21.8029 1.5
      vertex 57.025 23.975 1.5
      vertex 59.525 21.45 1.5
    endloop
  endfacet
  facet normal 0 0 1
    outer loop
      vertex 57.025 18.925 1.5
      vertex 59.525 21.45 1.5
      vertex 57.025 23.975 1.5
    endloop
  endfacet
  facet normal 0 0 1
    outer loop
      vertex 59.525 21.45 1.5
      vertex 57.025 18.925 1.5
      vertex 59.5423 21.0971 1.5
    endloop
  endfacet
  facet normal 0 0 1
    outer loop
      vertex 59.5423 21.0971 1.5
      vertex 57.025 18.925 1.5
      vertex 59.5942 20.7477 1.5
    endloop
  endfacet
  facet normal 0 0 1
    outer loop
      vertex 59.5942 20.7477 1.5
      vertex 57.025 18.925 1.5
      vertex 59.68 20.405 1.5
    endloop
  endfacet
  facet normal 0 0 1
    outer loop
      vertex 59.68 20.405 1.5
      vertex 57.025 18.925 1.5
      vertex 59.799 20.0723 1.5
    endloop
  endfacet
  facet normal 0 0 1
    outer loop
      vertex 61.428 18.2751 1.5
      vertex 57.025 18.925 1.5
      vertex 57.025 4.925 1.5
    endloop
  endfacet
  facet normal 0 0 1
    outer loop
      vertex 66.0724 3.68069 1.5
      vertex 57.025 4.925 1.5
      vertex 66.1087 3.57905 1.5
    endloop
  endfacet
  facet normal 0 0 1
    outer loop
      vertex 66.1087 3.57905 1.5
      vertex 57.025 4.925 1.5
      vertex 66.1549 3.48146 1.5
    endloop
  endfacet
  facet normal 0 0 1
    outer loop
      vertex 57.025 4.925 1.5
      vertex 66.2104 3.38887 1.5
      vertex 66.1549 3.48146 1.5
    endloop
  endfacet
  facet normal 0 0 1
    outer loop
      vertex 57.025 4.925 1.5
      vertex 66.2747 3.30217 1.5
      vertex 66.2104 3.38887 1.5
    endloop
  endfacet
  facet normal 0 0 1
    outer loop
      vertex 57.025 4.925 1.5
      vertex 66.3472 3.22218 1.5
      vertex 66.2747 3.30217 1.5
    endloop
  endfacet
  facet normal 0 0 1
    outer loop
      vertex 57.025 4.925 1.5
      vertex 66.4272 3.14969 1.5
      vertex 66.3472 3.22218 1.5
    endloop
  endfacet
  facet normal 0 0 1
    outer loop
      vertex 57.025 4.925 1.5
      vertex 66.5139 3.08538 1.5
      vertex 66.4272 3.14969 1.5
    endloop
  endfacet
  facet normal 0 0 1
    outer loop
      vertex 66.6065 3.02989 1.5
      vertex 57.025 4.925 1.5
      vertex 71.125 0 1.5
    endloop
  endfacet
  facet normal -0 0 1
    outer loop
      vertex 43.025 4.925 1.5
      vertex 71.125 0 1.5
      vertex 57.025 4.925 1.5
    endloop
  endfacet
  facet normal 0 0 1
    outer loop
      vertex 37.975 18.925 1.5
      vertex 43.025 18.925 1.5
      vertex 37.975 23.975 1.5
    endloop
  endfacet
  facet normal 0 0 1
    outer loop
      vertex 43.025 18.925 1.5
      vertex 37.975 18.925 1.5
      vertex 43.025 4.925 1.5
    endloop
  endfacet
  facet normal 0 0 1
    outer loop
      vertex 37.975 4.925 1.5
      vertex 43.025 4.925 1.5
      vertex 37.975 18.925 1.5
    endloop
  endfacet
  facet normal -0 0 1
    outer loop
      vertex 37.975 4.925 1.5
      vertex 71.125 0 1.5
      vertex 43.025 4.925 1.5
    endloop
  endfacet
  facet normal 0 0 1
    outer loop
      vertex 0 0 1.5
      vertex 37.975 4.925 1.5
      vertex 23.975 4.925 1.5
    endloop
  endfacet
  facet normal 0 0 1
    outer loop
      vertex 18.925 18.925 1.5
      vertex 23.975 18.925 1.5
      vertex 18.925 23.975 1.5
    endloop
  endfacet
  facet normal 0 0 1
    outer loop
      vertex 23.975 18.925 1.5
      vertex 18.925 18.925 1.5
      vertex 23.975 4.925 1.5
    endloop
  endfacet
  facet normal 0 0 1
    outer loop
      vertex 18.925 4.925 1.5
      vertex 23.975 4.925 1.5
      vertex 18.925 18.925 1.5
    endloop
  endfacet
  facet normal 0 0 1
    outer loop
      vertex 0 0 1.5
      vertex 23.975 4.925 1.5
      vertex 18.925 4.925 1.5
    endloop
  endfacet
  facet normal 0 0 1
    outer loop
      vertex 5.0947 3.89218 1.5
      vertex 18.925 4.925 1.5
      vertex 5.1 4 1.5
    endloop
  endfacet
  facet normal 0 0 1
    outer loop
      vertex 5.07886 3.7854 1.5
      vertex 18.925 4.925 1.5
      vertex 5.0947 3.89218 1.5
    endloop
  endfacet
  facet normal 0 0 1
    outer loop
      vertex 5.05263 3.68069 1.5
      vertex 18.925 4.925 1.5
      vertex 5.07886 3.7854 1.5
    endloop
  endfacet
  facet normal 0 0 1
    outer loop
      vertex 5.01627 3.57905 1.5
      vertex 18.925 4.925 1.5
      vertex 5.05263 3.68069 1.5
    endloop
  endfacet
  facet normal 0 0 1
    outer loop
      vertex 4.97011 3.48146 1.5
      vertex 18.925 4.925 1.5
      vertex 5.01627 3.57905 1.5
    endloop
  endfacet
  facet normal 0 0 1
    outer loop
      vertex 4.91462 3.38887 1.5
      vertex 18.925 4.925 1.5
      vertex 4.97011 3.48146 1.5
    endloop
  endfacet
  facet normal 0 0 1
    outer loop
      vertex 4.85031 3.30217 1.5
      vertex 18.925 4.925 1.5
      vertex 4.91462 3.38887 1.5
    endloop
  endfacet
  facet normal 0 0 1
    outer loop
      vertex 4.77782 3.22218 1.5
      vertex 18.925 4.925 1.5
      vertex 4.85031 3.30217 1.5
    endloop
  endfacet
  facet normal 0 0 1
    outer loop
      vertex 4.69783 3.14969 1.5
      vertex 18.925 4.925 1.5
      vertex 4.77782 3.22218 1.5
    endloop
  endfacet
  facet normal 0 0 1
    outer loop
      vertex 4.61113 3.08538 1.5
      vertex 18.925 4.925 1.5
      vertex 4.69783 3.14969 1.5
    endloop
  endfacet
  facet normal 0 0 1
    outer loop
      vertex 4.51854 3.02989 1.5
      vertex 18.925 4.925 1.5
      vertex 4.61113 3.08538 1.5
    endloop
  endfacet
  facet normal 0 0 1
    outer loop
      vertex 0 0 1.5
      vertex 18.925 4.925 1.5
      vertex 4.51854 3.02989 1.5
    endloop
  endfacet
  facet normal 0 0 1
    outer loop
      vertex 0 0 1.5
      vertex 4.51854 3.02989 1.5
      vertex 4.42095 2.98373 1.5
    endloop
  endfacet
  facet normal 0 0 1
    outer loop
      vertex 0 0 1.5
      vertex 4.42095 2.98373 1.5
      vertex 4.31931 2.94736 1.5
    endloop
  endfacet
  facet normal 0 0 1
    outer loop
      vertex 0 0 1.5
      vertex 4.31931 2.94736 1.5
      vertex 4.2146 2.92114 1.5
    endloop
  endfacet
  facet normal 0 0 1
    outer loop
      vertex 0 0 1.5
      vertex 4.2146 2.92114 1.5
      vertex 4.10782 2.9053 1.5
    endloop
  endfacet
  facet normal 0 0 1
    outer loop
      vertex 0 0 1.5
      vertex 4.10782 2.9053 1.5
      vertex 4 2.9 1.5
    endloop
  endfacet
  facet normal 0 0 1
    outer loop
      vertex 2.9053 4.10782 1.5
      vertex 0 0 1.5
      vertex 2.9 4 1.5
    endloop
  endfacet
  facet normal 0 0 1
    outer loop
      vertex 37.975 4.925 1.5
      vertex 0 0 1.5
      vertex 71.125 0 1.5
    endloop
  endfacet
  facet normal 0 0 1
    outer loop
      vertex 3.89218 2.9053 1.5
      vertex 0 0 1.5
      vertex 4 2.9 1.5
    endloop
  endfacet
  facet normal 0 0 1
    outer loop
      vertex 3.7854 2.92114 1.5
      vertex 0 0 1.5
      vertex 3.89218 2.9053 1.5
    endloop
  endfacet
  facet normal 0 0 1
    outer loop
      vertex 3.68069 2.94736 1.5
      vertex 0 0 1.5
      vertex 3.7854 2.92114 1.5
    endloop
  endfacet
  facet normal 0 0 1
    outer loop
      vertex 3.57905 2.98373 1.5
      vertex 0 0 1.5
      vertex 3.68069 2.94736 1.5
    endloop
  endfacet
  facet normal 0 0 1
    outer loop
      vertex 3.48146 3.02989 1.5
      vertex 0 0 1.5
      vertex 3.57905 2.98373 1.5
    endloop
  endfacet
  facet normal 0 0 1
    outer loop
      vertex 3.38887 3.08538 1.5
      vertex 0 0 1.5
      vertex 3.48146 3.02989 1.5
    endloop
  endfacet
  facet normal 0 0 1
    outer loop
      vertex 3.30217 3.14969 1.5
      vertex 0 0 1.5
      vertex 3.38887 3.08538 1.5
    endloop
  endfacet
  facet normal 0 0 1
    outer loop
      vertex 3.22218 3.22218 1.5
      vertex 0 0 1.5
      vertex 3.30217 3.14969 1.5
    endloop
  endfacet
  facet normal 0 0 1
    outer loop
      vertex 3.14969 3.30217 1.5
      vertex 0 0 1.5
      vertex 3.22218 3.22218 1.5
    endloop
  endfacet
  facet normal 0 0 1
    outer loop
      vertex 3.08538 3.38887 1.5
      vertex 0 0 1.5
      vertex 3.14969 3.30217 1.5
    endloop
  endfacet
  facet normal 0 0 1
    outer loop
      vertex 3.02989 3.48146 1.5
      vertex 0 0 1.5
      vertex 3.08538 3.38887 1.5
    endloop
  endfacet
  facet normal 0 0 1
    outer loop
      vertex 2.98373 3.57905 1.5
      vertex 0 0 1.5
      vertex 3.02989 3.48146 1.5
    endloop
  endfacet
  facet normal 0 0 1
    outer loop
      vertex 2.94736 3.68069 1.5
      vertex 0 0 1.5
      vertex 2.98373 3.57905 1.5
    endloop
  endfacet
  facet normal 0 0 1
    outer loop
      vertex 2.92114 3.7854 1.5
      vertex 0 0 1.5
      vertex 2.94736 3.68069 1.5
    endloop
  endfacet
  facet normal 0 0 1
    outer loop
      vertex 2.9053 3.89218 1.5
      vertex 0 0 1.5
      vertex 2.92114 3.7854 1.5
    endloop
  endfacet
  facet normal 0 0 1
    outer loop
      vertex 2.9 4 1.5
      vertex 0 0 1.5
      vertex 2.9053 3.89218 1.5
    endloop
  endfacet
  facet normal 0 0 1
    outer loop
      vertex 67.6435 4.97011 1.5
      vertex 65.6706 18.9044 1.5
      vertex 67.546 5.01627 1.5
    endloop
  endfacet
  facet normal -0 0 1
    outer loop
      vertex 65.4088 18.6672 1.5
      vertex 67.546 5.01627 1.5
      vertex 65.6706 18.9044 1.5
    endloop
  endfacet
  facet normal 0 0 1
    outer loop
      vertex 67.546 5.01627 1.5
      vertex 65.4088 18.6672 1.5
      vertex 67.4443 5.05263 1.5
    endloop
  endfacet
  facet normal -0 0 1
    outer loop
      vertex 65.1251 18.4567 1.5
      vertex 67.4443 5.05263 1.5
      vertex 65.4088 18.6672 1.5
    endloop
  endfacet
  facet normal 0 0 1
    outer loop
      vertex 67.4443 5.05263 1.5
      vertex 65.1251 18.4567 1.5
      vertex 67.3396 5.07886 1.5
    endloop
  endfacet
  facet normal -0 0 1
    outer loop
      vertex 64.822 18.2751 1.5
      vertex 67.3396 5.07886 1.5
      vertex 65.1251 18.4567 1.5
    endloop
  endfacet
  facet normal 0 0 1
    outer loop
      vertex 67.3396 5.07886 1.5
      vertex 64.822 18.2751 1.5
      vertex 67.2328 5.0947 1.5
    endloop
  endfacet
  facet normal -0 0 1
    outer loop
      vertex 64.5027 18.124 1.5
      vertex 67.2328 5.0947 1.5
      vertex 64.822 18.2751 1.5
    endloop
  endfacet
  facet normal 0 0 1
    outer loop
      vertex 67.2328 5.0947 1.5
      vertex 64.5027 18.124 1.5
      vertex 67.125 5.1 1.5
    endloop
  endfacet
  facet normal 0 0 1
    outer loop
      vertex 67.125 5.1 1.5
      vertex 64.5027 18.124 1.5
      vertex 67.0172 5.0947 1.5
    endloop
  endfacet
  facet normal -0 0 1
    outer loop
      vertex 64.17 18.005 1.5
      vertex 67.0172 5.0947 1.5
      vertex 64.5027 18.124 1.5
    endloop
  endfacet
  facet normal 0 0 1
    outer loop
      vertex 67.0172 5.0947 1.5
      vertex 64.17 18.005 1.5
      vertex 66.9104 5.07886 1.5
    endloop
  endfacet
  facet normal -0 0 1
    outer loop
      vertex 63.8273 17.9192 1.5
      vertex 66.9104 5.07886 1.5
      vertex 64.17 18.005 1.5
    endloop
  endfacet
  facet normal 0 0 1
    outer loop
      vertex 66.9104 5.07886 1.5
      vertex 63.8273 17.9192 1.5
      vertex 66.8057 5.05263 1.5
    endloop
  endfacet
  facet normal -0 0 1
    outer loop
      vertex 63.4779 17.8673 1.5
      vertex 66.8057 5.05263 1.5
      vertex 63.8273 17.9192 1.5
    endloop
  endfacet
  facet normal 0 0 1
    outer loop
      vertex 66.8057 5.05263 1.5
      vertex 63.4779 17.8673 1.5
      vertex 66.704 5.01627 1.5
    endloop
  endfacet
  facet normal 0 0 1
    outer loop
      vertex 66.704 5.01627 1.5
      vertex 63.4779 17.8673 1.5
      vertex 66.6065 4.97011 1.5
    endloop
  endfacet
  facet normal -0 0 1
    outer loop
      vertex 63.125 17.85 1.5
      vertex 66.6065 4.97011 1.5
      vertex 63.4779 17.8673 1.5
    endloop
  endfacet
  facet normal 0 0 1
    outer loop
      vertex 66.6065 4.97011 1.5
      vertex 63.125 17.85 1.5
      vertex 66.5139 4.91462 1.5
    endloop
  endfacet
  facet normal 0 0 1
    outer loop
      vertex 62.7721 17.8673 1.5
      vertex 66.5139 4.91462 1.5
      vertex 63.125 17.85 1.5
    endloop
  endfacet
  facet normal 0 0 -1
    outer loop
      vertex 18.925 37.975 0
      vertex 5.0947 38.7922 0
      vertex 5.1 38.9 0
    endloop
  endfacet
  facet normal 0 0 -1
    outer loop
      vertex 18.925 37.975 0
      vertex 5.07886 38.6854 0
      vertex 5.0947 38.7922 0
    endloop
  endfacet
  facet normal 0 0 -1
    outer loop
      vertex 18.925 37.975 0
      vertex 5.05263 38.5807 0
      vertex 5.07886 38.6854 0
    endloop
  endfacet
  facet normal 0 0 -1
    outer loop
      vertex 4.925 37.975 0
      vertex 5.05263 38.5807 0
      vertex 18.925 37.975 0
    endloop
  endfacet
  facet normal 0 0 -1
    outer loop
      vertex 5.05263 38.5807 0
      vertex 4.925 37.975 0
      vertex 5.01627 38.479 0
    endloop
  endfacet
  facet normal 0 0 -1
    outer loop
      vertex 5.01627 38.479 0
      vertex 4.925 37.975 0
      vertex 4.97011 38.3815 0
    endloop
  endfacet
  facet normal 0 0 -1
    outer loop
      vertex 4.925 37.975 0
      vertex 4.91462 38.2889 0
      vertex 4.97011 38.3815 0
    endloop
  endfacet
  facet normal 0 0 -1
    outer loop
      vertex 4.925 23.975 0
      vertex 4.91462 38.2889 0
      vertex 4.925 37.975 0
    endloop
  endfacet
  facet normal 0 0 -1
    outer loop
      vertex 4.61113 4.91462 0
      vertex 4.925 4.925 0
      vertex 4.69783 4.85031 0
    endloop
  endfacet
  facet normal 0 0 -1
    outer loop
      vertex 4.925 23.975 0
      vertex 4.85031 38.2022 0
      vertex 4.91462 38.2889 0
    endloop
  endfacet
  facet normal 0 0 -1
    outer loop
      vertex 4.51854 4.97011 0
      vertex 4.925 4.925 0
      vertex 4.61113 4.91462 0
    endloop
  endfacet
  facet normal 0 0 -1
    outer loop
      vertex 4.925 23.975 0
      vertex 4.77782 38.1222 0
      vertex 4.85031 38.2022 0
    endloop
  endfacet
  facet normal 0 0 -1
    outer loop
      vertex 4.42095 5.01627 0
      vertex 4.925 4.925 0
      vertex 4.51854 4.97011 0
    endloop
  endfacet
  facet normal 0 0 -1
    outer loop
      vertex 4.925 23.975 0
      vertex 4.69783 38.0497 0
      vertex 4.77782 38.1222 0
    endloop
  endfacet
  facet normal 0 0 -1
    outer loop
      vertex 4.31931 5.05263 0
      vertex 4.925 4.925 0
      vertex 4.42095 5.01627 0
    endloop
  endfacet
  facet normal 0 0 -1
    outer loop
      vertex 4.925 23.975 0
      vertex 4.61113 37.9854 0
      vertex 4.69783 38.0497 0
    endloop
  endfacet
  facet normal 0 0 -1
    outer loop
      vertex 4.925 4.925 0
      vertex 4.31931 5.05263 0
      vertex 4.925 18.925 0
    endloop
  endfacet
  facet normal 0 0 -1
    outer loop
      vertex 4.925 23.975 0
      vertex 4.51854 37.9299 0
      vertex 4.61113 37.9854 0
    endloop
  endfacet
  facet normal 0 0 -1
    outer loop
      vertex 4.2146 5.07886 0
      vertex 4.925 18.925 0
      vertex 4.31931 5.05263 0
    endloop
  endfacet
  facet normal 0 0 -1
    outer loop
      vertex 4.925 23.975 0
      vertex 4.42095 37.8837 0
      vertex 4.51854 37.9299 0
    endloop
  endfacet
  facet normal 0 0 -1
    outer loop
      vertex 4.10782 5.0947 0
      vertex 4.925 18.925 0
      vertex 4.2146 5.07886 0
    endloop
  endfacet
  facet normal 0 0 -1
    outer loop
      vertex 4.925 23.975 0
      vertex 4.31931 37.8474 0
      vertex 4.42095 37.8837 0
    endloop
  endfacet
  facet normal 0 0 -1
    outer loop
      vertex 4 5.1 0
      vertex 4.925 18.925 0
      vertex 4.10782 5.0947 0
    endloop
  endfacet
  facet normal 0 0 -1
    outer loop
      vertex 4.925 23.975 0
      vertex 4.2146 37.8211 0
      vertex 4.31931 37.8474 0
    endloop
  endfacet
  facet normal 0 0 -1
    outer loop
      vertex 3.89218 5.0947 0
      vertex 4.925 18.925 0
      vertex 4 5.1 0
    endloop
  endfacet
  facet normal 0 0 -1
    outer loop
      vertex 4.925 23.975 0
      vertex 4.10782 37.8053 0
      vertex 4.2146 37.8211 0
    endloop
  endfacet
  facet normal 0 0 -1
    outer loop
      vertex 3.7854 5.07886 0
      vertex 4.925 18.925 0
      vertex 3.89218 5.0947 0
    endloop
  endfacet
  facet normal 0 0 -1
    outer loop
      vertex 4.925 23.975 0
      vertex 4 37.8 0
      vertex 4.10782 37.8053 0
    endloop
  endfacet
  facet normal 0 0 -1
    outer loop
      vertex 3.68069 5.05263 0
      vertex 4.925 18.925 0
      vertex 3.7854 5.07886 0
    endloop
  endfacet
  facet normal 0 0 -1
    outer loop
      vertex 4.925 23.975 0
      vertex 3.89218 37.8053 0
      vertex 4 37.8 0
    endloop
  endfacet
  facet normal 0 0 -1
    outer loop
      vertex 3.57905 5.01627 0
      vertex 4.925 18.925 0
      vertex 3.68069 5.05263 0
    endloop
  endfacet
  facet normal 0 0 -1
    outer loop
      vertex 4.925 23.975 0
      vertex 3.7854 37.8211 0
      vertex 3.89218 37.8053 0
    endloop
  endfacet
  facet normal 0 0 -1
    outer loop
      vertex 3.48146 4.97011 0
      vertex 4.925 18.925 0
      vertex 3.57905 5.01627 0
    endloop
  endfacet
  facet normal 0 0 -1
    outer loop
      vertex 4.925 23.975 0
      vertex 3.68069 37.8474 0
      vertex 3.7854 37.8211 0
    endloop
  endfacet
  facet normal 0 0 -1
    outer loop
      vertex 3.38887 4.91462 0
      vertex 4.925 18.925 0
      vertex 3.48146 4.97011 0
    endloop
  endfacet
  facet normal 0 0 -1
    outer loop
      vertex 4.925 23.975 0
      vertex 3.57905 37.8837 0
      vertex 3.68069 37.8474 0
    endloop
  endfacet
  facet normal 0 0 -1
    outer loop
      vertex 3.30217 4.85031 0
      vertex 4.925 18.925 0
      vertex 3.38887 4.91462 0
    endloop
  endfacet
  facet normal 0 0 -1
    outer loop
      vertex 4.925 23.975 0
      vertex 3.48146 37.9299 0
      vertex 3.57905 37.8837 0
    endloop
  endfacet
  facet normal 0 0 -1
    outer loop
      vertex 3.22218 4.77782 0
      vertex 4.925 18.925 0
      vertex 3.30217 4.85031 0
    endloop
  endfacet
  facet normal 0 0 -1
    outer loop
      vertex 4.925 23.975 0
      vertex 3.38887 37.9854 0
      vertex 3.48146 37.9299 0
    endloop
  endfacet
  facet normal 0 0 -1
    outer loop
      vertex 3.14969 4.69783 0
      vertex 4.925 18.925 0
      vertex 3.22218 4.77782 0
    endloop
  endfacet
  facet normal 0 0 -1
    outer loop
      vertex 4.925 23.975 0
      vertex 3.30217 38.0497 0
      vertex 3.38887 37.9854 0
    endloop
  endfacet
  facet normal 0 0 -1
    outer loop
      vertex 3.08538 4.61113 0
      vertex 4.925 18.925 0
      vertex 3.14969 4.69783 0
    endloop
  endfacet
  facet normal 0 0 -1
    outer loop
      vertex 4.925 23.975 0
      vertex 3.22218 38.1222 0
      vertex 3.30217 38.0497 0
    endloop
  endfacet
  facet normal 0 0 -1
    outer loop
      vertex 3.02989 4.51854 0
      vertex 4.925 18.925 0
      vertex 3.08538 4.61113 0
    endloop
  endfacet
  facet normal 0 0 -1
    outer loop
      vertex 4.925 23.975 0
      vertex 3.14969 38.2022 0
      vertex 3.22218 38.1222 0
    endloop
  endfacet
  facet normal 0 0 -1
    outer loop
      vertex 0 0 0
      vertex 4.925 18.925 0
      vertex 3.02989 4.51854 0
    endloop
  endfacet
  facet normal 0 0 -1
    outer loop
      vertex 4.925 23.975 0
      vertex 3.08538 38.2889 0
      vertex 3.14969 38.2022 0
    endloop
  endfacet
  facet normal -0 0 -1
    outer loop
      vertex 4.925 18.925 0
      vertex 0 0 0
      vertex 4.925 23.975 0
    endloop
  endfacet
  facet normal 0 0 -1
    outer loop
      vertex 4.925 23.975 0
      vertex 3.02989 38.3815 0
      vertex 3.08538 38.2889 0
    endloop
  endfacet
  facet normal 0 0 -1
    outer loop
      vertex 0 0 0
      vertex 3.02989 4.51854 0
      vertex 2.98373 4.42095 0
    endloop
  endfacet
  facet normal 0 0 -1
    outer loop
      vertex 0 42.9 0
      vertex 4.925 23.975 0
      vertex 0 0 0
    endloop
  endfacet
  facet normal 0 0 -1
    outer loop
      vertex 0 0 0
      vertex 2.98373 4.42095 0
      vertex 2.94736 4.31931 0
    endloop
  endfacet
  facet normal 0 0 -1
    outer loop
      vertex 4.925 23.975 0
      vertex 0 42.9 0
      vertex 3.02989 38.3815 0
    endloop
  endfacet
  facet normal 0 0 -1
    outer loop
      vertex 0 0 0
      vertex 2.94736 4.31931 0
      vertex 2.92114 4.2146 0
    endloop
  endfacet
  facet normal 0 0 -1
    outer loop
      vertex 3.02989 38.3815 0
      vertex 0 42.9 0
      vertex 2.98373 38.479 0
    endloop
  endfacet
  facet normal 0 0 -1
    outer loop
      vertex 0 0 0
      vertex 2.92114 4.2146 0
      vertex 2.9053 4.10782 0
    endloop
  endfacet
  facet normal 0 0 -1
    outer loop
      vertex 2.98373 38.479 0
      vertex 0 42.9 0
      vertex 2.94736 38.5807 0
    endloop
  endfacet
  facet normal 0 0 -1
    outer loop
      vertex 0 0 0
      vertex 2.9053 4.10782 0
      vertex 2.9 4 0
    endloop
  endfacet
  facet normal 0 0 -1
    outer loop
      vertex 2.94736 38.5807 0
      vertex 0 42.9 0
      vertex 2.92114 38.6854 0
    endloop
  endfacet
  facet normal 0 0 -1
    outer loop
      vertex 4.925 18.925 0
      vertex 18.925 23.975 0
      vertex 18.925 18.925 0
    endloop
  endfacet
  facet normal -0 0 -1
    outer loop
      vertex 18.925 23.975 0
      vertex 4.925 18.925 0
      vertex 4.925 23.975 0
    endloop
  endfacet
  facet normal 0 0 -1
    outer loop
      vertex 23.975 18.925 0
      vertex 37.975 23.975 0
      vertex 37.975 18.925 0
    endloop
  endfacet
  facet normal -0 0 -1
    outer loop
      vertex 37.975 23.975 0
      vertex 23.975 18.925 0
      vertex 23.975 23.975 0
    endloop
  endfacet
  facet normal 0 0 -1
    outer loop
      vertex 43.025 18.925 0
      vertex 57.025 23.975 0
      vertex 57.025 18.925 0
    endloop
  endfacet
  facet normal -0 0 -1
    outer loop
      vertex 57.025 23.975 0
      vertex 43.025 18.925 0
      vertex 43.025 23.975 0
    endloop
  endfacet
  facet normal 0 0 -1
    outer loop
      vertex 5.0947 4.10782 0
      vertex 18.925 4.925 0
      vertex 5.1 4 0
    endloop
  endfacet
  facet normal 0 0 -1
    outer loop
      vertex 5.07886 4.2146 0
      vertex 18.925 4.925 0
      vertex 5.0947 4.10782 0
    endloop
  endfacet
  facet normal 0 0 -1
    outer loop
      vertex 5.05263 4.31931 0
      vertex 18.925 4.925 0
      vertex 5.07886 4.2146 0
    endloop
  endfacet
  facet normal 0 0 -1
    outer loop
      vertex 4.925 4.925 0
      vertex 5.05263 4.31931 0
      vertex 5.01627 4.42095 0
    endloop
  endfacet
  facet normal 0 0 -1
    outer loop
      vertex 4.925 4.925 0
      vertex 5.01627 4.42095 0
      vertex 4.97011 4.51854 0
    endloop
  endfacet
  facet normal 0 0 -1
    outer loop
      vertex 5.05263 4.31931 0
      vertex 4.925 4.925 0
      vertex 18.925 4.925 0
    endloop
  endfacet
  facet normal 0 0 -1
    outer loop
      vertex 4.85031 4.69783 0
      vertex 4.925 4.925 0
      vertex 4.91462 4.61113 0
    endloop
  endfacet
  facet normal 0 0 -1
    outer loop
      vertex 4.77782 4.77782 0
      vertex 4.925 4.925 0
      vertex 4.85031 4.69783 0
    endloop
  endfacet
  facet normal 0 0 -1
    outer loop
      vertex 4.69783 4.85031 0
      vertex 4.925 4.925 0
      vertex 4.77782 4.77782 0
    endloop
  endfacet
  facet normal 0 0 -1
    outer loop
      vertex 4.91462 4.61113 0
      vertex 4.925 4.925 0
      vertex 4.97011 4.51854 0
    endloop
  endfacet
  facet normal 0 0 -1
    outer loop
      vertex 68.1776 4.31931 0
      vertex 71.125 0 0
      vertex 68.2039 4.2146 0
    endloop
  endfacet
  facet normal 0 0 -1
    outer loop
      vertex 71.125 42.9 0
      vertex 68.2197 38.7922 0
      vertex 68.225 38.9 0
    endloop
  endfacet
  facet normal 0 0 -1
    outer loop
      vertex 71.125 0 0
      vertex 66.725 21.45 0
      vertex 71.125 42.9 0
    endloop
  endfacet
  facet normal 0 0 -1
    outer loop
      vertex 71.125 42.9 0
      vertex 68.2039 38.6854 0
      vertex 68.2197 38.7922 0
    endloop
  endfacet
  facet normal 0 0 -1
    outer loop
      vertex 68.1413 4.42095 0
      vertex 71.125 0 0
      vertex 68.1776 4.31931 0
    endloop
  endfacet
  facet normal 0 0 -1
    outer loop
      vertex 66.7077 21.8029 0
      vertex 71.125 42.9 0
      vertex 66.725 21.45 0
    endloop
  endfacet
  facet normal 0 0 -1
    outer loop
      vertex 68.0951 4.51854 0
      vertex 71.125 0 0
      vertex 68.1413 4.42095 0
    endloop
  endfacet
  facet normal 0 0 -1
    outer loop
      vertex 66.6558 22.1523 0
      vertex 71.125 42.9 0
      vertex 66.7077 21.8029 0
    endloop
  endfacet
  facet normal 0 0 -1
    outer loop
      vertex 66.57 20.405 0
      vertex 71.125 0 0
      vertex 68.0951 4.51854 0
    endloop
  endfacet
  facet normal 0 0 -1
    outer loop
      vertex 71.125 42.9 0
      vertex 68.1776 38.5807 0
      vertex 68.2039 38.6854 0
    endloop
  endfacet
  facet normal 0 0 -1
    outer loop
      vertex 66.57 20.405 0
      vertex 68.0951 4.51854 0
      vertex 68.0396 4.61113 0
    endloop
  endfacet
  facet normal 0 0 -1
    outer loop
      vertex 66.57 22.495 0
      vertex 71.125 42.9 0
      vertex 66.6558 22.1523 0
    endloop
  endfacet
  facet normal 0 0 -1
    outer loop
      vertex 66.451 20.0723 0
      vertex 68.0396 4.61113 0
      vertex 67.9753 4.69783 0
    endloop
  endfacet
  facet normal 0 0 -1
    outer loop
      vertex 71.125 42.9 0
      vertex 68.1413 38.479 0
      vertex 68.1776 38.5807 0
    endloop
  endfacet
  facet normal 0 0 -1
    outer loop
      vertex 66.2999 19.753 0
      vertex 67.9753 4.69783 0
      vertex 67.9028 4.77782 0
    endloop
  endfacet
  facet normal 0 0 -1
    outer loop
      vertex 71.125 42.9 0
      vertex 68.0951 38.3815 0
      vertex 68.1413 38.479 0
    endloop
  endfacet
  facet normal 0 0 -1
    outer loop
      vertex 66.1183 19.4499 0
      vertex 67.9028 4.77782 0
      vertex 67.8228 4.85031 0
    endloop
  endfacet
  facet normal 0 0 -1
    outer loop
      vertex 71.125 42.9 0
      vertex 66.57 22.495 0
      vertex 68.0951 38.3815 0
    endloop
  endfacet
  facet normal 0 0 -1
    outer loop
      vertex 65.9078 19.1662 0
      vertex 67.8228 4.85031 0
      vertex 67.7361 4.91462 0
    endloop
  endfacet
  facet normal 0 0 -1
    outer loop
      vertex 68.0951 38.3815 0
      vertex 66.57 22.495 0
      vertex 68.0396 38.2889 0
    endloop
  endfacet
  facet normal 0 0 -1
    outer loop
      vertex 65.6706 18.9044 0
      vertex 67.7361 4.91462 0
      vertex 67.6435 4.97011 0
    endloop
  endfacet
  facet normal 0 0 -1
    outer loop
      vertex 66.451 22.8277 0
      vertex 68.0396 38.2889 0
      vertex 66.57 22.495 0
    endloop
  endfacet
  facet normal 0 0 -1
    outer loop
      vertex 65.6706 18.9044 0
      vertex 67.6435 4.97011 0
      vertex 67.546 5.01627 0
    endloop
  endfacet
  facet normal 0 0 -1
    outer loop
      vertex 68.0396 38.2889 0
      vertex 66.451 22.8277 0
      vertex 67.9753 38.2022 0
    endloop
  endfacet
  facet normal 0 0 -1
    outer loop
      vertex 65.4088 18.6672 0
      vertex 67.546 5.01627 0
      vertex 67.4443 5.05263 0
    endloop
  endfacet
  facet normal 0 0 -1
    outer loop
      vertex 66.2999 23.147 0
      vertex 67.9753 38.2022 0
      vertex 66.451 22.8277 0
    endloop
  endfacet
  facet normal 0 0 -1
    outer loop
      vertex 65.1251 18.4567 0
      vertex 67.4443 5.05263 0
      vertex 67.3396 5.07886 0
    endloop
  endfacet
  facet normal 0 0 -1
    outer loop
      vertex 67.9753 38.2022 0
      vertex 66.2999 23.147 0
      vertex 67.9028 38.1222 0
    endloop
  endfacet
  facet normal 0 0 -1
    outer loop
      vertex 64.822 18.2751 0
      vertex 67.3396 5.07886 0
      vertex 67.2328 5.0947 0
    endloop
  endfacet
  facet normal 0 0 -1
    outer loop
      vertex 66.1183 23.4501 0
      vertex 67.9028 38.1222 0
      vertex 66.2999 23.147 0
    endloop
  endfacet
  facet normal 0 0 -1
    outer loop
      vertex 64.5027 18.124 0
      vertex 67.2328 5.0947 0
      vertex 67.125 5.1 0
    endloop
  endfacet
  facet normal 0 0 -1
    outer loop
      vertex 67.9028 38.1222 0
      vertex 66.1183 23.4501 0
      vertex 67.8228 38.0497 0
    endloop
  endfacet
  facet normal 0 0 -1
    outer loop
      vertex 64.5027 18.124 0
      vertex 67.125 5.1 0
      vertex 67.0172 5.0947 0
    endloop
  endfacet
  facet normal 0 0 -1
    outer loop
      vertex 65.9078 23.7338 0
      vertex 67.8228 38.0497 0
      vertex 66.1183 23.4501 0
    endloop
  endfacet
  facet normal 0 0 -1
    outer loop
      vertex 64.17 18.005 0
      vertex 67.0172 5.0947 0
      vertex 66.9104 5.07886 0
    endloop
  endfacet
  facet normal 0 0 -1
    outer loop
      vertex 67.8228 38.0497 0
      vertex 65.9078 23.7338 0
      vertex 67.7361 37.9854 0
    endloop
  endfacet
  facet normal 0 0 -1
    outer loop
      vertex 63.8273 17.9192 0
      vertex 66.9104 5.07886 0
      vertex 66.8057 5.05263 0
    endloop
  endfacet
  facet normal 0 0 -1
    outer loop
      vertex 65.6706 23.9956 0
      vertex 67.7361 37.9854 0
      vertex 65.9078 23.7338 0
    endloop
  endfacet
  facet normal 0 0 -1
    outer loop
      vertex 67.7361 37.9854 0
      vertex 65.6706 23.9956 0
      vertex 67.6435 37.9299 0
    endloop
  endfacet
  facet normal 0 0 -1
    outer loop
      vertex 71.125 0 0
      vertex 66.7077 21.0971 0
      vertex 66.725 21.45 0
    endloop
  endfacet
  facet normal 0 0 -1
    outer loop
      vertex 63.4779 17.8673 0
      vertex 66.8057 5.05263 0
      vertex 66.704 5.01627 0
    endloop
  endfacet
  facet normal 0 0 -1
    outer loop
      vertex 71.125 0 0
      vertex 66.6558 20.7477 0
      vertex 66.7077 21.0971 0
    endloop
  endfacet
  facet normal 0 0 -1
    outer loop
      vertex 63.4779 17.8673 0
      vertex 66.704 5.01627 0
      vertex 66.6065 4.97011 0
    endloop
  endfacet
  facet normal 0 0 -1
    outer loop
      vertex 71.125 0 0
      vertex 66.57 20.405 0
      vertex 66.6558 20.7477 0
    endloop
  endfacet
  facet normal 0 0 -1
    outer loop
      vertex 63.125 17.85 0
      vertex 66.6065 4.97011 0
      vertex 66.5139 4.91462 0
    endloop
  endfacet
  facet normal 0 0 -1
    outer loop
      vertex 68.0396 4.61113 0
      vertex 66.451 20.0723 0
      vertex 66.57 20.405 0
    endloop
  endfacet
  facet normal 0 0 -1
    outer loop
      vertex 62.7721 17.8673 0
      vertex 66.5139 4.91462 0
      vertex 66.4272 4.85031 0
    endloop
  endfacet
  facet normal 0 0 -1
    outer loop
      vertex 57.025 4.925 0
      vertex 66.4272 4.85031 0
      vertex 66.3472 4.77782 0
    endloop
  endfacet
  facet normal 0 0 -1
    outer loop
      vertex 67.9753 4.69783 0
      vertex 66.2999 19.753 0
      vertex 66.451 20.0723 0
    endloop
  endfacet
  facet normal 0 0 -1
    outer loop
      vertex 57.025 4.925 0
      vertex 66.3472 4.77782 0
      vertex 66.2747 4.69783 0
    endloop
  endfacet
  facet normal 0 0 -1
    outer loop
      vertex 57.025 4.925 0
      vertex 66.2747 4.69783 0
      vertex 66.2104 4.61113 0
    endloop
  endfacet
  facet normal 0 0 -1
    outer loop
      vertex 57.025 4.925 0
      vertex 66.2104 4.61113 0
      vertex 66.1549 4.51854 0
    endloop
  endfacet
  facet normal 0 0 -1
    outer loop
      vertex 67.9028 4.77782 0
      vertex 66.1183 19.4499 0
      vertex 66.2999 19.753 0
    endloop
  endfacet
  facet normal 0 0 -1
    outer loop
      vertex 57.025 4.925 0
      vertex 66.1549 4.51854 0
      vertex 66.1087 4.42095 0
    endloop
  endfacet
  facet normal 0 0 -1
    outer loop
      vertex 57.025 4.925 0
      vertex 66.1087 4.42095 0
      vertex 66.0724 4.31931 0
    endloop
  endfacet
  facet normal 0 0 -1
    outer loop
      vertex 57.025 4.925 0
      vertex 66.0724 4.31931 0
      vertex 66.0461 4.2146 0
    endloop
  endfacet
  facet normal 0 0 -1
    outer loop
      vertex 57.025 4.925 0
      vertex 66.0461 4.2146 0
      vertex 66.0303 4.10782 0
    endloop
  endfacet
  facet normal 0 0 -1
    outer loop
      vertex 57.025 4.925 0
      vertex 66.0303 4.10782 0
      vertex 66.025 4 0
    endloop
  endfacet
  facet normal 0 0 -1
    outer loop
      vertex 67.8228 4.85031 0
      vertex 65.9078 19.1662 0
      vertex 66.1183 19.4499 0
    endloop
  endfacet
  facet normal 0 0 -1
    outer loop
      vertex 68.2197 4.10782 0
      vertex 71.125 0 0
      vertex 68.225 4 0
    endloop
  endfacet
  facet normal 0 0 -1
    outer loop
      vertex 71.125 0 0
      vertex 68.2197 3.89218 0
      vertex 68.225 4 0
    endloop
  endfacet
  facet normal 0 0 -1
    outer loop
      vertex 71.125 0 0
      vertex 68.2039 3.7854 0
      vertex 68.2197 3.89218 0
    endloop
  endfacet
  facet normal 0 0 -1
    outer loop
      vertex 71.125 0 0
      vertex 68.1776 3.68069 0
      vertex 68.2039 3.7854 0
    endloop
  endfacet
  facet normal 0 0 -1
    outer loop
      vertex 71.125 0 0
      vertex 68.1413 3.57905 0
      vertex 68.1776 3.68069 0
    endloop
  endfacet
  facet normal 0 0 -1
    outer loop
      vertex 71.125 0 0
      vertex 68.0951 3.48146 0
      vertex 68.1413 3.57905 0
    endloop
  endfacet
  facet normal 0 0 -1
    outer loop
      vertex 71.125 0 0
      vertex 68.0396 3.38887 0
      vertex 68.0951 3.48146 0
    endloop
  endfacet
  facet normal 0 0 -1
    outer loop
      vertex 71.125 0 0
      vertex 67.9753 3.30217 0
      vertex 68.0396 3.38887 0
    endloop
  endfacet
  facet normal 0 0 -1
    outer loop
      vertex 71.125 0 0
      vertex 67.9028 3.22218 0
      vertex 67.9753 3.30217 0
    endloop
  endfacet
  facet normal 0 0 -1
    outer loop
      vertex 71.125 0 0
      vertex 67.8228 3.14969 0
      vertex 67.9028 3.22218 0
    endloop
  endfacet
  facet normal 0 0 -1
    outer loop
      vertex 71.125 0 0
      vertex 67.7361 3.08538 0
      vertex 67.8228 3.14969 0
    endloop
  endfacet
  facet normal 0 0 -1
    outer loop
      vertex 71.125 0 0
      vertex 67.6435 3.02989 0
      vertex 67.7361 3.08538 0
    endloop
  endfacet
  facet normal 0 0 -1
    outer loop
      vertex 71.125 0 0
      vertex 67.546 2.98373 0
      vertex 67.6435 3.02989 0
    endloop
  endfacet
  facet normal 0 0 -1
    outer loop
      vertex 71.125 0 0
      vertex 67.4443 2.94736 0
      vertex 67.546 2.98373 0
    endloop
  endfacet
  facet normal 0 0 -1
    outer loop
      vertex 71.125 0 0
      vertex 67.3396 2.92114 0
      vertex 67.4443 2.94736 0
    endloop
  endfacet
  facet normal 0 0 -1
    outer loop
      vertex 71.125 0 0
      vertex 67.2328 2.9053 0
      vertex 67.3396 2.92114 0
    endloop
  endfacet
  facet normal 0 0 -1
    outer loop
      vertex 71.125 0 0
      vertex 67.125 2.9 0
      vertex 67.2328 2.9053 0
    endloop
  endfacet
  facet normal 0 0 -1
    outer loop
      vertex 71.125 0 0
      vertex 67.0172 2.9053 0
      vertex 67.125 2.9 0
    endloop
  endfacet
  facet normal 0 0 -1
    outer loop
      vertex 71.125 0 0
      vertex 66.9104 2.92114 0
      vertex 67.0172 2.9053 0
    endloop
  endfacet
  facet normal 0 0 -1
    outer loop
      vertex 71.125 0 0
      vertex 66.8057 2.94736 0
      vertex 66.9104 2.92114 0
    endloop
  endfacet
  facet normal 0 0 -1
    outer loop
      vertex 71.125 0 0
      vertex 66.704 2.98373 0
      vertex 66.8057 2.94736 0
    endloop
  endfacet
  facet normal 0 0 -1
    outer loop
      vertex 71.125 0 0
      vertex 66.6065 3.02989 0
      vertex 66.704 2.98373 0
    endloop
  endfacet
  facet normal 0 0 -1
    outer loop
      vertex 57.025 4.925 0
      vertex 66.6065 3.02989 0
      vertex 71.125 0 0
    endloop
  endfacet
  facet normal 0 0 -1
    outer loop
      vertex 67.7361 4.91462 0
      vertex 65.6706 18.9044 0
      vertex 65.9078 19.1662 0
    endloop
  endfacet
  facet normal 0 0 -1
    outer loop
      vertex 67.546 5.01627 0
      vertex 65.4088 18.6672 0
      vertex 65.6706 18.9044 0
    endloop
  endfacet
  facet normal 0 0 -1
    outer loop
      vertex 67.4443 5.05263 0
      vertex 65.1251 18.4567 0
      vertex 65.4088 18.6672 0
    endloop
  endfacet
  facet normal 0 0 -1
    outer loop
      vertex 57.025 4.925 0
      vertex 66.025 4 0
      vertex 66.0303 3.89218 0
    endloop
  endfacet
  facet normal 0 0 -1
    outer loop
      vertex 67.3396 5.07886 0
      vertex 64.822 18.2751 0
      vertex 65.1251 18.4567 0
    endloop
  endfacet
  facet normal 0 0 -1
    outer loop
      vertex 67.2328 5.0947 0
      vertex 64.5027 18.124 0
      vertex 64.822 18.2751 0
    endloop
  endfacet
  facet normal 0 0 -1
    outer loop
      vertex 67.0172 5.0947 0
      vertex 64.17 18.005 0
      vertex 64.5027 18.124 0
    endloop
  endfacet
  facet normal 0 0 -1
    outer loop
      vertex 66.9104 5.07886 0
      vertex 63.8273 17.9192 0
      vertex 64.17 18.005 0
    endloop
  endfacet
  facet normal 0 0 -1
    outer loop
      vertex 57.025 4.925 0
      vertex 66.0303 3.89218 0
      vertex 66.0461 3.7854 0
    endloop
  endfacet
  facet normal 0 0 -1
    outer loop
      vertex 66.8057 5.05263 0
      vertex 63.4779 17.8673 0
      vertex 63.8273 17.9192 0
    endloop
  endfacet
  facet normal 0 0 -1
    outer loop
      vertex 66.6065 4.97011 0
      vertex 63.125 17.85 0
      vertex 63.4779 17.8673 0
    endloop
  endfacet
  facet normal 0 0 -1
    outer loop
      vertex 66.5139 4.91462 0
      vertex 62.7721 17.8673 0
      vertex 63.125 17.85 0
    endloop
  endfacet
  facet normal 0 0 -1
    outer loop
      vertex 66.4272 4.85031 0
      vertex 57.025 4.925 0
      vertex 62.7721 17.8673 0
    endloop
  endfacet
  facet normal 0 0 -1
    outer loop
      vertex 57.025 4.925 0
      vertex 66.0461 3.7854 0
      vertex 66.0724 3.68069 0
    endloop
  endfacet
  facet normal -0 0 -1
    outer loop
      vertex 62.7721 17.8673 0
      vertex 57.025 4.925 0
      vertex 62.4227 17.9192 0
    endloop
  endfacet
  facet normal -0 0 -1
    outer loop
      vertex 62.4227 17.9192 0
      vertex 57.025 4.925 0
      vertex 62.08 18.005 0
    endloop
  endfacet
  facet normal -0 0 -1
    outer loop
      vertex 62.08 18.005 0
      vertex 57.025 4.925 0
      vertex 61.7473 18.124 0
    endloop
  endfacet
  facet normal -0 0 -1
    outer loop
      vertex 61.7473 18.124 0
      vertex 57.025 4.925 0
      vertex 61.428 18.2751 0
    endloop
  endfacet
  facet normal 0 0 -1
    outer loop
      vertex 57.025 18.925 0
      vertex 61.428 18.2751 0
      vertex 57.025 4.925 0
    endloop
  endfacet
  facet normal 0 0 -1
    outer loop
      vertex 61.428 18.2751 0
      vertex 57.025 18.925 0
      vertex 61.1249 18.4567 0
    endloop
  endfacet
  facet normal 0 0 -1
    outer loop
      vertex 57.025 4.925 0
      vertex 66.0724 3.68069 0
      vertex 66.1087 3.57905 0
    endloop
  endfacet
  facet normal 0 0 -1
    outer loop
      vertex 61.1249 18.4567 0
      vertex 57.025 18.925 0
      vertex 60.8412 18.6672 0
    endloop
  endfacet
  facet normal 0 0 -1
    outer loop
      vertex 60.8412 18.6672 0
      vertex 57.025 18.925 0
      vertex 60.5794 18.9044 0
    endloop
  endfacet
  facet normal 0 0 -1
    outer loop
      vertex 60.5794 18.9044 0
      vertex 57.025 18.925 0
      vertex 60.3422 19.1662 0
    endloop
  endfacet
  facet normal -0 0 -1
    outer loop
      vertex 60.3422 19.1662 0
      vertex 57.025 18.925 0
      vertex 60.1317 19.4499 0
    endloop
  endfacet
  facet normal -0 0 -1
    outer loop
      vertex 59.5942 20.7477 0
      vertex 57.025 18.925 0
      vertex 59.5423 21.0971 0
    endloop
  endfacet
  facet normal -0 0 -1
    outer loop
      vertex 59.68 20.405 0
      vertex 57.025 18.925 0
      vertex 59.5942 20.7477 0
    endloop
  endfacet
  facet normal -0 0 -1
    outer loop
      vertex 59.799 20.0723 0
      vertex 57.025 18.925 0
      vertex 59.68 20.405 0
    endloop
  endfacet
  facet normal -0 0 -1
    outer loop
      vertex 59.9501 19.753 0
      vertex 57.025 18.925 0
      vertex 59.799 20.0723 0
    endloop
  endfacet
  facet normal -0 0 -1
    outer loop
      vertex 60.1317 19.4499 0
      vertex 57.025 18.925 0
      vertex 59.9501 19.753 0
    endloop
  endfacet
  facet normal 0 0 -1
    outer loop
      vertex 66.1549 3.48146 0
      vertex 57.025 4.925 0
      vertex 66.1087 3.57905 0
    endloop
  endfacet
  facet normal 0 0 -1
    outer loop
      vertex 66.2104 3.38887 0
      vertex 57.025 4.925 0
      vertex 66.1549 3.48146 0
    endloop
  endfacet
  facet normal 0 0 -1
    outer loop
      vertex 66.2747 3.30217 0
      vertex 57.025 4.925 0
      vertex 66.2104 3.38887 0
    endloop
  endfacet
  facet normal 0 0 -1
    outer loop
      vertex 66.3472 3.22218 0
      vertex 57.025 4.925 0
      vertex 66.2747 3.30217 0
    endloop
  endfacet
  facet normal 0 0 -1
    outer loop
      vertex 66.4272 3.14969 0
      vertex 57.025 4.925 0
      vertex 66.3472 3.22218 0
    endloop
  endfacet
  facet normal 0 0 -1
    outer loop
      vertex 66.5139 3.08538 0
      vertex 57.025 4.925 0
      vertex 66.4272 3.14969 0
    endloop
  endfacet
  facet normal 0 0 -1
    outer loop
      vertex 66.6065 3.02989 0
      vertex 57.025 4.925 0
      vertex 66.5139 3.08538 0
    endloop
  endfacet
  facet normal 0 0 -1
    outer loop
      vertex 71.125 0 0
      vertex 43.025 4.925 0
      vertex 57.025 4.925 0
    endloop
  endfacet
  facet normal 0 0 -1
    outer loop
      vertex 37.975 18.925 0
      vertex 43.025 18.925 0
      vertex 43.025 4.925 0
    endloop
  endfacet
  facet normal 0 0 -1
    outer loop
      vertex 43.025 18.925 0
      vertex 37.975 18.925 0
      vertex 43.025 23.975 0
    endloop
  endfacet
  facet normal 0 0 -1
    outer loop
      vertex 37.975 18.925 0
      vertex 43.025 4.925 0
      vertex 37.975 4.925 0
    endloop
  endfacet
  facet normal 0 0 -1
    outer loop
      vertex 71.125 0 0
      vertex 37.975 4.925 0
      vertex 43.025 4.925 0
    endloop
  endfacet
  facet normal 0 0 -1
    outer loop
      vertex 0 0 0
      vertex 37.975 4.925 0
      vertex 71.125 0 0
    endloop
  endfacet
  facet normal 0 0 -1
    outer loop
      vertex 18.925 18.925 0
      vertex 23.975 18.925 0
      vertex 23.975 4.925 0
    endloop
  endfacet
  facet normal 0 0 -1
    outer loop
      vertex 23.975 18.925 0
      vertex 18.925 18.925 0
      vertex 23.975 23.975 0
    endloop
  endfacet
  facet normal 0 0 -1
    outer loop
      vertex 18.925 18.925 0
      vertex 23.975 4.925 0
      vertex 18.925 4.925 0
    endloop
  endfacet
  facet normal -0 0 -1
    outer loop
      vertex 37.975 4.925 0
      vertex 0 0 0
      vertex 23.975 4.925 0
    endloop
  endfacet
  facet normal -0 0 -1
    outer loop
      vertex 23.975 4.925 0
      vertex 0 0 0
      vertex 18.925 4.925 0
    endloop
  endfacet
  facet normal 0 0 -1
    outer loop
      vertex 18.925 4.925 0
      vertex 5.0947 3.89218 0
      vertex 5.1 4 0
    endloop
  endfacet
  facet normal 0 0 -1
    outer loop
      vertex 18.925 4.925 0
      vertex 5.07886 3.7854 0
      vertex 5.0947 3.89218 0
    endloop
  endfacet
  facet normal 0 0 -1
    outer loop
      vertex 18.925 4.925 0
      vertex 5.05263 3.68069 0
      vertex 5.07886 3.7854 0
    endloop
  endfacet
  facet normal 0 0 -1
    outer loop
      vertex 18.925 4.925 0
      vertex 5.01627 3.57905 0
      vertex 5.05263 3.68069 0
    endloop
  endfacet
  facet normal 0 0 -1
    outer loop
      vertex 18.925 4.925 0
      vertex 4.97011 3.48146 0
      vertex 5.01627 3.57905 0
    endloop
  endfacet
  facet normal 0 0 -1
    outer loop
      vertex 18.925 4.925 0
      vertex 4.91462 3.38887 0
      vertex 4.97011 3.48146 0
    endloop
  endfacet
  facet normal 0 0 -1
    outer loop
      vertex 18.925 4.925 0
      vertex 4.85031 3.30217 0
      vertex 4.91462 3.38887 0
    endloop
  endfacet
  facet normal 0 0 -1
    outer loop
      vertex 18.925 4.925 0
      vertex 4.77782 3.22218 0
      vertex 4.85031 3.30217 0
    endloop
  endfacet
  facet normal 0 0 -1
    outer loop
      vertex 18.925 4.925 0
      vertex 4.69783 3.14969 0
      vertex 4.77782 3.22218 0
    endloop
  endfacet
  facet normal 0 0 -1
    outer loop
      vertex 18.925 4.925 0
      vertex 4.61113 3.08538 0
      vertex 4.69783 3.14969 0
    endloop
  endfacet
  facet normal 0 0 -1
    outer loop
      vertex 18.925 4.925 0
      vertex 4.51854 3.02989 0
      vertex 4.61113 3.08538 0
    endloop
  endfacet
  facet normal 0 0 -1
    outer loop
      vertex 18.925 4.925 0
      vertex 0 0 0
      vertex 4.51854 3.02989 0
    endloop
  endfacet
  facet normal 0 0 -1
    outer loop
      vertex 4.51854 3.02989 0
      vertex 0 0 0
      vertex 4.42095 2.98373 0
    endloop
  endfacet
  facet normal 0 0 -1
    outer loop
      vertex 4.42095 2.98373 0
      vertex 0 0 0
      vertex 4.31931 2.94736 0
    endloop
  endfacet
  facet normal 0 0 -1
    outer loop
      vertex 4.31931 2.94736 0
      vertex 0 0 0
      vertex 4.2146 2.92114 0
    endloop
  endfacet
  facet normal 0 0 -1
    outer loop
      vertex 4.2146 2.92114 0
      vertex 0 0 0
      vertex 4.10782 2.9053 0
    endloop
  endfacet
  facet normal 0 0 -1
    outer loop
      vertex 2.92114 38.6854 0
      vertex 0 42.9 0
      vertex 2.9053 38.7922 0
    endloop
  endfacet
  facet normal -0 0 -1
    outer loop
      vertex 2.9053 3.89218 0
      vertex 0 0 0
      vertex 2.9 4 0
    endloop
  endfacet
  facet normal -0 0 -1
    outer loop
      vertex 2.92114 3.7854 0
      vertex 0 0 0
      vertex 2.9053 3.89218 0
    endloop
  endfacet
  facet normal -0 0 -1
    outer loop
      vertex 2.94736 3.68069 0
      vertex 0 0 0
      vertex 2.92114 3.7854 0
    endloop
  endfacet
  facet normal -0 0 -1
    outer loop
      vertex 2.98373 3.57905 0
      vertex 0 0 0
      vertex 2.94736 3.68069 0
    endloop
  endfacet
  facet normal -0 0 -1
    outer loop
      vertex 3.02989 3.48146 0
      vertex 0 0 0
      vertex 2.98373 3.57905 0
    endloop
  endfacet
  facet normal -0 0 -1
    outer loop
      vertex 3.08538 3.38887 0
      vertex 0 0 0
      vertex 3.02989 3.48146 0
    endloop
  endfacet
  facet normal -0 0 -1
    outer loop
      vertex 3.14969 3.30217 0
      vertex 0 0 0
      vertex 3.08538 3.38887 0
    endloop
  endfacet
  facet normal -0 0 -1
    outer loop
      vertex 3.22218 3.22218 0
      vertex 0 0 0
      vertex 3.14969 3.30217 0
    endloop
  endfacet
  facet normal -0 0 -1
    outer loop
      vertex 3.30217 3.14969 0
      vertex 0 0 0
      vertex 3.22218 3.22218 0
    endloop
  endfacet
  facet normal -0 0 -1
    outer loop
      vertex 3.38887 3.08538 0
      vertex 0 0 0
      vertex 3.30217 3.14969 0
    endloop
  endfacet
  facet normal -0 0 -1
    outer loop
      vertex 3.48146 3.02989 0
      vertex 0 0 0
      vertex 3.38887 3.08538 0
    endloop
  endfacet
  facet normal -0 0 -1
    outer loop
      vertex 3.57905 2.98373 0
      vertex 0 0 0
      vertex 3.48146 3.02989 0
    endloop
  endfacet
  facet normal -0 0 -1
    outer loop
      vertex 3.68069 2.94736 0
      vertex 0 0 0
      vertex 3.57905 2.98373 0
    endloop
  endfacet
  facet normal -0 0 -1
    outer loop
      vertex 3.7854 2.92114 0
      vertex 0 0 0
      vertex 3.68069 2.94736 0
    endloop
  endfacet
  facet normal -0 0 -1
    outer loop
      vertex 3.89218 2.9053 0
      vertex 0 0 0
      vertex 3.7854 2.92114 0
    endloop
  endfacet
  facet normal -0 0 -1
    outer loop
      vertex 4 2.9 0
      vertex 0 0 0
      vertex 3.89218 2.9053 0
    endloop
  endfacet
  facet normal 0 0 -1
    outer loop
      vertex 4.10782 2.9053 0
      vertex 0 0 0
      vertex 4 2.9 0
    endloop
  endfacet
  facet normal 0 0 -1
    outer loop
      vertex 68.2039 4.2146 0
      vertex 71.125 0 0
      vertex 68.2197 4.10782 0
    endloop
  endfacet
  facet normal 0 0 -1
    outer loop
      vertex 68.2197 39.0078 0
      vertex 71.125 42.9 0
      vertex 68.225 38.9 0
    endloop
  endfacet
  facet normal 0 0 -1
    outer loop
      vertex 68.2039 39.1146 0
      vertex 71.125 42.9 0
      vertex 68.2197 39.0078 0
    endloop
  endfacet
  facet normal 0 0 -1
    outer loop
      vertex 68.1776 39.2193 0
      vertex 71.125 42.9 0
      vertex 68.2039 39.1146 0
    endloop
  endfacet
  facet normal 0 0 -1
    outer loop
      vertex 68.1413 39.321 0
      vertex 71.125 42.9 0
      vertex 68.1776 39.2193 0
    endloop
  endfacet
  facet normal 0 0 -1
    outer loop
      vertex 68.0951 39.4185 0
      vertex 71.125 42.9 0
      vertex 68.1413 39.321 0
    endloop
  endfacet
  facet normal 0 0 -1
    outer loop
      vertex 68.0396 39.5111 0
      vertex 71.125 42.9 0
      vertex 68.0951 39.4185 0
    endloop
  endfacet
  facet normal 0 0 -1
    outer loop
      vertex 67.9753 39.5978 0
      vertex 71.125 42.9 0
      vertex 68.0396 39.5111 0
    endloop
  endfacet
  facet normal 0 0 -1
    outer loop
      vertex 67.9028 39.6778 0
      vertex 71.125 42.9 0
      vertex 67.9753 39.5978 0
    endloop
  endfacet
  facet normal 0 0 -1
    outer loop
      vertex 67.8228 39.7503 0
      vertex 71.125 42.9 0
      vertex 67.9028 39.6778 0
    endloop
  endfacet
  facet normal 0 0 -1
    outer loop
      vertex 67.7361 39.8146 0
      vertex 71.125 42.9 0
      vertex 67.8228 39.7503 0
    endloop
  endfacet
  facet normal 0 0 -1
    outer loop
      vertex 67.6435 39.8701 0
      vertex 71.125 42.9 0
      vertex 67.7361 39.8146 0
    endloop
  endfacet
  facet normal 0 0 -1
    outer loop
      vertex 67.546 39.9163 0
      vertex 71.125 42.9 0
      vertex 67.6435 39.8701 0
    endloop
  endfacet
  facet normal 0 0 -1
    outer loop
      vertex 67.4443 39.9526 0
      vertex 71.125 42.9 0
      vertex 67.546 39.9163 0
    endloop
  endfacet
  facet normal 0 0 -1
    outer loop
      vertex 67.3396 39.9789 0
      vertex 71.125 42.9 0
      vertex 67.4443 39.9526 0
    endloop
  endfacet
  facet normal 0 0 -1
    outer loop
      vertex 67.2328 39.9947 0
      vertex 71.125 42.9 0
      vertex 67.3396 39.9789 0
    endloop
  endfacet
  facet normal 0 0 -1
    outer loop
      vertex 67.125 40 0
      vertex 71.125 42.9 0
      vertex 67.2328 39.9947 0
    endloop
  endfacet
  facet normal 0 0 -1
    outer loop
      vertex 67.0172 39.9947 0
      vertex 71.125 42.9 0
      vertex 67.125 40 0
    endloop
  endfacet
  facet normal 0 0 -1
    outer loop
      vertex 66.9104 39.9789 0
      vertex 71.125 42.9 0
      vertex 67.0172 39.9947 0
    endloop
  endfacet
  facet normal 0 0 -1
    outer loop
      vertex 66.8057 39.9526 0
      vertex 71.125 42.9 0
      vertex 66.9104 39.9789 0
    endloop
  endfacet
  facet normal 0 0 -1
    outer loop
      vertex 66.704 39.9163 0
      vertex 71.125 42.9 0
      vertex 66.8057 39.9526 0
    endloop
  endfacet
  facet normal 0 0 -1
    outer loop
      vertex 66.6065 39.8701 0
      vertex 71.125 42.9 0
      vertex 66.704 39.9163 0
    endloop
  endfacet
  facet normal 0 0 -1
    outer loop
      vertex 57.025 37.975 0
      vertex 66.6065 39.8701 0
      vertex 66.5139 39.8146 0
    endloop
  endfacet
  facet normal -0 0 -1
    outer loop
      vertex 66.5139 37.9854 0
      vertex 62.7721 25.0327 0
      vertex 66.4272 38.0497 0
    endloop
  endfacet
  facet normal 0 0 -1
    outer loop
      vertex 57.025 37.975 0
      vertex 66.4272 38.0497 0
      vertex 62.7721 25.0327 0
    endloop
  endfacet
  facet normal -0 0 -1
    outer loop
      vertex 66.4272 38.0497 0
      vertex 57.025 37.975 0
      vertex 66.3472 38.1222 0
    endloop
  endfacet
  facet normal -0 0 -1
    outer loop
      vertex 66.3472 38.1222 0
      vertex 57.025 37.975 0
      vertex 66.2747 38.2022 0
    endloop
  endfacet
  facet normal -0 0 -1
    outer loop
      vertex 66.2747 38.2022 0
      vertex 57.025 37.975 0
      vertex 66.2104 38.2889 0
    endloop
  endfacet
  facet normal -0 0 -1
    outer loop
      vertex 66.2104 38.2889 0
      vertex 57.025 37.975 0
      vertex 66.1549 38.3815 0
    endloop
  endfacet
  facet normal -0 0 -1
    outer loop
      vertex 66.1549 38.3815 0
      vertex 57.025 37.975 0
      vertex 66.1087 38.479 0
    endloop
  endfacet
  facet normal -0 0 -1
    outer loop
      vertex 66.1087 38.479 0
      vertex 57.025 37.975 0
      vertex 66.0724 38.5807 0
    endloop
  endfacet
  facet normal -0 0 -1
    outer loop
      vertex 66.0724 38.5807 0
      vertex 57.025 37.975 0
      vertex 66.0461 38.6854 0
    endloop
  endfacet
  facet normal -0 0 -1
    outer loop
      vertex 66.0461 38.6854 0
      vertex 57.025 37.975 0
      vertex 66.0303 38.7922 0
    endloop
  endfacet
  facet normal -0 0 -1
    outer loop
      vertex 66.0303 38.7922 0
      vertex 57.025 37.975 0
      vertex 66.025 38.9 0
    endloop
  endfacet
  facet normal -0 0 -1
    outer loop
      vertex 66.025 38.9 0
      vertex 57.025 37.975 0
      vertex 66.0303 39.0078 0
    endloop
  endfacet
  facet normal 0 0 -1
    outer loop
      vertex 57.025 37.975 0
      vertex 62.7721 25.0327 0
      vertex 62.4227 24.9808 0
    endloop
  endfacet
  facet normal -0 0 -1
    outer loop
      vertex 66.0303 39.0078 0
      vertex 57.025 37.975 0
      vertex 66.0461 39.1146 0
    endloop
  endfacet
  facet normal 0 0 -1
    outer loop
      vertex 57.025 37.975 0
      vertex 62.4227 24.9808 0
      vertex 62.08 24.895 0
    endloop
  endfacet
  facet normal 0 0 -1
    outer loop
      vertex 57.025 37.975 0
      vertex 62.08 24.895 0
      vertex 61.7473 24.776 0
    endloop
  endfacet
  facet normal 0 0 -1
    outer loop
      vertex 57.025 37.975 0
      vertex 61.7473 24.776 0
      vertex 61.428 24.6249 0
    endloop
  endfacet
  facet normal 0 0 -1
    outer loop
      vertex 57.025 23.975 0
      vertex 61.428 24.6249 0
      vertex 61.1249 24.4433 0
    endloop
  endfacet
  facet normal 0 0 -1
    outer loop
      vertex 57.025 23.975 0
      vertex 61.1249 24.4433 0
      vertex 60.8412 24.2328 0
    endloop
  endfacet
  facet normal 0 0 -1
    outer loop
      vertex 57.025 23.975 0
      vertex 60.8412 24.2328 0
      vertex 60.5794 23.9956 0
    endloop
  endfacet
  facet normal -0 0 -1
    outer loop
      vertex 66.0461 39.1146 0
      vertex 57.025 37.975 0
      vertex 66.0724 39.2193 0
    endloop
  endfacet
  facet normal 0 0 -1
    outer loop
      vertex 57.025 23.975 0
      vertex 60.5794 23.9956 0
      vertex 60.3422 23.7338 0
    endloop
  endfacet
  facet normal 0 0 -1
    outer loop
      vertex 57.025 23.975 0
      vertex 60.3422 23.7338 0
      vertex 60.1317 23.4501 0
    endloop
  endfacet
  facet normal 0 0 -1
    outer loop
      vertex 57.025 23.975 0
      vertex 60.1317 23.4501 0
      vertex 59.9501 23.147 0
    endloop
  endfacet
  facet normal 0 0 -1
    outer loop
      vertex 57.025 23.975 0
      vertex 59.9501 23.147 0
      vertex 59.799 22.8277 0
    endloop
  endfacet
  facet normal -0 0 -1
    outer loop
      vertex 59.5423 21.0971 0
      vertex 57.025 18.925 0
      vertex 59.525 21.45 0
    endloop
  endfacet
  facet normal 0 0 -1
    outer loop
      vertex 57.025 23.975 0
      vertex 59.525 21.45 0
      vertex 57.025 18.925 0
    endloop
  endfacet
  facet normal 0 0 -1
    outer loop
      vertex 59.525 21.45 0
      vertex 57.025 23.975 0
      vertex 59.5423 21.8029 0
    endloop
  endfacet
  facet normal 0 0 -1
    outer loop
      vertex 59.5423 21.8029 0
      vertex 57.025 23.975 0
      vertex 59.5942 22.1523 0
    endloop
  endfacet
  facet normal 0 0 -1
    outer loop
      vertex 59.5942 22.1523 0
      vertex 57.025 23.975 0
      vertex 59.68 22.495 0
    endloop
  endfacet
  facet normal 0 0 -1
    outer loop
      vertex 59.68 22.495 0
      vertex 57.025 23.975 0
      vertex 59.799 22.8277 0
    endloop
  endfacet
  facet normal -0 0 -1
    outer loop
      vertex 61.428 24.6249 0
      vertex 57.025 23.975 0
      vertex 57.025 37.975 0
    endloop
  endfacet
  facet normal -0 0 -1
    outer loop
      vertex 66.0724 39.2193 0
      vertex 57.025 37.975 0
      vertex 66.1087 39.321 0
    endloop
  endfacet
  facet normal -0 0 -1
    outer loop
      vertex 66.1087 39.321 0
      vertex 57.025 37.975 0
      vertex 66.1549 39.4185 0
    endloop
  endfacet
  facet normal 0 0 -1
    outer loop
      vertex 57.025 37.975 0
      vertex 66.2104 39.5111 0
      vertex 66.1549 39.4185 0
    endloop
  endfacet
  facet normal 0 0 -1
    outer loop
      vertex 57.025 37.975 0
      vertex 66.2747 39.5978 0
      vertex 66.2104 39.5111 0
    endloop
  endfacet
  facet normal 0 0 -1
    outer loop
      vertex 57.025 37.975 0
      vertex 66.3472 39.6778 0
      vertex 66.2747 39.5978 0
    endloop
  endfacet
  facet normal 0 0 -1
    outer loop
      vertex 57.025 37.975 0
      vertex 66.4272 39.7503 0
      vertex 66.3472 39.6778 0
    endloop
  endfacet
  facet normal 0 0 -1
    outer loop
      vertex 57.025 37.975 0
      vertex 66.5139 39.8146 0
      vertex 66.4272 39.7503 0
    endloop
  endfacet
  facet normal -0 0 -1
    outer loop
      vertex 66.6065 39.8701 0
      vertex 57.025 37.975 0
      vertex 71.125 42.9 0
    endloop
  endfacet
  facet normal 0 0 -1
    outer loop
      vertex 43.025 37.975 0
      vertex 71.125 42.9 0
      vertex 57.025 37.975 0
    endloop
  endfacet
  facet normal 0 0 -1
    outer loop
      vertex 37.975 23.975 0
      vertex 43.025 23.975 0
      vertex 37.975 18.925 0
    endloop
  endfacet
  facet normal 0 0 -1
    outer loop
      vertex 43.025 23.975 0
      vertex 37.975 23.975 0
      vertex 43.025 37.975 0
    endloop
  endfacet
  facet normal 0 0 -1
    outer loop
      vertex 37.975 37.975 0
      vertex 43.025 37.975 0
      vertex 37.975 23.975 0
    endloop
  endfacet
  facet normal 0 0 -1
    outer loop
      vertex 37.975 37.975 0
      vertex 71.125 42.9 0
      vertex 43.025 37.975 0
    endloop
  endfacet
  facet normal 0 0 -1
    outer loop
      vertex 0 42.9 0
      vertex 37.975 37.975 0
      vertex 23.975 37.975 0
    endloop
  endfacet
  facet normal 0 0 -1
    outer loop
      vertex 18.925 23.975 0
      vertex 23.975 23.975 0
      vertex 18.925 18.925 0
    endloop
  endfacet
  facet normal 0 0 -1
    outer loop
      vertex 23.975 23.975 0
      vertex 18.925 23.975 0
      vertex 23.975 37.975 0
    endloop
  endfacet
  facet normal 0 0 -1
    outer loop
      vertex 18.925 37.975 0
      vertex 23.975 37.975 0
      vertex 18.925 23.975 0
    endloop
  endfacet
  facet normal 0 0 -1
    outer loop
      vertex 0 42.9 0
      vertex 23.975 37.975 0
      vertex 18.925 37.975 0
    endloop
  endfacet
  facet normal 0 0 -1
    outer loop
      vertex 5.0947 39.0078 0
      vertex 18.925 37.975 0
      vertex 5.1 38.9 0
    endloop
  endfacet
  facet normal 0 0 -1
    outer loop
      vertex 5.07886 39.1146 0
      vertex 18.925 37.975 0
      vertex 5.0947 39.0078 0
    endloop
  endfacet
  facet normal 0 0 -1
    outer loop
      vertex 5.05263 39.2193 0
      vertex 18.925 37.975 0
      vertex 5.07886 39.1146 0
    endloop
  endfacet
  facet normal 0 0 -1
    outer loop
      vertex 5.01627 39.321 0
      vertex 18.925 37.975 0
      vertex 5.05263 39.2193 0
    endloop
  endfacet
  facet normal 0 0 -1
    outer loop
      vertex 4.97011 39.4185 0
      vertex 18.925 37.975 0
      vertex 5.01627 39.321 0
    endloop
  endfacet
  facet normal 0 0 -1
    outer loop
      vertex 4.91462 39.5111 0
      vertex 18.925 37.975 0
      vertex 4.97011 39.4185 0
    endloop
  endfacet
  facet normal 0 0 -1
    outer loop
      vertex 4.85031 39.5978 0
      vertex 18.925 37.975 0
      vertex 4.91462 39.5111 0
    endloop
  endfacet
  facet normal 0 0 -1
    outer loop
      vertex 4.77782 39.6778 0
      vertex 18.925 37.975 0
      vertex 4.85031 39.5978 0
    endloop
  endfacet
  facet normal 0 0 -1
    outer loop
      vertex 4.69783 39.7503 0
      vertex 18.925 37.975 0
      vertex 4.77782 39.6778 0
    endloop
  endfacet
  facet normal 0 0 -1
    outer loop
      vertex 4.61113 39.8146 0
      vertex 18.925 37.975 0
      vertex 4.69783 39.7503 0
    endloop
  endfacet
  facet normal 0 0 -1
    outer loop
      vertex 4.51854 39.8701 0
      vertex 18.925 37.975 0
      vertex 4.61113 39.8146 0
    endloop
  endfacet
  facet normal 0 0 -1
    outer loop
      vertex 0 42.9 0
      vertex 18.925 37.975 0
      vertex 4.51854 39.8701 0
    endloop
  endfacet
  facet normal 0 0 -1
    outer loop
      vertex 0 42.9 0
      vertex 4.51854 39.8701 0
      vertex 4.42095 39.9163 0
    endloop
  endfacet
  facet normal 0 0 -1
    outer loop
      vertex 0 42.9 0
      vertex 4.42095 39.9163 0
      vertex 4.31931 39.9526 0
    endloop
  endfacet
  facet normal 0 0 -1
    outer loop
      vertex 0 42.9 0
      vertex 4.31931 39.9526 0
      vertex 4.2146 39.9789 0
    endloop
  endfacet
  facet normal 0 0 -1
    outer loop
      vertex 0 42.9 0
      vertex 4.2146 39.9789 0
      vertex 4.10782 39.9947 0
    endloop
  endfacet
  facet normal 0 0 -1
    outer loop
      vertex 0 42.9 0
      vertex 4.10782 39.9947 0
      vertex 4 40 0
    endloop
  endfacet
  facet normal 0 0 -1
    outer loop
      vertex 2.9053 38.7922 0
      vertex 0 42.9 0
      vertex 2.9 38.9 0
    endloop
  endfacet
  facet normal 0 0 -1
    outer loop
      vertex 37.975 37.975 0
      vertex 0 42.9 0
      vertex 71.125 42.9 0
    endloop
  endfacet
  facet normal 0 0 -1
    outer loop
      vertex 3.89218 39.9947 0
      vertex 0 42.9 0
      vertex 4 40 0
    endloop
  endfacet
  facet normal 0 0 -1
    outer loop
      vertex 3.7854 39.9789 0
      vertex 0 42.9 0
      vertex 3.89218 39.9947 0
    endloop
  endfacet
  facet normal 0 0 -1
    outer loop
      vertex 3.68069 39.9526 0
      vertex 0 42.9 0
      vertex 3.7854 39.9789 0
    endloop
  endfacet
  facet normal 0 0 -1
    outer loop
      vertex 3.57905 39.9163 0
      vertex 0 42.9 0
      vertex 3.68069 39.9526 0
    endloop
  endfacet
  facet normal 0 0 -1
    outer loop
      vertex 3.48146 39.8701 0
      vertex 0 42.9 0
      vertex 3.57905 39.9163 0
    endloop
  endfacet
  facet normal 0 0 -1
    outer loop
      vertex 3.38887 39.8146 0
      vertex 0 42.9 0
      vertex 3.48146 39.8701 0
    endloop
  endfacet
  facet normal 0 0 -1
    outer loop
      vertex 3.30217 39.7503 0
      vertex 0 42.9 0
      vertex 3.38887 39.8146 0
    endloop
  endfacet
  facet normal 0 0 -1
    outer loop
      vertex 3.22218 39.6778 0
      vertex 0 42.9 0
      vertex 3.30217 39.7503 0
    endloop
  endfacet
  facet normal 0 0 -1
    outer loop
      vertex 3.14969 39.5978 0
      vertex 0 42.9 0
      vertex 3.22218 39.6778 0
    endloop
  endfacet
  facet normal 0 0 -1
    outer loop
      vertex 3.08538 39.5111 0
      vertex 0 42.9 0
      vertex 3.14969 39.5978 0
    endloop
  endfacet
  facet normal 0 0 -1
    outer loop
      vertex 3.02989 39.4185 0
      vertex 0 42.9 0
      vertex 3.08538 39.5111 0
    endloop
  endfacet
  facet normal 0 0 -1
    outer loop
      vertex 2.98373 39.321 0
      vertex 0 42.9 0
      vertex 3.02989 39.4185 0
    endloop
  endfacet
  facet normal 0 0 -1
    outer loop
      vertex 2.94736 39.2193 0
      vertex 0 42.9 0
      vertex 2.98373 39.321 0
    endloop
  endfacet
  facet normal 0 0 -1
    outer loop
      vertex 2.92114 39.1146 0
      vertex 0 42.9 0
      vertex 2.94736 39.2193 0
    endloop
  endfacet
  facet normal 0 0 -1
    outer loop
      vertex 2.9053 39.0078 0
      vertex 0 42.9 0
      vertex 2.92114 39.1146 0
    endloop
  endfacet
  facet normal 0 0 -1
    outer loop
      vertex 2.9 38.9 0
      vertex 0 42.9 0
      vertex 2.9053 39.0078 0
    endloop
  endfacet
  facet normal 0 0 -1
    outer loop
      vertex 67.6435 37.9299 0
      vertex 65.6706 23.9956 0
      vertex 67.546 37.8837 0
    endloop
  endfacet
  facet normal 0 0 -1
    outer loop
      vertex 65.4088 24.2328 0
      vertex 67.546 37.8837 0
      vertex 65.6706 23.9956 0
    endloop
  endfacet
  facet normal 0 0 -1
    outer loop
      vertex 67.546 37.8837 0
      vertex 65.4088 24.2328 0
      vertex 67.4443 37.8474 0
    endloop
  endfacet
  facet normal 0 0 -1
    outer loop
      vertex 65.1251 24.4433 0
      vertex 67.4443 37.8474 0
      vertex 65.4088 24.2328 0
    endloop
  endfacet
  facet normal 0 0 -1
    outer loop
      vertex 67.4443 37.8474 0
      vertex 65.1251 24.4433 0
      vertex 67.3396 37.8211 0
    endloop
  endfacet
  facet normal 0 0 -1
    outer loop
      vertex 64.822 24.6249 0
      vertex 67.3396 37.8211 0
      vertex 65.1251 24.4433 0
    endloop
  endfacet
  facet normal 0 0 -1
    outer loop
      vertex 67.3396 37.8211 0
      vertex 64.822 24.6249 0
      vertex 67.2328 37.8053 0
    endloop
  endfacet
  facet normal 0 0 -1
    outer loop
      vertex 64.5027 24.776 0
      vertex 67.2328 37.8053 0
      vertex 64.822 24.6249 0
    endloop
  endfacet
  facet normal 0 0 -1
    outer loop
      vertex 67.2328 37.8053 0
      vertex 64.5027 24.776 0
      vertex 67.125 37.8 0
    endloop
  endfacet
  facet normal -0 0 -1
    outer loop
      vertex 67.125 37.8 0
      vertex 64.5027 24.776 0
      vertex 67.0172 37.8053 0
    endloop
  endfacet
  facet normal 0 0 -1
    outer loop
      vertex 64.17 24.895 0
      vertex 67.0172 37.8053 0
      vertex 64.5027 24.776 0
    endloop
  endfacet
  facet normal -0 0 -1
    outer loop
      vertex 67.0172 37.8053 0
      vertex 64.17 24.895 0
      vertex 66.9104 37.8211 0
    endloop
  endfacet
  facet normal 0 0 -1
    outer loop
      vertex 63.8273 24.9808 0
      vertex 66.9104 37.8211 0
      vertex 64.17 24.895 0
    endloop
  endfacet
  facet normal -0 0 -1
    outer loop
      vertex 66.9104 37.8211 0
      vertex 63.8273 24.9808 0
      vertex 66.8057 37.8474 0
    endloop
  endfacet
  facet normal 0 0 -1
    outer loop
      vertex 63.4779 25.0327 0
      vertex 66.8057 37.8474 0
      vertex 63.8273 24.9808 0
    endloop
  endfacet
  facet normal -0 0 -1
    outer loop
      vertex 66.8057 37.8474 0
      vertex 63.4779 25.0327 0
      vertex 66.704 37.8837 0
    endloop
  endfacet
  facet normal -0 0 -1
    outer loop
      vertex 66.704 37.8837 0
      vertex 63.4779 25.0327 0
      vertex 66.6065 37.9299 0
    endloop
  endfacet
  facet normal 0 0 -1
    outer loop
      vertex 63.125 25.05 0
      vertex 66.6065 37.9299 0
      vertex 63.4779 25.0327 0
    endloop
  endfacet
  facet normal -0 0 -1
    outer loop
      vertex 66.6065 37.9299 0
      vertex 63.125 25.05 0
      vertex 66.5139 37.9854 0
    endloop
  endfacet
  facet normal 0 0 -1
    outer loop
      vertex 62.7721 25.0327 0
      vertex 66.5139 37.9854 0
      vertex 63.125 25.05 0
    endloop
  endfacet
  facet normal -1 0 0
    outer loop
      vertex 0 0 0
      vertex 0 42.9 1.5
      vertex 0 42.9 0
    endloop
  endfacet
  facet normal -1 -0 0
    outer loop
      vertex 0 42.9 1.5
      vertex 0 0 0
      vertex 0 0 1.5
    endloop
  endfacet
  facet normal 0 1 -0
    outer loop
      vertex 71.125 42.9 0
      vertex 0 42.9 1.5
      vertex 71.125 42.9 1.5
    endloop
  endfacet
  facet normal 0 1 0
    outer loop
      vertex 0 42.9 1.5
      vertex 71.125 42.9 0
      vertex 0 42.9 0
    endloop
  endfacet
  facet normal 0 -1 0
    outer loop
      vertex 0 0 0
      vertex 71.125 0 1.5
      vertex 0 0 1.5
    endloop
  endfacet
  facet normal 0 -1 -0
    outer loop
      vertex 71.125 0 1.5
      vertex 0 0 0
      vertex 71.125 0 0
    endloop
  endfacet
  facet normal -0.741066 0.671432 0
    outer loop
      vertex 65.6706 18.9044 0
      vertex 65.9078 19.1662 1.5
      vertex 65.9078 19.1662 0
    endloop
  endfacet
  facet normal -0.741066 0.671432 0
    outer loop
      vertex 65.9078 19.1662 1.5
      vertex 65.6706 18.9044 0
      vertex 65.6706 18.9044 1.5
    endloop
  endfacet
  facet normal -0.989147 -0.146928 0
    outer loop
      vertex 66.7077 21.8029 0
      vertex 66.6558 22.1523 1.5
      vertex 66.6558 22.1523 0
    endloop
  endfacet
  facet normal -0.989147 -0.146928 0
    outer loop
      vertex 66.6558 22.1523 1.5
      vertex 66.7077 21.8029 0
      vertex 66.7077 21.8029 1.5
    endloop
  endfacet
  facet normal -0.671432 -0.741066 0
    outer loop
      vertex 65.4088 24.2328 0
      vertex 65.6706 23.9956 1.5
      vertex 65.4088 24.2328 1.5
    endloop
  endfacet
  facet normal -0.671432 -0.741066 -0
    outer loop
      vertex 65.6706 23.9956 1.5
      vertex 65.4088 24.2328 0
      vertex 65.6706 23.9956 0
    endloop
  endfacet
  facet normal -0.998801 -0.0489636 0
    outer loop
      vertex 66.725 21.45 0
      vertex 66.7077 21.8029 1.5
      vertex 66.7077 21.8029 0
    endloop
  endfacet
  facet normal -0.998801 -0.0489636 0
    outer loop
      vertex 66.7077 21.8029 1.5
      vertex 66.725 21.45 0
      vertex 66.725 21.45 1.5
    endloop
  endfacet
  facet normal 0.336785 0.941582 -0
    outer loop
      vertex 62.08 18.005 0
      vertex 61.7473 18.124 1.5
      vertex 62.08 18.005 1.5
    endloop
  endfacet
  facet normal 0.336785 0.941582 0
    outer loop
      vertex 61.7473 18.124 1.5
      vertex 62.08 18.005 0
      vertex 61.7473 18.124 0
    endloop
  endfacet
  facet normal -0.803081 0.59587 0
    outer loop
      vertex 65.9078 19.1662 0
      vertex 66.1183 19.4499 1.5
      vertex 66.1183 19.4499 0
    endloop
  endfacet
  facet normal -0.803081 0.59587 0
    outer loop
      vertex 66.1183 19.4499 1.5
      vertex 65.9078 19.1662 0
      vertex 65.9078 19.1662 1.5
    endloop
  endfacet
  facet normal -0.427746 0.903899 0
    outer loop
      vertex 64.822 18.2751 0
      vertex 64.5027 18.124 1.5
      vertex 64.822 18.2751 1.5
    endloop
  endfacet
  facet normal -0.427746 0.903899 0
    outer loop
      vertex 64.5027 18.124 1.5
      vertex 64.822 18.2751 0
      vertex 64.5027 18.124 0
    endloop
  endfacet
  facet normal 0.998801 -0.0489636 0
    outer loop
      vertex 59.525 21.45 1.5
      vertex 59.5423 21.8029 0
      vertex 59.5423 21.8029 1.5
    endloop
  endfacet
  facet normal 0.998801 -0.0489636 0
    outer loop
      vertex 59.5423 21.8029 0
      vertex 59.525 21.45 1.5
      vertex 59.525 21.45 0
    endloop
  endfacet
  facet normal -0.513955 -0.857817 0
    outer loop
      vertex 64.822 24.6249 0
      vertex 65.1251 24.4433 1.5
      vertex 64.822 24.6249 1.5
    endloop
  endfacet
  facet normal -0.513955 -0.857817 -0
    outer loop
      vertex 65.1251 24.4433 1.5
      vertex 64.822 24.6249 0
      vertex 65.1251 24.4433 0
    endloop
  endfacet
  facet normal -0.970059 0.242869 0
    outer loop
      vertex 66.57 20.405 0
      vertex 66.6558 20.7477 1.5
      vertex 66.6558 20.7477 0
    endloop
  endfacet
  facet normal -0.970059 0.242869 0
    outer loop
      vertex 66.6558 20.7477 1.5
      vertex 66.57 20.405 0
      vertex 66.57 20.405 1.5
    endloop
  endfacet
  facet normal 0.857817 0.513955 0
    outer loop
      vertex 60.1317 19.4499 1.5
      vertex 59.9501 19.753 0
      vertex 59.9501 19.753 1.5
    endloop
  endfacet
  facet normal 0.857817 0.513955 0
    outer loop
      vertex 59.9501 19.753 0
      vertex 60.1317 19.4499 1.5
      vertex 60.1317 19.4499 0
    endloop
  endfacet
  facet normal -0.427746 -0.903899 0
    outer loop
      vertex 64.5027 24.776 0
      vertex 64.822 24.6249 1.5
      vertex 64.5027 24.776 1.5
    endloop
  endfacet
  facet normal -0.427746 -0.903899 -0
    outer loop
      vertex 64.822 24.6249 1.5
      vertex 64.5027 24.776 0
      vertex 64.822 24.6249 0
    endloop
  endfacet
  facet normal 0.998801 0.0489636 0
    outer loop
      vertex 59.5423 21.0971 1.5
      vertex 59.525 21.45 0
      vertex 59.525 21.45 1.5
    endloop
  endfacet
  facet normal 0.998801 0.0489636 0
    outer loop
      vertex 59.525 21.45 0
      vertex 59.5423 21.0971 1.5
      vertex 59.5423 21.0971 0
    endloop
  endfacet
  facet normal -0.242869 0.970059 0
    outer loop
      vertex 64.17 18.005 0
      vertex 63.8273 17.9192 1.5
      vertex 64.17 18.005 1.5
    endloop
  endfacet
  facet normal -0.242869 0.970059 0
    outer loop
      vertex 63.8273 17.9192 1.5
      vertex 64.17 18.005 0
      vertex 63.8273 17.9192 0
    endloop
  endfacet
  facet normal 0.242869 0.970059 -0
    outer loop
      vertex 62.4227 17.9192 0
      vertex 62.08 18.005 1.5
      vertex 62.4227 17.9192 1.5
    endloop
  endfacet
  facet normal 0.242869 0.970059 0
    outer loop
      vertex 62.08 18.005 1.5
      vertex 62.4227 17.9192 0
      vertex 62.08 18.005 0
    endloop
  endfacet
  facet normal -0.336785 -0.941582 0
    outer loop
      vertex 64.17 24.895 0
      vertex 64.5027 24.776 1.5
      vertex 64.17 24.895 1.5
    endloop
  endfacet
  facet normal -0.336785 -0.941582 -0
    outer loop
      vertex 64.5027 24.776 1.5
      vertex 64.17 24.895 0
      vertex 64.5027 24.776 0
    endloop
  endfacet
  facet normal 0.989147 0.146928 0
    outer loop
      vertex 59.5942 20.7477 1.5
      vertex 59.5423 21.0971 0
      vertex 59.5423 21.0971 1.5
    endloop
  endfacet
  facet normal 0.989147 0.146928 0
    outer loop
      vertex 59.5423 21.0971 0
      vertex 59.5942 20.7477 1.5
      vertex 59.5942 20.7477 0
    endloop
  endfacet
  facet normal 0.970059 0.242869 0
    outer loop
      vertex 59.68 20.405 1.5
      vertex 59.5942 20.7477 0
      vertex 59.5942 20.7477 1.5
    endloop
  endfacet
  facet normal 0.970059 0.242869 0
    outer loop
      vertex 59.5942 20.7477 0
      vertex 59.68 20.405 1.5
      vertex 59.68 20.405 0
    endloop
  endfacet
  facet normal -0.146928 0.989147 0
    outer loop
      vertex 63.8273 17.9192 0
      vertex 63.4779 17.8673 1.5
      vertex 63.8273 17.9192 1.5
    endloop
  endfacet
  facet normal -0.146928 0.989147 0
    outer loop
      vertex 63.4779 17.8673 1.5
      vertex 63.8273 17.9192 0
      vertex 63.4779 17.8673 0
    endloop
  endfacet
  facet normal 0.242869 -0.970059 0
    outer loop
      vertex 62.08 24.895 0
      vertex 62.4227 24.9808 1.5
      vertex 62.08 24.895 1.5
    endloop
  endfacet
  facet normal 0.242869 -0.970059 0
    outer loop
      vertex 62.4227 24.9808 1.5
      vertex 62.08 24.895 0
      vertex 62.4227 24.9808 0
    endloop
  endfacet
  facet normal -0.857817 -0.513955 0
    outer loop
      vertex 66.2999 23.147 0
      vertex 66.1183 23.4501 1.5
      vertex 66.1183 23.4501 0
    endloop
  endfacet
  facet normal -0.857817 -0.513955 0
    outer loop
      vertex 66.1183 23.4501 1.5
      vertex 66.2999 23.147 0
      vertex 66.2999 23.147 1.5
    endloop
  endfacet
  facet normal -0.903899 -0.427746 0
    outer loop
      vertex 66.451 22.8277 0
      vertex 66.2999 23.147 1.5
      vertex 66.2999 23.147 0
    endloop
  endfacet
  facet normal -0.903899 -0.427746 0
    outer loop
      vertex 66.2999 23.147 1.5
      vertex 66.451 22.8277 0
      vertex 66.451 22.8277 1.5
    endloop
  endfacet
  facet normal -0.941582 0.336785 0
    outer loop
      vertex 66.451 20.0723 0
      vertex 66.57 20.405 1.5
      vertex 66.57 20.405 0
    endloop
  endfacet
  facet normal -0.941582 0.336785 0
    outer loop
      vertex 66.57 20.405 1.5
      vertex 66.451 20.0723 0
      vertex 66.451 20.0723 1.5
    endloop
  endfacet
  facet normal 0.513955 0.857817 -0
    outer loop
      vertex 61.428 18.2751 0
      vertex 61.1249 18.4567 1.5
      vertex 61.428 18.2751 1.5
    endloop
  endfacet
  facet normal 0.513955 0.857817 0
    outer loop
      vertex 61.1249 18.4567 1.5
      vertex 61.428 18.2751 0
      vertex 61.1249 18.4567 0
    endloop
  endfacet
  facet normal -0.146928 -0.989147 0
    outer loop
      vertex 63.4779 25.0327 0
      vertex 63.8273 24.9808 1.5
      vertex 63.4779 25.0327 1.5
    endloop
  endfacet
  facet normal -0.146928 -0.989147 -0
    outer loop
      vertex 63.8273 24.9808 1.5
      vertex 63.4779 25.0327 0
      vertex 63.8273 24.9808 0
    endloop
  endfacet
  facet normal 0.336785 -0.941582 0
    outer loop
      vertex 61.7473 24.776 0
      vertex 62.08 24.895 1.5
      vertex 61.7473 24.776 1.5
    endloop
  endfacet
  facet normal 0.336785 -0.941582 0
    outer loop
      vertex 62.08 24.895 1.5
      vertex 61.7473 24.776 0
      vertex 62.08 24.895 0
    endloop
  endfacet
  facet normal 0.427746 0.903899 -0
    outer loop
      vertex 61.7473 18.124 0
      vertex 61.428 18.2751 1.5
      vertex 61.7473 18.124 1.5
    endloop
  endfacet
  facet normal 0.427746 0.903899 0
    outer loop
      vertex 61.428 18.2751 1.5
      vertex 61.7473 18.124 0
      vertex 61.428 18.2751 0
    endloop
  endfacet
  facet normal 0.427746 -0.903899 0
    outer loop
      vertex 61.428 24.6249 0
      vertex 61.7473 24.776 1.5
      vertex 61.428 24.6249 1.5
    endloop
  endfacet
  facet normal 0.427746 -0.903899 0
    outer loop
      vertex 61.7473 24.776 1.5
      vertex 61.428 24.6249 0
      vertex 61.7473 24.776 0
    endloop
  endfacet
  facet normal 0.59587 0.803081 -0
    outer loop
      vertex 61.1249 18.4567 0
      vertex 60.8412 18.6672 1.5
      vertex 61.1249 18.4567 1.5
    endloop
  endfacet
  facet normal 0.59587 0.803081 0
    outer loop
      vertex 60.8412 18.6672 1.5
      vertex 61.1249 18.4567 0
      vertex 60.8412 18.6672 0
    endloop
  endfacet
  facet normal 0.941582 0.336785 0
    outer loop
      vertex 59.799 20.0723 1.5
      vertex 59.68 20.405 0
      vertex 59.68 20.405 1.5
    endloop
  endfacet
  facet normal 0.941582 0.336785 0
    outer loop
      vertex 59.68 20.405 0
      vertex 59.799 20.0723 1.5
      vertex 59.799 20.0723 0
    endloop
  endfacet
  facet normal 0.903899 -0.427746 0
    outer loop
      vertex 59.799 22.8277 1.5
      vertex 59.9501 23.147 0
      vertex 59.9501 23.147 1.5
    endloop
  endfacet
  facet normal 0.903899 -0.427746 0
    outer loop
      vertex 59.9501 23.147 0
      vertex 59.799 22.8277 1.5
      vertex 59.799 22.8277 0
    endloop
  endfacet
  facet normal 0.970059 -0.242869 0
    outer loop
      vertex 59.5942 22.1523 1.5
      vertex 59.68 22.495 0
      vertex 59.68 22.495 1.5
    endloop
  endfacet
  facet normal 0.970059 -0.242869 0
    outer loop
      vertex 59.68 22.495 0
      vertex 59.5942 22.1523 1.5
      vertex 59.5942 22.1523 0
    endloop
  endfacet
  facet normal -0.989147 0.146928 0
    outer loop
      vertex 66.6558 20.7477 0
      vertex 66.7077 21.0971 1.5
      vertex 66.7077 21.0971 0
    endloop
  endfacet
  facet normal -0.989147 0.146928 0
    outer loop
      vertex 66.7077 21.0971 1.5
      vertex 66.6558 20.7477 0
      vertex 66.6558 20.7477 1.5
    endloop
  endfacet
  facet normal 0.903899 0.427746 0
    outer loop
      vertex 59.9501 19.753 1.5
      vertex 59.799 20.0723 0
      vertex 59.799 20.0723 1.5
    endloop
  endfacet
  facet normal 0.903899 0.427746 0
    outer loop
      vertex 59.799 20.0723 0
      vertex 59.9501 19.753 1.5
      vertex 59.9501 19.753 0
    endloop
  endfacet
  facet normal 0.146928 0.989147 -0
    outer loop
      vertex 62.7721 17.8673 0
      vertex 62.4227 17.9192 1.5
      vertex 62.7721 17.8673 1.5
    endloop
  endfacet
  facet normal 0.146928 0.989147 0
    outer loop
      vertex 62.4227 17.9192 1.5
      vertex 62.7721 17.8673 0
      vertex 62.4227 17.9192 0
    endloop
  endfacet
  facet normal 0.59587 -0.803081 0
    outer loop
      vertex 60.8412 24.2328 0
      vertex 61.1249 24.4433 1.5
      vertex 60.8412 24.2328 1.5
    endloop
  endfacet
  facet normal 0.59587 -0.803081 0
    outer loop
      vertex 61.1249 24.4433 1.5
      vertex 60.8412 24.2328 0
      vertex 61.1249 24.4433 0
    endloop
  endfacet
  facet normal -0.242869 -0.970059 0
    outer loop
      vertex 63.8273 24.9808 0
      vertex 64.17 24.895 1.5
      vertex 63.8273 24.9808 1.5
    endloop
  endfacet
  facet normal -0.242869 -0.970059 -0
    outer loop
      vertex 64.17 24.895 1.5
      vertex 63.8273 24.9808 0
      vertex 64.17 24.895 0
    endloop
  endfacet
  facet normal 0.941582 -0.336785 0
    outer loop
      vertex 59.68 22.495 1.5
      vertex 59.799 22.8277 0
      vertex 59.799 22.8277 1.5
    endloop
  endfacet
  facet normal 0.941582 -0.336785 0
    outer loop
      vertex 59.799 22.8277 0
      vertex 59.68 22.495 1.5
      vertex 59.68 22.495 0
    endloop
  endfacet
  facet normal 0.989147 -0.146928 0
    outer loop
      vertex 59.5423 21.8029 1.5
      vertex 59.5942 22.1523 0
      vertex 59.5942 22.1523 1.5
    endloop
  endfacet
  facet normal 0.989147 -0.146928 0
    outer loop
      vertex 59.5942 22.1523 0
      vertex 59.5423 21.8029 1.5
      vertex 59.5423 21.8029 0
    endloop
  endfacet
  facet normal 0.803081 0.59587 0
    outer loop
      vertex 60.3422 19.1662 1.5
      vertex 60.1317 19.4499 0
      vertex 60.1317 19.4499 1.5
    endloop
  endfacet
  facet normal 0.803081 0.59587 0
    outer loop
      vertex 60.1317 19.4499 0
      vertex 60.3422 19.1662 1.5
      vertex 60.3422 19.1662 0
    endloop
  endfacet
  facet normal -0.671432 0.741066 0
    outer loop
      vertex 65.6706 18.9044 0
      vertex 65.4088 18.6672 1.5
      vertex 65.6706 18.9044 1.5
    endloop
  endfacet
  facet normal -0.671432 0.741066 0
    outer loop
      vertex 65.4088 18.6672 1.5
      vertex 65.6706 18.9044 0
      vertex 65.4088 18.6672 0
    endloop
  endfacet
  facet normal -0.998801 0.0489636 0
    outer loop
      vertex 66.7077 21.0971 0
      vertex 66.725 21.45 1.5
      vertex 66.725 21.45 0
    endloop
  endfacet
  facet normal -0.998801 0.0489636 0
    outer loop
      vertex 66.725 21.45 1.5
      vertex 66.7077 21.0971 0
      vertex 66.7077 21.0971 1.5
    endloop
  endfacet
  facet normal 0.857817 -0.513955 0
    outer loop
      vertex 59.9501 23.147 1.5
      vertex 60.1317 23.4501 0
      vertex 60.1317 23.4501 1.5
    endloop
  endfacet
  facet normal 0.857817 -0.513955 0
    outer loop
      vertex 60.1317 23.4501 0
      vertex 59.9501 23.147 1.5
      vertex 59.9501 23.147 0
    endloop
  endfacet
  facet normal 0.0489636 0.998801 -0
    outer loop
      vertex 63.125 17.85 0
      vertex 62.7721 17.8673 1.5
      vertex 63.125 17.85 1.5
    endloop
  endfacet
  facet normal 0.0489636 0.998801 0
    outer loop
      vertex 62.7721 17.8673 1.5
      vertex 63.125 17.85 0
      vertex 62.7721 17.8673 0
    endloop
  endfacet
  facet normal -0.903899 0.427746 0
    outer loop
      vertex 66.2999 19.753 0
      vertex 66.451 20.0723 1.5
      vertex 66.451 20.0723 0
    endloop
  endfacet
  facet normal -0.903899 0.427746 0
    outer loop
      vertex 66.451 20.0723 1.5
      vertex 66.2999 19.753 0
      vertex 66.2999 19.753 1.5
    endloop
  endfacet
  facet normal -0.857817 0.513955 0
    outer loop
      vertex 66.1183 19.4499 0
      vertex 66.2999 19.753 1.5
      vertex 66.2999 19.753 0
    endloop
  endfacet
  facet normal -0.857817 0.513955 0
    outer loop
      vertex 66.2999 19.753 1.5
      vertex 66.1183 19.4499 0
      vertex 66.1183 19.4499 1.5
    endloop
  endfacet
  facet normal -0.59587 0.803081 0
    outer loop
      vertex 65.4088 18.6672 0
      vertex 65.1251 18.4567 1.5
      vertex 65.4088 18.6672 1.5
    endloop
  endfacet
  facet normal -0.59587 0.803081 0
    outer loop
      vertex 65.1251 18.4567 1.5
      vertex 65.4088 18.6672 0
      vertex 65.1251 18.4567 0
    endloop
  endfacet
  facet normal -0.513955 0.857817 0
    outer loop
      vertex 65.1251 18.4567 0
      vertex 64.822 18.2751 1.5
      vertex 65.1251 18.4567 1.5
    endloop
  endfacet
  facet normal -0.513955 0.857817 0
    outer loop
      vertex 64.822 18.2751 1.5
      vertex 65.1251 18.4567 0
      vertex 64.822 18.2751 0
    endloop
  endfacet
  facet normal -0.0489636 0.998801 0
    outer loop
      vertex 63.4779 17.8673 0
      vertex 63.125 17.85 1.5
      vertex 63.4779 17.8673 1.5
    endloop
  endfacet
  facet normal -0.0489636 0.998801 0
    outer loop
      vertex 63.125 17.85 1.5
      vertex 63.4779 17.8673 0
      vertex 63.125 17.85 0
    endloop
  endfacet
  facet normal 0.146928 -0.989147 0
    outer loop
      vertex 62.4227 24.9808 0
      vertex 62.7721 25.0327 1.5
      vertex 62.4227 24.9808 1.5
    endloop
  endfacet
  facet normal 0.146928 -0.989147 0
    outer loop
      vertex 62.7721 25.0327 1.5
      vertex 62.4227 24.9808 0
      vertex 62.7721 25.0327 0
    endloop
  endfacet
  facet normal 0.0489636 -0.998801 0
    outer loop
      vertex 62.7721 25.0327 0
      vertex 63.125 25.05 1.5
      vertex 62.7721 25.0327 1.5
    endloop
  endfacet
  facet normal 0.0489636 -0.998801 0
    outer loop
      vertex 63.125 25.05 1.5
      vertex 62.7721 25.0327 0
      vertex 63.125 25.05 0
    endloop
  endfacet
  facet normal -0.336785 0.941582 0
    outer loop
      vertex 64.5027 18.124 0
      vertex 64.17 18.005 1.5
      vertex 64.5027 18.124 1.5
    endloop
  endfacet
  facet normal -0.336785 0.941582 0
    outer loop
      vertex 64.17 18.005 1.5
      vertex 64.5027 18.124 0
      vertex 64.17 18.005 0
    endloop
  endfacet
  facet normal 0.513955 -0.857817 0
    outer loop
      vertex 61.1249 24.4433 0
      vertex 61.428 24.6249 1.5
      vertex 61.1249 24.4433 1.5
    endloop
  endfacet
  facet normal 0.513955 -0.857817 0
    outer loop
      vertex 61.428 24.6249 1.5
      vertex 61.1249 24.4433 0
      vertex 61.428 24.6249 0
    endloop
  endfacet
  facet normal 0.671432 -0.741066 0
    outer loop
      vertex 60.5794 23.9956 0
      vertex 60.8412 24.2328 1.5
      vertex 60.5794 23.9956 1.5
    endloop
  endfacet
  facet normal 0.671432 -0.741066 0
    outer loop
      vertex 60.8412 24.2328 1.5
      vertex 60.5794 23.9956 0
      vertex 60.8412 24.2328 0
    endloop
  endfacet
  facet normal -0.0489636 -0.998801 0
    outer loop
      vertex 63.125 25.05 0
      vertex 63.4779 25.0327 1.5
      vertex 63.125 25.05 1.5
    endloop
  endfacet
  facet normal -0.0489636 -0.998801 -0
    outer loop
      vertex 63.4779 25.0327 1.5
      vertex 63.125 25.05 0
      vertex 63.4779 25.0327 0
    endloop
  endfacet
  facet normal -0.741066 -0.671432 0
    outer loop
      vertex 65.9078 23.7338 0
      vertex 65.6706 23.9956 1.5
      vertex 65.6706 23.9956 0
    endloop
  endfacet
  facet normal -0.741066 -0.671432 0
    outer loop
      vertex 65.6706 23.9956 1.5
      vertex 65.9078 23.7338 0
      vertex 65.9078 23.7338 1.5
    endloop
  endfacet
  facet normal -0.59587 -0.803081 0
    outer loop
      vertex 65.1251 24.4433 0
      vertex 65.4088 24.2328 1.5
      vertex 65.1251 24.4433 1.5
    endloop
  endfacet
  facet normal -0.59587 -0.803081 -0
    outer loop
      vertex 65.4088 24.2328 1.5
      vertex 65.1251 24.4433 0
      vertex 65.4088 24.2328 0
    endloop
  endfacet
  facet normal 0.741066 0.671432 0
    outer loop
      vertex 60.5794 18.9044 1.5
      vertex 60.3422 19.1662 0
      vertex 60.3422 19.1662 1.5
    endloop
  endfacet
  facet normal 0.741066 0.671432 0
    outer loop
      vertex 60.3422 19.1662 0
      vertex 60.5794 18.9044 1.5
      vertex 60.5794 18.9044 0
    endloop
  endfacet
  facet normal 0.671432 0.741066 -0
    outer loop
      vertex 60.8412 18.6672 0
      vertex 60.5794 18.9044 1.5
      vertex 60.8412 18.6672 1.5
    endloop
  endfacet
  facet normal 0.671432 0.741066 0
    outer loop
      vertex 60.5794 18.9044 1.5
      vertex 60.8412 18.6672 0
      vertex 60.5794 18.9044 0
    endloop
  endfacet
  facet normal 0.741066 -0.671432 0
    outer loop
      vertex 60.3422 23.7338 1.5
      vertex 60.5794 23.9956 0
      vertex 60.5794 23.9956 1.5
    endloop
  endfacet
  facet normal 0.741066 -0.671432 0
    outer loop
      vertex 60.5794 23.9956 0
      vertex 60.3422 23.7338 1.5
      vertex 60.3422 23.7338 0
    endloop
  endfacet
  facet normal 0.803081 -0.59587 0
    outer loop
      vertex 60.1317 23.4501 1.5
      vertex 60.3422 23.7338 0
      vertex 60.3422 23.7338 1.5
    endloop
  endfacet
  facet normal 0.803081 -0.59587 0
    outer loop
      vertex 60.3422 23.7338 0
      vertex 60.1317 23.4501 1.5
      vertex 60.1317 23.4501 0
    endloop
  endfacet
  facet normal -0.941582 -0.336785 0
    outer loop
      vertex 66.57 22.495 0
      vertex 66.451 22.8277 1.5
      vertex 66.451 22.8277 0
    endloop
  endfacet
  facet normal -0.941582 -0.336785 0
    outer loop
      vertex 66.451 22.8277 1.5
      vertex 66.57 22.495 0
      vertex 66.57 22.495 1.5
    endloop
  endfacet
  facet normal -0.803081 -0.59587 0
    outer loop
      vertex 66.1183 23.4501 0
      vertex 65.9078 23.7338 1.5
      vertex 65.9078 23.7338 0
    endloop
  endfacet
  facet normal -0.803081 -0.59587 0
    outer loop
      vertex 65.9078 23.7338 1.5
      vertex 66.1183 23.4501 0
      vertex 66.1183 23.4501 1.5
    endloop
  endfacet
  facet normal -0.970059 -0.242869 0
    outer loop
      vertex 66.6558 22.1523 0
      vertex 66.57 22.495 1.5
      vertex 66.57 22.495 0
    endloop
  endfacet
  facet normal -0.970059 -0.242869 0
    outer loop
      vertex 66.57 22.495 1.5
      vertex 66.6558 22.1523 0
      vertex 66.6558 22.1523 1.5
    endloop
  endfacet
endsolid OpenSCAD_Model
